Specified Values,Specified Attribute Names,Class,Fitness,Accuracy,Numerosity,Avg Match Set Size,TimeStamp GA,Iteration Initialized,Specificity,Deletion Probability,Correct Count,Match Count
"[-22.04,50.04], 0.0, [-1655.075,1719.075], [-350.925,352.925], [-0.020875000000000005,0.276875], 1.0, 1.0, [-20.0,20.0], 1.0, 0.0, 0.0, 1.0, 0.0, [2.6254859573316383,5.116916064484144], [0.6825163444930915,4.595598314737425], [-0.39871640020833676,4.290536698318963], [-1.934799974603767,3.3210943357236578]","DomainLength, NoOfSubDomain, NoOfLettersInURL, NoOfDegitsInURL, SpacialCharRatioInURL, IsHTTPS, HasTitle, DomainTitleMatchScore, IsResponsive, HasDescription, HasSubmitButton, Pay, HasCopyrightInfo, URLLength_log, NoOfImage_log, NoOfJS_log, NoOfExternalRef_log",0.0,1.0,1.0,1,68.95776000000001,39718,29,0.5,0.00043305486929125773,10,10
"[4.630000000000001,35.37], [0.81,1.19], [0.5540958937162401,0.6980809785], 1.0, [-0.12654,0.12654], [-66.36500000000001,68.36500000000001], [-0.07817500000000001,0.140175], [67.5,132.5], 0.0, 1.0, 1.0, 1.0, [5.594284332550198,13.5591518502024], [2.532953546008243,5.445014547120306], [-1.7326859013310882,3.929910478667308]","DomainLength, CharContinuationRate, TLDLegitimateProb, NoOfSubDomain, DegitRatioInURL, NoOfOtherSpecialCharsInURL, SpacialCharRatioInURL, DomainTitleMatchScore, Robots, IsResponsive, HasDescription, HasCopyrightInfo, LargestLineLength_log, NoOfImage_log, NoOfCSS_log",1.0,0.1,1.0,1,1.864,82,82,0.4411764705882353,1.1705923689500708e-05,0,0
"[0.6799999999999999,1.32], [0.0541909155,0.0820105945], 1.0, [0.29676,0.74124], [-0.19494000000000003,0.19494000000000003], [-66.36500000000001,68.36500000000001], [0.09727674432322445,0.10250500000000001], [71.5,128.5], 1.0, 1.0, 0.0, 1.0, [5.796817948562838,8.891327752583294], [5.543770350460761,14.570620203799926], [0.3875015908410351,5.028598811363385], [3.309485384408304,8.868604366485389]","CharContinuationRate, URLCharProb, NoOfSubDomain, LetterRatioInURL, DegitRatioInURL, NoOfOtherSpecialCharsInURL, SpacialCharRatioInURL, URLTitleMatchScore, HasFavicon, IsResponsive, HasDescription, HasCopyrightInfo, LineOfCode_log, LargestLineLength_log, NoOfImage_log, NoOfExternalRef_log",1.0,0.1,1.0,1,1.25,104,104,0.47058823529411764,7.850002474182342e-06,0,0
"[25.14,90.86], [-0.1173234975,0.1179846975], [0.023154115000000003,0.050076385], 3.0, [0.36105,0.9629500000000001], [-58.36500000000001,76.36500000000001], 1.0, 1.0, 0.0, 1.0, 0.0, 0.0, 0.0, [3.2236895299083805,5.41128669716424], [0.383766252445243,9.191217233118849], [-1.0358890388503417,2.4221833999702325], [-2.493632788138269,5.266221510378051], [-2.919723627384923,2.919723627384923], [-2.830096936330152,2.830096936330152]","DomainLength, TLDLegitimateProb, URLCharProb, NoOfSubDomain, LetterRatioInURL, NoOfOtherSpecialCharsInURL, HasTitle, IsResponsive, HasDescription, HasSocialNet, HasSubmitButton, HasHiddenFields, HasCopyrightInfo, URLLength_log, LineOfCode_log, NoOfImage_log, NoOfCSS_log, NoOfJS_log, NoOfExternalRef_log",0.0,1.0,1.0,1,18.0,31429,181,0.5588235294117647,0.00011304003562822571,3,3
"[0.675,1.325], [0.43139835749999994,0.6144158424999999], [-1079.11,1101.11], [0.22169,0.5643100000000001], [0.023299999999999974,0.2627], [-0.015610000000000006,0.08761], 1.0, [-22.5,22.5], 1.0, 1.0, 0.0, [-288.36,288.36], 0.0, 0.0, 1.0, [4.5003755202579505,13.792720957518856], [0.08892592150860534,3.129949903359595], [0.42037412909271255,3.1631448093633976], [0.8325550707615212,8.211022083336559]","CharContinuationRate, TLDLegitimateProb, NoOfLettersInURL, LetterRatioInURL, DegitRatioInURL, SpacialCharRatioInURL, IsHTTPS, URLTitleMatchScore, Robots, IsResponsive, HasDescription, NoOfiFrame, HasSocialNet, HasHiddenFields, Pay, LargestLineLength_log, NoOfCSS_log, NoOfJS_log, NoOfExternalRef_log",1.0,1.0,1.0,1,1.0,348,348,0.5588235294117647,6.280001979345873e-06,1,1
"[-0.0949214105,0.1717612105], [0.046756985,0.073679255], [-583.1899999999999,583.1899999999999], [-0.16758,0.16758], [30.200900640833282,106.78999999999999], [-0.03116000000000002,0.19116000000000002], 1.0, 1.0, [78.0,122.0], [85.5,114.5], 0.0, 0.0, 0.0, 1.0, 1.0, 0.0, [1.8604650144969057,4.655728061546059], [3.376289699762146,9.565309307803059], [0.8996511028609899,4.8810924129313396], [3.0248390559606366,6.663535116956545]","TLDLegitimateProb, URLCharProb, NoOfDegitsInURL, DegitRatioInURL, NoOfOtherSpecialCharsInURL, SpacialCharRatioInURL, IsHTTPS, HasTitle, DomainTitleMatchScore, URLTitleMatchScore, HasFavicon, HasDescription, HasSocialNet, HasSubmitButton, HasHiddenFields, Pay, URLLength_log, LineOfCode_log, NoOfJS_log, NoOfExternalRef_log",1.0,0.1,1.0,1,5.0,394,394,0.5882352941176471,3.140000989672937e-05,0,0
"[-528.0250000000001,578.0250000000001], [-185.125,185.63], [-0.033100000000000004,0.2051], 0.0, 0.0, 0.0, 1.0","NoOfDegitsInURL, NoOfOtherSpecialCharsInURL, SpacialCharRatioInURL, IsHTTPS, HasFavicon, Pay, HasCopyrightInfo",0.0,1.0,1.0,2,96.56624486501985,39928,7353,0.20588235294117646,0.0012128724177806458,231,231
"[-318.76,324.76], [-75.345,79.345], 0.0, [-2.71001516243399,4.550180916229388], [-2.1457260568569807,1.638034313125535], [-3.932358597221108,3.932358597221108]","NoOfDegitsInURL, NoOfOtherSpecialCharsInURL, HasSocialNet, LineOfCode_log, NoOfImage_log, NoOfCSS_log",0.0,1.0,1.0,1,192.29916223976656,39993,16786,0.17647058823529413,0.001187698797923883,7287,7287
"[-14.030000000000001,40.03], [-0.021025941168869522,0.0868247105], [-143.70999999999998,151.7], 1.0, [83.0,132.5], 0.0, 1.0, 0.0, 0.0, [4.645162333090265,15.806130486857757], [2.0009829734483553,5.823063037407937], [-2.4142947248494133,4.611519302185633], [-2.2924245839522714,2.2924245839522714], [-1.104290005110686,1.104290005110686]","DomainLength, URLCharProb, NoOfOtherSpecialCharsInURL, IsHTTPS, URLTitleMatchScore, Robots, HasDescription, HasSocialNet, Pay, LineOfCode_log, NoOfImage_log, NoOfCSS_log, NoOfSelfRef_log, NoOfEmptyRef_log",1.0,1.0,1.0,3,109.72799827611823,39749,18817,0.4117647058823529,0.002067276139091049,77,77
"[0.028062795499999998,0.05154180377699835], 1.0, [-669.7850000000001,731.7850000000001], [-426.365,438.365], [-352.52512190696683,185.63], [-22.0,42.73210502294395], [-37.0,37.0], 0.0, 0.0, [1.886407014911672,6.562591763534959], [-0.8109528699110756,2.1972472310309663], [-4.288690978366612,3.20939441753318], [0.46267521481915685,2.756200610049044], [-1.02512595935479,3.8836229505565436]","URLCharProb, NoOfSubDomain, NoOfLettersInURL, NoOfDegitsInURL, NoOfOtherSpecialCharsInURL, DomainTitleMatchScore, URLTitleMatchScore, HasSocialNet, HasCopyrightInfo, LineOfCode_log, NoOfJS_log, NoOfSelfRef_log, NoOfEmptyRef_log, NoOfExternalRef_log",0.0,1.0,1.0,1,97.81840107896832,39816,21121,0.4117647058823529,0.0006142997523923696,18,18
"[-1784.8950000000002,1796.8950000000002], [0.46573,0.73427], [-352.52512190696683,185.63], [-0.007055000000000006,0.23219], 0.0, 1.0, 0.0, [-408.51,408.51], 1.0, 0.0, [-3.20939441753318,3.20939441753318]","NoOfLettersInURL, LetterRatioInURL, NoOfOtherSpecialCharsInURL, SpacialCharRatioInURL, IsHTTPS, HasTitle, Robots, NoOfiFrame, HasSocialNet, HasCopyrightInfo, NoOfSelfRef_log",0.0,1.0,1.0,1,46.96,39554,21657,0.3235294117647059,0.0002949088929500822,7,7
"[-1085.5700000000002,1717.5700000000002], [0.3615400000000001,0.75046], [0.01403999999999997,0.27396], 0.0, 0.0, 0.0, 1.0, [-0.7977513897141562,3.5703401119539375]","NoOfLettersInURL, LetterRatioInURL, DegitRatioInURL, IsHTTPS, HasFavicon, HasSocialNet, HasHiddenFields, NoOfImage_log",0.0,1.0,1.0,2,86.25821820564404,39928,23333,0.23529411764705882,0.0010834035621325856,52,52
"[-1616.03,3098.7495486884895], [0.3797899999999999,1.00021], [-0.14706,0.14706], [-68.85,189.125], [0.004240445410171096,0.23219], 0.0, 1.0, 1.0, [2.6077134802448567,4.912135797637768]","NoOfLettersInURL, LetterRatioInURL, DegitRatioInURL, NoOfOtherSpecialCharsInURL, SpacialCharRatioInURL, IsHTTPS, HasTitle, HasCopyrightInfo, URLLength_log",0.0,1.0,1.0,2,87.90673122292696,39709,23765,0.2647058823529412,0.001104108892155614,108,108
"[-0.008570785572245592,0.07556096017007741], [-68.85,189.125], 0.0, 1.0, [2.6077134802448567,6.3778617307752015], [-2.502552422830679,3.5703401119539375], [-3.0524383377206012,3.0524383377206012]","URLCharProb, NoOfOtherSpecialCharsInURL, IsHTTPS, HasDescription, URLLength_log, NoOfImage_log, NoOfJS_log",0.0,1.0,1.0,2,84.91910904104063,39928,23921,0.20588235294117646,0.0010665843457240464,121,121
"[-15.159999999999997,80.16], 0.0, [-576.72,448.56000000000006], 0.0, [-2.71001516243399,4.550180916229388], [-3.932358597221108,3.932358597221108], [-1.2386706297996644,1.2386706297996644], [-1.9358252042263626,1.375454750371363], [-2.335998087734144,2.208580010221372]","DomainLength, Robots, NoOfiFrame, HasSocialNet, LineOfCode_log, NoOfCSS_log, NoOfJS_log, NoOfSelfRef_log, NoOfEmptyRef_log",0.0,1.0,1.0,2,190.11426185984246,39977,24867,0.2647058823529412,0.002341094649071274,4404,4404
"[-5.02,31.02], 2.0, [0.29335,0.60465], [-623.41,898.5964547215442], [-0.23598000000000005,0.23598000000000005], [-80.33500000000001,84.33500000000001], 1.0, [-535.6700000000001,428.53000000000003], 0.0, [-1.4391259481050904,4.658001772973291], [-1.9284252175874599,4.504705907437867], [-0.6909504000509903,6.443249586077761], [1.8732927545424958,8.619495375896841]","DomainLength, NoOfSubDomain, LetterRatioInURL, NoOfDegitsInURL, DegitRatioInURL, NoOfOtherSpecialCharsInURL, IsHTTPS, NoOfiFrame, HasSocialNet, NoOfImage_log, NoOfCSS_log, NoOfJS_log, NoOfExternalRef_log",1.0,1.0,1.0,1,108.40539754514472,39881,25261,0.38235294117647056,0.0006807861111552851,181,181
"[-0.14314000000000004,0.4444898127822796], 0.0, 0.0, 0.0, [-0.6111192575656126,3.409627694517881], [-3.20939441753318,1.375454750371363], [1.493760564539826,2.208580010221372]","DegitRatioInURL, Robots, HasDescription, HasCopyrightInfo, LineOfCode_log, NoOfSelfRef_log, NoOfEmptyRef_log",0.0,0.1,1.0,1,169.96089882842597,25905,25905,0.20588235294117646,0.0010673547810539188,0,0
"[0.41198,0.62402], 0.0, [-23.5,23.5], [-2.6490239636781805,3.20939441753318]","DegitRatioInURL, IsHTTPS, URLTitleMatchScore, NoOfSelfRef_log",0.0,1.0,1.0,1,106.232436224,39441,26058,0.11764705882352941,0.0006671399097574542,13,13
"[0.32468673781725566,1.1752815479305077], [-0.0701657585,0.0710191585], [-563.08,563.08], [-0.23598000000000005,0.12654], [-173.65,70.86000000000001], 1.0, 1.0, [2.3162144243418763,4.21332003587548], [4.645162333090265,15.806130486857757], [-0.1553791898318262,5.821805877944259], [2.5550019409036584,7.236939336887557]","CharContinuationRate, TLDLegitimateProb, NoOfDegitsInURL, DegitRatioInURL, NoOfOtherSpecialCharsInURL, IsHTTPS, HasSocialNet, URLLength_log, LineOfCode_log, NoOfCSS_log, NoOfExternalRef_log",1.0,0.9949571459383575,0.998989388580091,1,128.81146969989243,39982,26628,0.3235294117647059,0.0008089362846777754,1977,1979
"[5.98,50.33], 1.0, [-623.41,898.5964547215442], [-0.051295000000000014,0.13529500000000003], 1.0, [-504.63,514.64], [4.081510589787327,13.774232089941453], [1.8819626859433654,7.473278518347058]","DomainLength, NoOfSubDomain, NoOfDegitsInURL, SpacialCharRatioInURL, IsHTTPS, NoOfiFrame, LargestLineLength_log, NoOfSelfRef_log",1.0,0.9967051099503719,0.999340151765094,1,164.08824188354734,39995,26650,0.23529411764705882,0.0009631030023389281,6058,6062
"[-0.092596543,0.252522143], [0.046469346999999994,0.0732076055], [0.29335,0.60465], [-0.21888000000000002,0.23598000000000005], [2.1712576019268566,8.455972923936761]","TLDLegitimateProb, URLCharProb, LetterRatioInURL, DegitRatioInURL, NoOfSelfRef_log",1.0,0.9925261919686297,0.9985007496251874,1,147.19870494426814,39997,27120,0.14705882352941177,0.0009244081584071531,2664,2668
"[0.14932,0.2737694044804462], [-378.09000000000003,898.5964547215442], 1.0, 1.0, [4.645162333090265,12.049288346599742], [4.081510589787327,10.277800097262558]","LetterRatioInURL, NoOfDegitsInURL, IsHTTPS, Robots, LineOfCode_log, LargestLineLength_log",1.0,1.0,1.0,1,130.08937836307308,39982,27157,0.17647058823529413,0.0008169615536119732,53,53
"[-14.329999999999998,50.33], [-0.1054741555,0.10610441999999999], [0.03144440749999999,0.0790070845], [-0.09918,0.12654], [-131.235,133.235], 1.0, 1.0, 0.0, [5.445730577466069,13.774232089941453], [-0.6656183156471571,6.62772158459763], [1.2859169356868811,8.299671969071387], [-2.249586536350714,1.1467626976149434]","DomainLength, TLDLegitimateProb, URLCharProb, DegitRatioInURL, NoOfOtherSpecialCharsInURL, IsHTTPS, HasTitle, HasFavicon, LargestLineLength_log, NoOfImage_log, NoOfSelfRef_log, NoOfEmptyRef_log",1.0,0.956338686851991,0.9911111111111112,1,137.10818419456083,39953,27696,0.35294117647058826,0.0008610396681263606,892,900
"[0.5083333329999999,1.158333333], [-1051.155,1711.075], 1.0, [-448.56000000000006,428.53000000000003], 1.0","CharContinuationRate, NoOfLettersInURL, IsHTTPS, NoOfiFrame, HasSocialNet",1.0,0.9875179882261008,0.9974910394265233,1,168.7002586084166,39997,27846,0.14705882352941177,0.0009993073450401222,5566,5580
"[-14.329999999999998,31.02], 2.0, [0.29335,0.60465], [-623.41,898.5964547215442], 1.0, [-36.0,36.0], 1.0, 1.0, [-535.6700000000001,428.53000000000003], 0.0, 1.0, [1.3686485880772121,4.658001772973291], [-1.9284252175874599,4.504705907437867]","DomainLength, NoOfSubDomain, LetterRatioInURL, NoOfDegitsInURL, IsHTTPS, DomainTitleMatchScore, IsResponsive, HasDescription, NoOfiFrame, HasSocialNet, HasCopyrightInfo, NoOfImage_log, NoOfCSS_log",1.0,1.0,1.0,1,114.84032199599832,39881,28001,0.38235294117647056,0.0007211974494435869,50,50
"1.0, [0.040614999999999984,0.224385], 1.0, 1.0, 1.0, 0.0, 0.0, 1.0, 0.0, [-0.234835399554703,6.226299946662685], [-4.288690978366612,3.2571675010367565], [-4.17507967446954,2.7182523202724584], [-2.1225727022476137,7.41437213400603]","NoOfSubDomain, SpacialCharRatioInURL, IsHTTPS, HasTitle, IsResponsive, HasDescription, HasSubmitButton, Pay, HasCopyrightInfo, NoOfImage_log, NoOfSelfRef_log, NoOfEmptyRef_log, NoOfExternalRef_log",0.0,1.0,1.0,1,119.37407816646983,39896,28171,0.38235294117647056,0.0007496694471680195,103,103
"[0.0386641413272556,0.089445659], [-33.5,33.5], 0.0, [1.1119680461947792,4.879496500913202], [-2.3529563388931676,4.8615066617032685], [-3.20939441753318,3.20939441753318]","URLCharProb, DomainTitleMatchScore, Robots, URLLength_log, LineOfCode_log, NoOfSelfRef_log",0.0,0.9960521170522298,0.9992091735863978,1,188.68116798388291,39993,28206,0.17647058823529413,0.001159297534063619,2527,2529
"[-0.16416,0.16416], [-33.5,42.73210502294395], 1.0, 0.0, 1.0, 1.0, 0.0, 0.0, [2.842960927443505,5.422667445280858], [-2.5691409501844573,3.932358597221108], [-1.5792258245004538,1.5792258245004538], [-3.1854519378192867,3.1854519378192867]","DegitRatioInURL, DomainTitleMatchScore, IsResponsive, HasDescription, HasSubmitButton, HasHiddenFields, Pay, HasCopyrightInfo, URLLength_log, NoOfCSS_log, NoOfSelfRef_log, NoOfEmptyRef_log",0.0,1.0,1.0,1,108.82872153085522,39478,28555,0.35294117647058826,0.0006834445866234516,52,52
"[-1328.66,1810.03], [-0.08721912118904873,0.9982500000000001], 0.0, 0.0, [-1.2386706297996644,1.2386706297996644], [-1.6564350076660292,1.4015988526404863]","NoOfLettersInURL, LetterRatioInURL, IsHTTPS, HasSocialNet, NoOfJS_log, NoOfEmptyRef_log",0.0,1.0,1.0,1,189.69164747204772,39977,28603,0.17647058823529413,0.001167229800545823,2307,2307
"[-318.76,324.76], [-0.07108000000000003,0.31514000000000003], [-69.84,89.84], [-0.025597030191052583,0.209175], 1.0, 1.0, [-33.5,35.0], 0.0, 0.0, [-328.41,328.41], 0.0, 1.0, 1.0, [-2.71001516243399,4.8615066617032685], [-0.05283158698519985,6.044296134093182], [-0.8682579012868781,3.932358597221108], [-4.288690978366612,2.221430236528126]","NoOfDegitsInURL, DegitRatioInURL, NoOfOtherSpecialCharsInURL, SpacialCharRatioInURL, IsHTTPS, HasTitle, DomainTitleMatchScore, Robots, HasDescription, NoOfiFrame, HasSocialNet, Pay, HasCopyrightInfo, LineOfCode_log, NoOfImage_log, NoOfCSS_log, NoOfSelfRef_log",0.0,1.0,1.0,1,66.66666666666667,38480,28829,0.5,0.00041866679862305825,3,3
"[3.1599999999999984,32.84], [0.6799999999999999,1.32], [-1207.885,1177.9750000000001], [0.23608999999999997,0.7639100000000001], [-0.006324999999999997,0.112475], 1.0, 1.0, [83.0,115.0], 0.0, 1.0, [-1314.4337642041348,537.6700000000001], 0.0, 0.0, 0.0, 1.0, [1.4120726386451175,5.3656509976038045], [4.645162333090265,12.049288346599742], [4.810816696312609,13.145102511196534], [-0.6656183156471571,2.6086818469591155], [-0.14713490514514183,5.692312349624704], [2.3127456020358204,7.555342113236411]","DomainLength, CharContinuationRate, NoOfLettersInURL, LetterRatioInURL, SpacialCharRatioInURL, IsHTTPS, HasTitle, DomainTitleMatchScore, Robots, IsResponsive, NoOfiFrame, HasSocialNet, HasSubmitButton, HasHiddenFields, HasCopyrightInfo, URLLength_log, LineOfCode_log, LargestLineLength_log, NoOfImage_log, NoOfJS_log, NoOfSelfRef_log",1.0,1.0,1.0,1,136.44233163039752,39717,28911,0.6176470588235294,0.0008568581127054624,52,52
"[0.23608999999999997,0.7639100000000001], [-0.14446905303960045,0.23598000000000005], 1.0, [-19.0,19.0], [1.062667672201437,4.544070560803571], [2.1712576019268566,7.610443003536902], [2.2668617118816967,8.735654709207758]","LetterRatioInURL, DegitRatioInURL, IsHTTPS, URLTitleMatchScore, NoOfJS_log, NoOfSelfRef_log, NoOfExternalRef_log",1.0,1.0,1.0,2,125.68323618525916,39997,29010,0.20588235294117646,0.0015785819440280449,1273,1273
"[0.3615400000000001,0.75046], [0.01403999999999997,0.27396], 1.0, [-28.999999999999996,30.5], 0.0, 0.0, 1.0, [3.715888399230118,6.997284150113907], [1.5142216949995873,8.815350252847441], [-2.491919539406373,3.878213900526264], [-1.5290169301532577,2.463416165246915]","LetterRatioInURL, DegitRatioInURL, HasTitle, URLTitleMatchScore, Robots, HasSocialNet, HasHiddenFields, URLLength_log, LargestLineLength_log, NoOfImage_log, NoOfEmptyRef_log",0.0,1.0,1.0,2,96.22717387280356,39872,29152,0.3235294117647059,0.0012086136847761317,33,33
"[0.028062795499999998,0.067901117], [-0.07391999999999999,0.23219], 0.0, [-33.0,33.0], 0.0, [-352.44,528.66], 1.0, [-0.8476135572542025,3.230567673108694], [0.19705897100069003,2.575529751239091]","URLCharProb, SpacialCharRatioInURL, IsHTTPS, DomainTitleMatchScore, Robots, NoOfiFrame, HasCopyrightInfo, NoOfImage_log, NoOfEmptyRef_log",0.0,1.0,1.0,1,66.0,34700,29157,0.2647058823529412,0.00041448013063682764,5,5
"[0.23642857099999998,0.906428571], [-0.1054741555,0.10891775549999999], [-0.021025941168869522,0.0995336285], [-1576.2549999999999,1590.2549999999999], [0.29335,0.567602456933953], [-0.09918,0.12654], [-0.051295000000000014,0.151235], 1.0, 1.0, 1.0, 1.0, [1.8232874343984244,5.715614004968851], [1.062667672201437,4.544070560803571]","CharContinuationRate, TLDLegitimateProb, URLCharProb, NoOfLettersInURL, LetterRatioInURL, DegitRatioInURL, SpacialCharRatioInURL, IsHTTPS, HasTitle, HasDescription, HasSocialNet, NoOfImage_log, NoOfJS_log",1.0,1.0,1.0,1,127.90056584415163,39911,29230,0.38235294117647056,0.0008032158066607293,511,511
"[0.046469346999999994,0.0732076055], 2.0, [0.29335,0.60465], [-0.21888000000000002,0.09918], 1.0, 0.0, [-1.8097432033809087,12.049288346599742], [-1.9284252175874599,4.504705907437867], [-0.6909504000509903,6.443249586077761], [3.8589328504135847,8.455972923936761]","URLCharProb, NoOfSubDomain, LetterRatioInURL, DegitRatioInURL, IsResponsive, HasSocialNet, LineOfCode_log, NoOfCSS_log, NoOfJS_log, NoOfSelfRef_log",1.0,1.0,1.0,1,109.53627367224814,39881,29644,0.29411764705882354,0.0006878880154718896,61,61
"[0.0160783535,0.0618462125], [0.3615400000000001,0.75046], [0.01403999999999997,0.27396], 1.0, 1.0, [-28.999999999999996,30.5], 0.0, 1.0, 0.0, 1.0, [3.715888399230118,6.997284150113907], [1.5142216949995873,8.815350252847441], [-2.491919539406373,3.878213900526264], [-1.4315860694168896,4.65046189428509], [-1.5290169301532577,2.463416165246915]","URLCharProb, LetterRatioInURL, DegitRatioInURL, IsHTTPS, HasTitle, URLTitleMatchScore, Robots, HasDescription, HasSocialNet, HasHiddenFields, URLLength_log, LargestLineLength_log, NoOfImage_log, NoOfCSS_log, NoOfEmptyRef_log",0.0,1.0,1.0,1,36.0,35745,29979,0.4411764705882353,0.00022608007125645143,2,2
"[0.028062795499999998,0.056590232254901625], 1.0, [-782.605,826.605], [0.05971999999999997,0.4444898127822796], [-136.72000000000003,142.72000000000003], 1.0, [-37.0,37.0], 1.0, 0.0, 0.0, [1.5316655808477422,5.422667445280858], [2.3327628505051305,8.878841282086865], [-2.5691409501844573,3.955435311304348]","URLCharProb, NoOfSubDomain, NoOfLettersInURL, DegitRatioInURL, NoOfOtherSpecialCharsInURL, HasTitle, URLTitleMatchScore, IsResponsive, HasDescription, HasCopyrightInfo, URLLength_log, LineOfCode_log, NoOfCSS_log",0.0,1.0,1.0,1,151.1462096095531,39993,30019,0.38235294117647056,0.0009491984955186197,286,286
"[12.75,50.5], [0.6799999999999999,1.22], 1.0, [74.0,102.0], 0.0, [4.081510589787327,13.904847194891712], [1.2859169356868811,7.610443003536902], [-3.1854519378192867,4.085284864457941]","DomainLength, CharContinuationRate, IsHTTPS, DomainTitleMatchScore, HasDescription, LargestLineLength_log, NoOfSelfRef_log, NoOfEmptyRef_log",1.0,0.9826191954765258,0.9964994165694282,1,157.57556184724288,39866,30208,0.23529411764705882,0.0009895748402972233,854,857
"[-1051.155,1077.155], [-0.07817500000000001,0.11946], 1.0, 1.0, [-19.0,19.0], 0.0, 1.0, 1.0, [-1.4097025205733658,5.301522818683992], [1.062667672201437,4.544070560803571]","NoOfLettersInURL, SpacialCharRatioInURL, IsHTTPS, HasTitle, URLTitleMatchScore, IsResponsive, HasSocialNet, HasCopyrightInfo, NoOfCSS_log, NoOfJS_log",1.0,1.0,1.0,1,118.91293637152395,39745,30252,0.29411764705882354,0.0007467734757830003,101,101
"[5.899999999999999,80.1], [0.028062795499999998,0.067901117], [-68.85,189.125], 0.0, [-33.0,35.0], 0.0, [-352.44,528.66], 0.0, 1.0, [-0.8476135572542025,3.230567673108694]","DomainLength, URLCharProb, NoOfOtherSpecialCharsInURL, IsHTTPS, DomainTitleMatchScore, Robots, NoOfiFrame, HasSocialNet, HasCopyrightInfo, NoOfImage_log",0.0,1.0,1.0,1,86.06670641828956,39928,30441,0.29411764705882354,0.0005404990866626386,61,61
"[0.360805899,0.6850083009999999], 1.0, [-426.365,905.8300766453531], 1.0, [-22.0,20.0], [-37.0,37.0], 0.0, 0.0, 1.0, 0.0, [2.842960927443505,5.422667445280858], [6.4363220010882705,13.339207183053514], [-0.05283158698519985,10.454789159724426], [-2.0865407593881695,2.4331030228207693], [-4.288690978366612,2.221430236528126]","TLDLegitimateProb, NoOfSubDomain, NoOfDegitsInURL, IsHTTPS, DomainTitleMatchScore, URLTitleMatchScore, Robots, HasDescription, Pay, HasCopyrightInfo, URLLength_log, LargestLineLength_log, NoOfImage_log, NoOfJS_log, NoOfSelfRef_log",0.0,1.0,1.0,1,122.57551344548082,39896,30511,0.4411764705882353,0.0007697744670569562,83,83
"[0.28741999999999995,1.072706952383665], 0.0, [-0.8365388505702094,4.8615066617032685], [-8.245371785313402,3.5703401119539375], [-2.411846606295613,2.411846606295613], [-2.1395962783554534,1.375454750371363], [-1.6564350076660292,3.1854519378192867]","LetterRatioInURL, HasSocialNet, LineOfCode_log, NoOfImage_log, NoOfCSS_log, NoOfSelfRef_log, NoOfEmptyRef_log",0.0,0.9920255590727572,0.9984,1,194.79918781650616,39993,30590,0.20588235294117646,0.001207324004886808,3120,3125
"[0.29335,0.60465], [-0.12654,0.23598000000000005], [-131.235,133.235], [-0.07817500000000001,0.13529500000000003], 1.0, [-1.8097432033809087,11.229952500188748], [3.8589328504135847,7.323041110608129]","LetterRatioInURL, DegitRatioInURL, NoOfOtherSpecialCharsInURL, SpacialCharRatioInURL, HasTitle, LineOfCode_log, NoOfSelfRef_log",1.0,0.9984582179930838,0.9996914532551682,1,167.3693115633278,39997,30687,0.20588235294117646,0.0009888594074431696,3240,3241
"[-0.14446905303960045,0.17442000000000002], 1.0, 1.0, [-19.0,19.0], 1.0, [-587.74,597.74], [5.314761185516479,13.774232089941453], [1.989102613732646,8.455972923936761], [-1.9352187666444407,8.735654709207758]","DegitRatioInURL, IsHTTPS, HasTitle, URLTitleMatchScore, Robots, NoOfiFrame, LargestLineLength_log, NoOfSelfRef_log, NoOfExternalRef_log",1.0,0.9900794435783334,0.99800796812749,1,132.39575706150148,39970,30817,0.2647058823529412,0.0008314456164032247,501,502
"[0.32468673781725566,1.255], [0.43401289299999996,0.6118013069999999], 1.0, [0.23608999999999997,0.7639100000000001], [-0.14446905303960045,0.23598000000000005], 1.0, 1.0, 0.0, 1.0","CharContinuationRate, TLDLegitimateProb, NoOfSubDomain, LetterRatioInURL, DegitRatioInURL, IsHTTPS, HasTitle, Robots, HasSocialNet",1.0,0.9919872208097239,0.9983922829581994,1,181.74632979909777,39995,30836,0.2647058823529412,0.0011017190361653285,1242,1244
"[-13.04,59.04], [-1616.03,949.38], [-58.375,185.63], 0.0, 0.0, 0.0, 0.0, [2.868530516392989,4.509228391834883], [-3.0934554298139383,3.0934554298139383]","DomainLength, NoOfLettersInURL, NoOfOtherSpecialCharsInURL, IsHTTPS, HasFavicon, Robots, Pay, URLLength_log, NoOfCSS_log",0.0,1.0,1.0,2,193.31265720330052,39977,30894,0.2647058823529412,0.002391309471790392,1667,1667
"[-16.159999999999997,60.16], [-1051.155,1077.155], [0.29335,0.60465], [-0.19836,0.19836], 1.0, 1.0, [-20.5,20.5], [-16.5,16.5], 1.0, [2.047357452017451e-06,5.278112611873064], [0.40163520686549625,3.7572478764941755]","DomainLength, NoOfLettersInURL, LetterRatioInURL, DegitRatioInURL, IsHTTPS, HasTitle, DomainTitleMatchScore, URLTitleMatchScore, IsResponsive, NoOfImage_log, NoOfCSS_log",1.0,0.6193110507859602,0.9086188992731049,1,130.68776941609607,39997,30914,0.3235294117647059,0.0008207194506093803,875,963
"[-1051.155,1077.155], [0.39862,0.6393800000000001], [-131.235,133.235], 1.0, 1.0, [83.0,112.5], [53.13239889000099,110.33333333], 1.0, [2.8703923994263985,5.278112611873064], [2.5339244971307413,7.236939336887557]","NoOfLettersInURL, LetterRatioInURL, NoOfOtherSpecialCharsInURL, IsHTTPS, HasTitle, DomainTitleMatchScore, URLTitleMatchScore, HasSocialNet, NoOfImage_log, NoOfExternalRef_log",1.0,1.0,1.0,1,184.70186189282344,39967,31062,0.29411764705882354,0.0011249199704136002,1594,1594
"[-14.329999999999998,43.43], [0.6499999999999999,1.0866400125384805], [-0.058607581500000006,0.2185331815], 1.0, 1.0, [-18.0,18.0], 1.0, [-1.8097432033809087,8.824063330418976]","DomainLength, CharContinuationRate, TLDLegitimateProb, IsHTTPS, HasTitle, URLTitleMatchScore, HasDescription, LineOfCode_log",1.0,0.8851861955769114,0.9759036144578314,1,132.14882343365045,39970,31105,0.23529411764705882,0.0008298948727315531,567,581
"[-528.0250000000001,704.85], [-0.07134000000000001,0.19048], 0.0, [-37.5,37.5], 0.0, 0.0, 0.0, [0.8890316598906236,4.8615066617032685], [-1.5290169301532577,1.5290169301532577]","NoOfDegitsInURL, DegitRatioInURL, IsHTTPS, URLTitleMatchScore, HasDescription, HasSocialNet, HasCopyrightInfo, LineOfCode_log, NoOfEmptyRef_log",0.0,1.0,1.0,1,205.49310631571558,39977,31210,0.2647058823529412,0.0012912712915643062,1015,1015
"[0.012960594673685797,0.089445659], [-691.7950000000001,695.7950000000001], 1.0, [-30.5,32.636942675], 0.0, 0.0, [0.8890316598906236,10.682106423750714], [-0.05283158698519985,6.044296134093182]","URLCharProb, NoOfDegitsInURL, IsHTTPS, URLTitleMatchScore, HasFavicon, HasSubmitButton, LineOfCode_log, NoOfImage_log",0.0,0.5290594600990979,0.8804422944022114,1,170.45140712190207,39993,31216,0.23529411764705882,0.0010704351741078343,1274,1447
"[0.3615400000000001,1.072706952383665], [-33.5,35.0], 0.0, 0.0, 0.0, [-2.3529563388931676,4.8615066617032685], [-2.1457260568569807,3.5703401119539375], [-1.8211113387168132,3.317867758391958]","LetterRatioInURL, DomainTitleMatchScore, Robots, HasDescription, Pay, LineOfCode_log, NoOfImage_log, NoOfJS_log",0.0,1.0,1.0,1,199.4256590257584,39993,31264,0.23529411764705882,0.0012436418153261714,2104,2104
"[34.15,81.85], [0.040614999999999984,0.203385], [-24.5,24.5], 1.0, 0.0, [-171.26145713422326,240.29999999999998], 0.0, 0.0, [5.153138109682439,12.852510043412904], [-2.7300571885425584,5.08250444907665], [-3.0966765744991607,3.0966765744991607], [-1.9358252042263626,1.5792258245004538], [-1.2416527940438218,3.3354713892462504]","DomainLength, SpacialCharRatioInURL, DomainTitleMatchScore, HasFavicon, HasDescription, NoOfiFrame, Pay, HasCopyrightInfo, LargestLineLength_log, NoOfImage_log, NoOfJS_log, NoOfSelfRef_log, NoOfExternalRef_log",0.0,1.0,1.0,1,154.4430197345105,39582,31429,0.38235294117647056,0.0009699024696288796,38,38
"[-0.08721912118904873,0.9982500000000001], [-0.14314000000000004,0.4444898127822796], [-33.5,35.0], 1.0, 1.0, 0.0, 1.0, 0.0, [6.431960985197182,14.795071878731996], [-1.9358252042263626,1.375454750371363], [-1.6564350076660292,2.208580010221372]","LetterRatioInURL, DegitRatioInURL, DomainTitleMatchScore, HasFavicon, IsResponsive, HasSocialNet, HasHiddenFields, HasCopyrightInfo, LargestLineLength_log, NoOfSelfRef_log, NoOfEmptyRef_log",0.0,1.0,1.0,1,121.03601174688617,39896,31491,0.3235294117647059,0.0007601063933425755,81,81
"[0.57695,0.9982500000000001], [0.0007349999999999995,0.19526500000000002], [-27.599099099000004,21.5], 1.0, 0.0, [-358.0746059299621,528.66], 0.0, 0.0, 1.0, [1.1690062867277997,5.422667445280858], [1.886407014911672,7.159284658306236], [-0.9236213657169787,5.08250444907665], [-1.8211113387168132,2.4331030228207693], [-0.8351358754082358,1.375454750371363]","LetterRatioInURL, SpacialCharRatioInURL, URLTitleMatchScore, IsResponsive, HasDescription, NoOfiFrame, HasSocialNet, Pay, HasCopyrightInfo, URLLength_log, LineOfCode_log, NoOfImage_log, NoOfJS_log, NoOfSelfRef_log",0.0,1.0,1.0,2,107.41934643955747,39834,31608,0.4117647058823529,0.0013491874165209219,41,41
"[10.68,57.32], [0.046469346999999994,0.0732076055], [-173.65,70.86000000000001], 1.0, [73.0,127.0], [-420.53000000000003,600.75], 1.0, 1.0, [4.645162333090265,12.049288346599742], [3.555313754143808,8.997973224539482], [2.221134581289741,5.795517030570231], [1.2859169356868811,8.990889313462043]","DomainLength, URLCharProb, NoOfOtherSpecialCharsInURL, IsHTTPS, DomainTitleMatchScore, NoOfiFrame, HasSocialNet, HasCopyrightInfo, LineOfCode_log, LargestLineLength_log, NoOfImage_log, NoOfSelfRef_log",1.0,1.0,1.0,1,202.16430323853626,39995,31653,0.35294117647058826,0.0012620001781827098,1146,1146
"[0.645,1.355], 1.0, [-0.10796500000000003,0.151235], 1.0, 1.0, [0.6193675709505853,5.570884523123128]","CharContinuationRate, NoOfSubDomain, SpacialCharRatioInURL, IsHTTPS, HasSocialNet, NoOfImage_log",1.0,0.9967814638881698,0.9993554624556881,1,171.11717627763096,39995,31682,0.17647058823529413,0.0010746162057235992,3101,3103
"[-1304.6750897110342,1796.8950000000002], [0.46573,0.73427], [-352.52512190696683,185.63], [-0.007055000000000006,0.23219], 0.0, 1.0, 0.0, [-408.51,408.51], 1.0, 0.0, [2.014056997733627,6.774841311611251], [-3.20939441753318,3.20939441753318]","NoOfLettersInURL, LetterRatioInURL, NoOfOtherSpecialCharsInURL, SpacialCharRatioInURL, IsHTTPS, HasTitle, Robots, NoOfiFrame, HasSocialNet, HasCopyrightInfo, LineOfCode_log, NoOfSelfRef_log",0.0,1.0,1.0,1,40.5,39554,31705,0.35294117647058826,0.00025434008016350787,2,2
"[-0.08721912118904873,0.9982500000000001], [-58.375,66.375], 0.0, [87.0,113.0], 0.0, 0.0, [2.6077134802448567,6.3778617307752015], [-3.185153048056279,3.185153048056279]","LetterRatioInURL, NoOfOtherSpecialCharsInURL, IsHTTPS, DomainTitleMatchScore, HasSocialNet, HasHiddenFields, URLLength_log, NoOfJS_log",0.0,1.0,1.0,1,175.94674203284345,39933,31826,0.23529411764705882,0.0011049458882257145,507,507
"[0.29335,0.60465], 1.0, [84.0,116.0], [-448.56000000000006,428.53000000000003], 1.0, [-1.8097432033809087,12.049288346599742], [1.2859169356868811,8.455972923936761]","LetterRatioInURL, IsHTTPS, URLTitleMatchScore, NoOfiFrame, HasSocialNet, LineOfCode_log, NoOfSelfRef_log",1.0,1.0,1.0,2,187.07204456410665,39995,31930,0.20588235294117646,0.002287051820494875,2321,2321
"[-3.789999999999999,41.79], [0.012960594673685797,0.089445659], [-0.07717500000000001,0.141175], 0.0, [-2.71001516243399,4.550180916229388], [-2.1457260568569807,1.638034313125535], [-3.932358597221108,3.932358597221108], [-3.082784162788201,3.8983752453311213]","DomainLength, URLCharProb, SpacialCharRatioInURL, HasSocialNet, LineOfCode_log, NoOfImage_log, NoOfCSS_log, NoOfExternalRef_log",0.0,1.0,1.0,1,192.33254141775234,39993,31933,0.23529411764705882,0.0011879608245536574,2276,2276
"[-0.21888000000000002,0.23598000000000005], [-131.235,133.235], [-0.00649000000000001,0.13529500000000003], 1.0, 0.0, 0.0, [4.310294372871142,11.229952500188748], [2.1712576019268566,8.455972923936761]","DegitRatioInURL, NoOfOtherSpecialCharsInURL, SpacialCharRatioInURL, HasTitle, HasFavicon, Pay, LineOfCode_log, NoOfSelfRef_log",1.0,0.9862639450400218,0.9972375690607734,1,161.38427173142492,39953,31949,0.23529411764705882,0.000941876829954652,1083,1086
"[0.53,1.07], [0.020943425,0.065575495], [0.09307999999999998,0.32158], 1.0, 1.0, 0.0, 1.0, [7.732671905177047,15.564791630868381], [-2.0217497564717366,4.794338478711517], [-4.288690978366612,2.221430236528126], [-2.7182523202724584,2.7182523202724584]","CharContinuationRate, URLCharProb, DegitRatioInURL, IsHTTPS, HasTitle, Robots, Pay, LargestLineLength_log, NoOfCSS_log, NoOfSelfRef_log, NoOfEmptyRef_log",0.0,1.0,1.0,1,117.1579743056555,39896,32048,0.3235294117647059,0.0007357523105356694,80,80
"[-168.66000000000003,170.66000000000003], 1.0, 1.0, [-26.0,26.0], [-549.9455628810169,537.6700000000001], 1.0, 1.0, [1.2859169356868811,7.610443003536902], [-2.420943472742658,2.420943472742658]","NoOfOtherSpecialCharsInURL, IsHTTPS, HasTitle, DomainTitleMatchScore, NoOfiFrame, HasSocialNet, HasSubmitButton, NoOfSelfRef_log, NoOfEmptyRef_log",1.0,0.9902724475395814,0.998046875,1,136.12989218951702,39997,32094,0.2647058823529412,0.0008548959923983072,511,512
"[0.3615400000000001,1.072706952383665], 0.0, 0.0, 0.0, [-4.186505032998186,3.5703401119539375], [-2.1395962783554534,1.375454750371363], [-3.1854519378192867,2.208580010221372]","LetterRatioInURL, HasDescription, HasSocialNet, HasCopyrightInfo, NoOfImage_log, NoOfSelfRef_log, NoOfEmptyRef_log",0.0,0.9797279125615561,0.9959123002601263,1,193.61005875933108,39993,32136,0.20588235294117646,0.0011979893388458615,2680,2691
"0.0, 0.0, 0.0, [-2.3529563388931676,4.8615066617032685], [-1.5018487291695963,2.7607250127767156], [-0.9889655675857727,3.761554289825554]","HasDescription, HasSocialNet, HasCopyrightInfo, LineOfCode_log, NoOfEmptyRef_log, NoOfExternalRef_log",0.0,0.9980724755156417,0.9996141975308642,1,196.84027310389644,39993,32151,0.17647058823529413,0.0012233465294428387,2591,2592
"[3.3100000000000023,80.69], [0.326363636,0.9463636360000001], [-0.027220271927233877,0.15552], 1.0, [-16.5,35.0], [-27.364896871389046,32.636942675], 1.0, 0.0, [-6.553118371851593,10.682106423750714], [-0.05283158698519985,5.070656975535673], [-0.7940914815051148,5.399261667493207], [-1.9358252042263626,1.5792258245004538], [-1.6564350076660292,2.208580010221372]","DomainLength, CharContinuationRate, SpacialCharRatioInURL, IsHTTPS, DomainTitleMatchScore, URLTitleMatchScore, IsResponsive, HasCopyrightInfo, LineOfCode_log, NoOfImage_log, NoOfJS_log, NoOfSelfRef_log, NoOfEmptyRef_log",0.0,0.927115504990564,0.9849785407725322,1,144.72966003585785,39993,32266,0.38235294117647056,0.0009089025514952425,459,466
"1.0, [-0.16416,0.23598000000000005], [-0.006324999999999997,0.112475], 1.0, 0.0, 1.0, 1.0, 0.0, 1.0","NoOfSubDomain, DegitRatioInURL, SpacialCharRatioInURL, IsHTTPS, Robots, IsResponsive, HasDescription, HasHiddenFields, HasCopyrightInfo",1.0,0.9226049880457018,0.9840182648401826,1,165.21536837292882,39995,32267,0.2647058823529412,0.0009719509480692894,431,438
"[0.012960594673685797,0.089445659], [-0.07717500000000001,0.203385], [-27.364896871389046,20.5], [-576.72,448.56000000000006], 0.0, [-6.553118371851593,4.550180916229388], [-2.1457260568569807,6.044296134093182], [-1.2386706297996644,3.008200100942042]","URLCharProb, SpacialCharRatioInURL, URLTitleMatchScore, NoOfiFrame, HasSocialNet, LineOfCode_log, NoOfImage_log, NoOfJS_log",0.0,1.0,1.0,1,203.32590984702995,39993,32279,0.23529411764705882,0.0012742587939230847,1765,1765
"[0.29285714299999993,0.9928571429999999], [-1328.66,1810.03], [0.3615400000000001,1.072706952383665], [-135.22500000000002,139.22500000000002], 1.0, 1.0, [-33.5,35.0], 0.0, [2.143734759325173,5.304259521571541], [-2.71001516243399,4.550180916229388], [5.158603402548133,10.866758456865545], [-3.932358597221108,4.926107989963321], [-1.9358252042263626,1.375454750371363]","CharContinuationRate, NoOfLettersInURL, LetterRatioInURL, NoOfOtherSpecialCharsInURL, IsHTTPS, HasTitle, DomainTitleMatchScore, HasSocialNet, URLLength_log, LineOfCode_log, LargestLineLength_log, NoOfCSS_log, NoOfSelfRef_log",0.0,1.0,1.0,1,183.80887400009604,39993,32308,0.38235294117647056,0.0011543200925419393,144,144
"[0.63,1.37], [-693.7950000000001,291.59499999999997], 1.0, 1.0, [2.4680417004676114,12.049288346599742], [3.8589328504135847,8.990889313462043]","CharContinuationRate, NoOfDegitsInURL, IsHTTPS, HasTitle, LineOfCode_log, NoOfSelfRef_log",1.0,0.9982437658007823,0.9996485061511423,1,152.53846037962884,39997,32319,0.17647058823529413,0.0009579418331104412,2844,2845
"[-19.510000000000005,51.510000000000005], [0.0447161435,0.0725358225], [-131.235,133.235], [-0.022309999999999997,0.140175], 1.0, 1.0, [2.992102545918886,10.657923183718385], [1.3127269085473197,3.9098262249191906], [2.5550019409036584,7.236939336887557]","DomainLength, URLCharProb, NoOfOtherSpecialCharsInURL, SpacialCharRatioInURL, IsHTTPS, HasSocialNet, LineOfCode_log, NoOfJS_log, NoOfExternalRef_log",1.0,0.9963989954600314,0.999278759466282,1,171.69786074397166,39995,32356,0.2647058823529412,0.0010228385292208437,2771,2773
"[-253.11591594563575,79.345], 0.0, 0.0, [-2.3529563388931676,4.550180916229388], [-4.288690978366612,1.375454750371363]","NoOfOtherSpecialCharsInURL, Robots, HasSocialNet, LineOfCode_log, NoOfSelfRef_log",0.0,1.0,1.0,4,195.65140948799487,39993,32363,0.14705882352941177,0.0048560557884661845,2225,2225
"[0.446363636,0.826363636], [0.028062795499999998,0.067901117], [-863.47,1810.03], [-222.69672029749182,623.41], [-131.235,185.63], 1.0, [-20.0,20.0], 0.0, 0.0, 1.0, [-0.6111192575656126,4.550180916229388], [-3.1854519378192867,3.1854519378192867]","CharContinuationRate, URLCharProb, NoOfLettersInURL, NoOfDegitsInURL, NoOfOtherSpecialCharsInURL, HasTitle, DomainTitleMatchScore, Robots, HasDescription, HasCopyrightInfo, LineOfCode_log, NoOfEmptyRef_log",0.0,1.0,1.0,1,139.73148561408,39834,32410,0.35294117647058826,0.0008775140062333617,15,15
"[-702.85,704.85], [-253.11591594563575,79.345], 0.0, 0.0, [-3.932358597221108,3.932358597221108]","NoOfDegitsInURL, NoOfOtherSpecialCharsInURL, HasFavicon, HasSocialNet, NoOfCSS_log",0.0,0.46546923423924186,0.8581796189900212,1,164.3358657312578,39993,32416,0.14705882352941177,0.0009681868511457947,2838,3307
"[0.6499999999999999,1.0866400125384805], [-0.017359999999999987,0.60465], [-0.14446905303960045,0.17442000000000002], 1.0, 1.0, [-19.0,19.0], 1.0, 1.0, [2.5362545162627113,4.055419215745947], [5.152038014370181,13.774232089941453], [-1.9284252175874599,4.504705907437867], [1.989102613732646,8.455972923936761], [-1.9352187666444407,8.735654709207758]","CharContinuationRate, LetterRatioInURL, DegitRatioInURL, IsHTTPS, HasTitle, URLTitleMatchScore, Robots, HasSocialNet, URLLength_log, LargestLineLength_log, NoOfCSS_log, NoOfSelfRef_log, NoOfExternalRef_log",1.0,1.0,1.0,1,164.72931132099637,39911,32422,0.38235294117647056,0.0010345004011521398,259,259
"[-16.74,60.16], [-0.092596543,0.252522143], [0.046469346999999994,0.0732076055], 1.0, [0.29335,0.60465], [-0.022733903547691215,0.13529500000000003], [4.512826683762586,9.392630605487152], [1.3686485880772121,3.293290922926462], [0.2507421590796044,4.143706995592835], [2.1712576019268566,8.455972923936761]","DomainLength, TLDLegitimateProb, URLCharProb, NoOfSubDomain, LetterRatioInURL, SpacialCharRatioInURL, LineOfCode_log, NoOfImage_log, NoOfJS_log, NoOfSelfRef_log",1.0,1.0,1.0,1,177.52882256432434,39880,32561,0.29411764705882354,0.001114881357094899,461,461
"[-0.23598000000000005,0.24624000000000001], [-131.235,133.235], 1.0, 1.0","DegitRatioInURL, NoOfOtherSpecialCharsInURL, HasTitle, HasCopyrightInfo",1.0,0.8023180523823816,0.9569060773480663,1,154.04065538871936,39997,32572,0.11764705882352941,0.0008842294234949675,3464,3620
"1.0, [-0.23598000000000005,0.24624000000000001], 1.0, 1.0, [85.0,115.0], 0.0, [5.478922497204102,12.049288346599742], [5.340275076089389,10.119195586680712]","NoOfSubDomain, DegitRatioInURL, IsHTTPS, HasTitle, URLTitleMatchScore, Pay, LineOfCode_log, LargestLineLength_log",1.0,1.0,1.0,3,175.8032247548034,39980,32590,0.23529411764705882,0.003165196940589876,1739,1739
"[-284.09000000000003,480.09000000000003], 0.0, 0.0, 1.0, [-3.0580338603065154,3.0580338603065154]","NoOfDegitsInURL, IsHTTPS, HasSocialNet, HasCopyrightInfo, NoOfEmptyRef_log",0.0,1.0,1.0,1,84.67050518638936,39928,32710,0.14705882352941177,0.0005317309401627402,75,75
"[-19.689999999999998,40.97], [-0.033100000000000004,0.2051], 0.0, 1.0, 0.0, 1.0, [3.715888399230118,6.3778617307752015], [-3.082784162788201,3.0322467174965912]","DomainLength, SpacialCharRatioInURL, IsHTTPS, HasTitle, HasSocialNet, HasHiddenFields, URLLength_log, NoOfExternalRef_log",0.0,1.0,1.0,1,95.45963788456689,39928,32805,0.23529411764705882,0.0005994867148627203,21,21
"[-1328.66,3098.7495486884895], [-318.76,704.85], [-0.07391999999999999,0.12731], [-33.5,35.0], 0.0, 0.0, 0.0, 0.0, 0.0, [-2.888544574204401,4.995421933929881], [-2.1457260568569807,1.638034313125535]","NoOfLettersInURL, NoOfDegitsInURL, SpacialCharRatioInURL, DomainTitleMatchScore, Robots, HasDescription, HasSocialNet, HasSubmitButton, HasCopyrightInfo, LineOfCode_log, NoOfImage_log",0.0,1.0,1.0,1,202.51333729916615,39993,32817,0.3235294117647059,0.0012678800974119013,1566,1566
"[-673.6850000000001,693.7950000000001], [-96.305,98.305], 1.0, 1.0, 1.0, 1.0, [1.8732927545424958,8.619495375896841]","NoOfDegitsInURL, NoOfOtherSpecialCharsInURL, HasTitle, IsResponsive, HasDescription, HasSocialNet, NoOfExternalRef_log",1.0,0.9932371754144882,0.9986437613019892,1,172.42531618687102,39995,32819,0.20588235294117646,0.001028549056247461,2209,2212
"[-6.219999999999999,72.22], [-0.20862,0.34256000000000003], [-185.125,185.63], 0.0, 0.0, 0.0, [1.0401160767759587,5.304259521571541], [-2.1457260568569807,1.638034313125535], [-6.42376771942719,5.357097930708527], [-4.288690978366612,1.5792258245004538], [-2.166107317717115,1.2741807751277148]","DomainLength, DegitRatioInURL, NoOfOtherSpecialCharsInURL, HasDescription, HasSocialNet, HasSubmitButton, URLLength_log, NoOfImage_log, NoOfCSS_log, NoOfSelfRef_log, NoOfEmptyRef_log",0.0,0.9793053522495041,0.9958263772954925,1,193.82900092293238,39993,32830,0.3235294117647059,0.0011997080353718344,2386,2396
"[0.21999999999999886,27.78], [0.745,1.255], [-281.54,281.54], [-0.23598000000000005,0.24624000000000001], [-0.023444999999999994,0.123445], 1.0, 1.0, 1.0, [5.478922497204102,12.049288346599742], [5.445730577466069,13.145102511196534], [-2.420943472742658,2.420943472742658]","DomainLength, CharContinuationRate, NoOfDegitsInURL, DegitRatioInURL, SpacialCharRatioInURL, IsHTTPS, HasTitle, HasSocialNet, LineOfCode_log, LargestLineLength_log, NoOfEmptyRef_log",1.0,0.995980712600392,0.999194847020934,1,170.6155975871652,39995,32839,0.3235294117647059,0.0010714662905546765,2482,2484
"0.0, [0.44939,0.9982500000000001], 1.0, 0.0, 0.0, 0.0, [-2.71001516243399,4.550180916229388], [-3.0580338603065154,1.5290169301532577]","NoOfSubDomain, LetterRatioInURL, IsHTTPS, HasSocialNet, HasHiddenFields, Pay, LineOfCode_log, NoOfEmptyRef_log",0.0,1.0,1.0,1,155.65348986900068,39966,32853,0.23529411764705882,0.0009775042244694171,214,214
"[-318.76,324.76], [-0.07108000000000003,0.31514000000000003], [-156.16500000000002,178.16500000000002], [-0.017220000000000013,0.18922], 0.0, [-576.72,576.72], 0.0, [3.1456632587454276,5.94092630579458], [-2.71001516243399,4.550180916229388], [-1.0005961286716847,5.6057663146597765]","NoOfDegitsInURL, DegitRatioInURL, NoOfOtherSpecialCharsInURL, SpacialCharRatioInURL, HasDescription, NoOfiFrame, Pay, URLLength_log, LineOfCode_log, NoOfCSS_log",0.0,1.0,1.0,1,196.30201514852658,39993,32967,0.29411764705882354,0.0012191212031614372,1625,1625
"[1487.7903603944203,1711.075], [-693.7950000000001,372.03499999999997], [-0.14446905303960045,0.23598000000000005], 1.0, 0.0, [5.478922497204102,12.049288346599742], [3.8589328504135847,8.455972923936761]","NoOfLettersInURL, NoOfDegitsInURL, DegitRatioInURL, IsHTTPS, HasSocialNet, LineOfCode_log, NoOfSelfRef_log",1.0,0.1,1.0,1,105.32278281881165,33076,33076,0.20588235294117646,0.0006614272845723527,0,0
"[-22.22,50.33], [-80.33500000000001,84.33500000000001], 1.0, [67.5,132.5], [-535.6700000000001,428.53000000000003], [1.3015555528993152,5.278112611873064], [1.4973107796641787,13.237088941823018]","DomainLength, NoOfOtherSpecialCharsInURL, IsHTTPS, DomainTitleMatchScore, NoOfiFrame, NoOfImage_log, NoOfSelfRef_log",1.0,0.9980732182992011,0.9996143463170073,1,169.35187317254127,39995,33175,0.20588235294117646,0.0010044225209807141,2592,2593
"[0.19,1.02452381], [0.4575437125,0.5882704875], [0.0201486395,0.065575495], [-426.365,438.365], [-0.013580000000000009,0.32158], [-137.72000000000003,141.72000000000003], [-0.023175000000000015,0.203385], 1.0, 1.0, 0.0, 0.0, [1.5316655808477422,5.422667445280858], [-3.932358597221108,4.663950750148581], [-2.0865407593881695,2.4331030228207693]","CharContinuationRate, TLDLegitimateProb, URLCharProb, NoOfDegitsInURL, DegitRatioInURL, NoOfOtherSpecialCharsInURL, SpacialCharRatioInURL, IsHTTPS, HasFavicon, HasDescription, HasSocialNet, URLLength_log, NoOfCSS_log, NoOfJS_log",0.0,0.44124847849567816,0.8490566037735849,1,144.48268888594262,39896,33199,0.4117647058823529,0.0009073515721849337,90,106
"[-0.07395000000000002,0.20395000000000002], 1.0, [-19.0,19.0], [-488.61,488.61], 1.0, [-0.18502617289275403,6.367111079609386], [2.1712576019268566,7.610443003536902], [2.2668617118816967,8.735654709207758]","SpacialCharRatioInURL, IsHTTPS, URLTitleMatchScore, NoOfiFrame, HasSubmitButton, NoOfImage_log, NoOfSelfRef_log, NoOfExternalRef_log",1.0,0.9907236263098961,0.9981378026070763,2,126.77874699873978,39997,33327,0.23529411764705882,0.001592341564182151,536,537
"[0.3615400000000001,0.8679800000000001], [-341.87,341.87], [-0.22914000000000004,0.22914000000000004], 1.0, [-30.5,32.636942675], 0.0, 0.0, 0.0, [-2.3529563388931676,4.8615066617032685], [-3.056566111936362,1.5792258245004538], [-1.6564350076660292,3.1854519378192867]","LetterRatioInURL, NoOfDegitsInURL, DegitRatioInURL, HasTitle, URLTitleMatchScore, HasSocialNet, HasHiddenFields, HasCopyrightInfo, LineOfCode_log, NoOfSelfRef_log, NoOfEmptyRef_log",0.0,1.0,1.0,1,201.73138754859605,39993,33414,0.3235294117647059,0.0012668735131013725,702,702
"[0.29335,0.85869], [-0.07817500000000001,0.13529500000000003], 1.0, [-535.6700000000001,428.53000000000003], 1.0, [1.2053739308986744,5.3656509976038045], [5.478922497204102,10.005122859159785], [1.4973107796641787,13.237088941823018]","LetterRatioInURL, SpacialCharRatioInURL, IsHTTPS, NoOfiFrame, HasCopyrightInfo, URLLength_log, LineOfCode_log, NoOfSelfRef_log",1.0,0.9981053434775486,0.999620781190747,1,156.33711540732705,39997,33421,0.23529411764705882,0.0009022566403228986,2636,2637
"[0.012960594673685797,0.089445659], [-0.07717500000000001,0.23219], [-33.5,35.0], [-2.0455102044832323,20.5], 0.0, [-576.72,448.56000000000006], 0.0, 0.0, 0.0, [-1.2386706297996644,1.9907206550351746]","URLCharProb, SpacialCharRatioInURL, DomainTitleMatchScore, URLTitleMatchScore, HasDescription, NoOfiFrame, HasSocialNet, HasSubmitButton, HasCopyrightInfo, NoOfJS_log",0.0,1.0,1.0,2,201.4076132125308,39993,33488,0.29411764705882354,0.0025184003211921016,1762,1762
"1.0, [-291.59499999999997,291.59499999999997], [-86.325,88.325], 1.0, 1.0, 1.0, [-448.56000000000006,603.75], [4.645162333090265,12.049288346599742], [3.555313754143808,8.997973224539482], [-1.404110737957979,2.7904050990778697], [1.7315274776767642,8.990889313462043]","NoOfSubDomain, NoOfDegitsInURL, NoOfOtherSpecialCharsInURL, IsHTTPS, HasTitle, HasFavicon, NoOfiFrame, LineOfCode_log, LargestLineLength_log, NoOfCSS_log, NoOfSelfRef_log",1.0,1.0,1.0,1,163.7488852165026,39980,33536,0.3235294117647059,0.0010283433232753166,931,931
"[0.0201486395,0.04729245071741309], [-137.72000000000003,141.72000000000003], [-0.023175000000000015,0.203385], [-16.5,35.0], 0.0, 0.0, 0.0, [1.5316655808477422,5.422667445280858], [-3.932358597221108,4.663950750148581], [-1.9358252042263626,1.5792258245004538], [-6.021979850499218,2.5908342427596867]","URLCharProb, NoOfOtherSpecialCharsInURL, SpacialCharRatioInURL, DomainTitleMatchScore, HasDescription, HasSocialNet, HasCopyrightInfo, URLLength_log, NoOfCSS_log, NoOfSelfRef_log, NoOfEmptyRef_log",0.0,1.0,1.0,1,163.74567470272993,39949,33541,0.3235294117647059,0.0010283231612424695,800,800
"[-0.092596543,0.252522143], [-0.017359999999999987,0.60465], [-0.23598000000000005,0.23598000000000005], 1.0, [1.2859169356868811,8.455972923936761], [2.5339244971307413,8.619495375896841]","TLDLegitimateProb, LetterRatioInURL, DegitRatioInURL, HasTitle, NoOfSelfRef_log, NoOfExternalRef_log",1.0,0.9926035827871339,0.9985163204747775,1,137.94212467015672,39982,33570,0.17647058823529413,0.0008662768159637594,1346,1348
"[0.47500000000000003,0.885], [0.0201486395,0.05154180377699835], [-136.72000000000003,141.72000000000003], 1.0, 1.0, 0.0, 0.0, 0.0, 0.0, [-3.932358597221108,4.663950750148581], [-1.9358252042263626,3.20939441753318], [-2.1225727022476137,7.41437213400603]","CharContinuationRate, URLCharProb, NoOfOtherSpecialCharsInURL, HasTitle, HasFavicon, Robots, HasDescription, HasSubmitButton, HasCopyrightInfo, NoOfCSS_log, NoOfSelfRef_log, NoOfExternalRef_log",0.0,0.923114770875582,0.9841269841269841,1,142.02365042564483,39896,33571,0.35294117647058826,0.0008919088057869758,62,63
"1.0, [-0.009580000000000005,0.32558], [-137.72000000000003,142.72000000000003], [-0.023175000000000015,0.203385], [-22.0,42.73210502294395], 1.0, [-504.63,504.63], 0.0, 1.0, 0.0, [1.5316655808477422,5.422667445280858], [-0.234835399554703,6.949970861800239], [-4.288690978366612,1.5792258245004538], [-6.021979850499218,2.5908342427596867]","NoOfSubDomain, DegitRatioInURL, NoOfOtherSpecialCharsInURL, SpacialCharRatioInURL, DomainTitleMatchScore, IsResponsive, NoOfiFrame, HasSocialNet, Pay, HasCopyrightInfo, URLLength_log, NoOfImage_log, NoOfSelfRef_log, NoOfEmptyRef_log",0.0,1.0,1.0,1,118.00783821707338,39896,33571,0.4117647058823529,0.0007410894575815484,65,65
"1.0, [67.5,132.5], [75.0,125.0], 0.0, [1.3928070260205985,10.021413503477152], [1.2859169356868811,13.237088941823018]","IsHTTPS, DomainTitleMatchScore, URLTitleMatchScore, HasSocialNet, LargestLineLength_log, NoOfSelfRef_log",1.0,0.9472694361163285,0.9892241379310345,1,124.7306835106671,39980,33581,0.17647058823529413,0.0007833089393321531,459,464
"[-131.235,185.63], [-28.999999999999996,32.636942675], 0.0, [2.1698029936875702,7.877958048004983], [-3.0580338603065154,3.0580338603065154]","NoOfOtherSpecialCharsInURL, URLTitleMatchScore, HasFavicon, LargestLineLength_log, NoOfEmptyRef_log",0.0,0.575410720009687,0.8953556731334509,1,179.74016069370813,39977,33676,0.14705882352941177,0.0010891106047140645,1523,1701
"[-919.38,1810.03], [-702.85,704.85], [-0.07134000000000001,0.2520217674008579], 0.0, 0.0, 0.0, [0.8890316598906236,7.159284658306236], [-3.2293912848348385,3.2293912848348385], [-1.6564350076660292,1.4015988526404863]","NoOfLettersInURL, NoOfDegitsInURL, DegitRatioInURL, IsHTTPS, HasSocialNet, HasCopyrightInfo, LineOfCode_log, NoOfJS_log, NoOfEmptyRef_log",0.0,1.0,1.0,1,193.99862955160256,39977,33728,0.2647058823529412,0.0012010396205265877,1151,1151
"[-0.07108000000000003,0.31514000000000003], [-156.16500000000002,178.16500000000002], [-0.07717500000000001,0.18922], 1.0, 0.0, [-576.72,576.72], [1.3209227566761232,5.94092630579458], [-2.71001516243399,4.550180916229388], [-1.2386706297996644,3.008200100942042]","DegitRatioInURL, NoOfOtherSpecialCharsInURL, SpacialCharRatioInURL, HasTitle, HasDescription, NoOfiFrame, URLLength_log, LineOfCode_log, NoOfJS_log",0.0,1.0,1.0,1,190.5218261679383,39993,33755,0.2647058823529412,0.0011964774454432429,1027,1027
"[-80.33500000000001,84.33500000000001], 1.0, 1.0, 0.0, [4.810816696312609,13.145102511196534]","NoOfOtherSpecialCharsInURL, IsHTTPS, IsResponsive, HasSubmitButton, LargestLineLength_log",1.0,0.17824406404483337,0.7082767978290366,1,160.4112666720435,39982,33766,0.14705882352941177,0.0009342387378311158,1044,1474
"[-1616.03,949.38], [-139.70999999999998,185.63], [-0.07717500000000001,0.141175], 0.0, 0.0, 0.0, [2.740672508360473,5.414402379450967], [-2.3529563388931676,4.851464508326278], [-0.05283158698519985,5.08250444907665], [-1.9358252042263626,1.5792258245004538]","NoOfLettersInURL, NoOfOtherSpecialCharsInURL, SpacialCharRatioInURL, HasFavicon, Robots, HasDescription, URLLength_log, LineOfCode_log, NoOfImage_log, NoOfSelfRef_log",0.0,0.9971973111807378,0.999438832772166,1,195.93849425726324,39993,33793,0.29411764705882354,0.0012162675632656028,1781,1782
"[0.25479999999999997,0.6252], 1.0, 0.0, 0.0, [1.3686485880772121,6.62772158459763], [-1.6138365298097712,2.678503370169185], [2.1712576019268566,8.455972923936761], [-2.420943472742658,2.420943472742658], [-0.385077341849275,8.619495375896841]","LetterRatioInURL, IsHTTPS, IsResponsive, HasCopyrightInfo, NoOfImage_log, NoOfCSS_log, NoOfSelfRef_log, NoOfEmptyRef_log, NoOfExternalRef_log",1.0,0.9180786957697183,0.9830508474576272,1,102.78946438507361,39904,33872,0.2647058823529412,0.0006455180397941645,58,59
"0.0, [-75.345,185.63], 0.0, 0.0, 0.0, [2.160274240270116,6.474701986802504], [-2.3529563388931676,4.550180916229388], [-2.166107317717115,2.166107317717115]","NoOfSubDomain, NoOfOtherSpecialCharsInURL, IsHTTPS, HasSocialNet, Pay, URLLength_log, LineOfCode_log, NoOfEmptyRef_log",0.0,1.0,1.0,1,215.00075213233774,39770,33949,0.23529411764705882,0.0013502051489519323,93,93
"2.0, [-1527.2549999999999,1639.2549999999999], [-0.08721912118904873,0.75046], [0.01403999999999997,0.27396], 0.0, 0.0, 1.0, 1.0, [2.6077134802448567,4.509228391834883], [-1.6564350076660292,1.6564350076660292]","NoOfSubDomain, NoOfLettersInURL, LetterRatioInURL, DegitRatioInURL, Robots, HasDescription, HasSubmitButton, HasHiddenFields, URLLength_log, NoOfEmptyRef_log",1,0.0,0.0,1,87.2,33952,33952,0.29411764705882354,0.0005476161725989602,0,5
"[-58.375,185.63], 0.0, 0.0, [-1.9112711626915722,1.9112711626915722]","NoOfOtherSpecialCharsInURL, IsHTTPS, HasFavicon, NoOfEmptyRef_log",0.0,1.0,1.0,2,189.714133662608,39977,33991,0.11764705882352941,0.0023348126343947125,1167,1167
"[0.0201486395,0.089445659], [-392.14500000000004,392.14500000000004], [-0.0998,0.1738], [-173.64,155.195], 0.0, [-2.3529563388931676,6.99478027054553], [-4.050230870053159,3.932358597221108]","URLCharProb, NoOfDegitsInURL, DegitRatioInURL, NoOfOtherSpecialCharsInURL, HasDescription, LineOfCode_log, NoOfCSS_log",0.0,0.34423126599886184,0.8079231692677071,1,179.4030438422163,39993,34039,0.20588235294117646,0.0010864642365957652,2019,2499
"[0.0201486395,0.089445659], 0.0, [-1616.03,1810.03], [-0.0998,0.1738], [-0.073085,0.16908499999999999], 0.0, 0.0, 0.0, [2.868530516392989,5.414402379450967], [-2.3529563388931676,6.99478027054553]","URLCharProb, NoOfSubDomain, NoOfLettersInURL, DegitRatioInURL, SpacialCharRatioInURL, HasFavicon, Robots, HasDescription, URLLength_log, LineOfCode_log",0.0,1.0,1.0,1,173.68336873057902,39966,34059,0.29411764705882354,0.0010907318994074953,264,264
"[-0.08721912118904873,0.9982500000000001], [-173.64,155.195], 0.0, 0.0, [1.6757775010689295,6.985689179503733], [-1.718273139914735,1.718273139914735]","LetterRatioInURL, NoOfOtherSpecialCharsInURL, HasDescription, HasSocialNet, LargestLineLength_log, NoOfExternalRef_log",0.0,0.9390107727941914,0.9874932028276238,1,188.0271572759221,39977,34059,0.17647058823529413,0.0011541635483879845,1816,1839
"[-0.033100000000000004,0.2051], 0.0, 0.0, [0.7848924398784538,9.81174229321762], [-3.082784162788201,2.1587330940166307]","SpacialCharRatioInURL, IsHTTPS, HasSocialNet, LargestLineLength_log, NoOfExternalRef_log",0.0,1.0,1.0,1,193.2876932744444,39977,34072,0.14705882352941177,0.00119545876899191,1180,1180
"[-1527.2549999999999,1639.2549999999999], [-318.76,324.76], [-173.64,66.375], [-20.5,20.5], 0.0, [-320.40000000000003,448.56000000000006], 1.0, 1.0, [-2.3529563388931676,4.8615066617032685], [-4.288690978366612,3.20939441753318]","NoOfLettersInURL, NoOfDegitsInURL, NoOfOtherSpecialCharsInURL, URLTitleMatchScore, HasDescription, NoOfiFrame, HasSubmitButton, HasHiddenFields, LineOfCode_log, NoOfSelfRef_log",0.0,1.0,1.0,1,119.92399534555237,39566,34093,0.29411764705882354,0.0007531229281411341,27,27
"[-0.08721912118904873,0.9982500000000001], [-58.375,155.195], 0.0, [-224.28000000000003,320.40000000000003], 0.0, [4.336774631315153,9.912181893671695], [-4.197617605322401,5.08250444907665]","LetterRatioInURL, NoOfOtherSpecialCharsInURL, Robots, NoOfiFrame, HasSocialNet, LargestLineLength_log, NoOfImage_log",0.0,0.27303266383438257,0.7713347921225383,1,153.8902489943702,39993,34093,0.20588235294117646,0.0009664310682866742,1410,1828
"[0.046469346999999994,0.0732076055], [-796.605,812.605], [0.29335,0.62983], [-131.235,133.235], [-0.07817500000000001,0.16596500000000003], 1.0, 0.0","URLCharProb, NoOfLettersInURL, LetterRatioInURL, NoOfOtherSpecialCharsInURL, SpacialCharRatioInURL, HasTitle, HasFavicon",1.0,0.20105608121019264,0.7255434782608695,1,159.99224641496153,39995,34176,0.20588235294117646,0.0009309494277762899,1335,1840
"[12.75,42.019999999999996], [0.41832568,0.62748852], 1.0, [-173.65,175.65], [-0.07817500000000001,0.149927393695798], 1.0, 1.0, [1.2053739308986744,5.3656509976038045], [5.478922497204102,12.049288346599742], [1.2859169356868811,8.455972923936761], [2.102643794097591,8.735654709207758]","DomainLength, TLDLegitimateProb, NoOfSubDomain, NoOfOtherSpecialCharsInURL, SpacialCharRatioInURL, IsHTTPS, HasTitle, URLLength_log, LineOfCode_log, NoOfSelfRef_log, NoOfExternalRef_log",1.0,1.0,1.0,1,179.40158817624786,39995,34191,0.3235294117647059,0.0010833128086246383,1453,1453
"[0.32468673781725566,1.1752815479305077], [0.428783822,0.6170303779999999], 1.0, 1.0, [-587.74,597.74], [2.03635568096057,4.8316187280097225], [5.314761185516479,13.774232089941453], [3.5110517270377537,8.455972923936761], [1.766709251910584,8.735654709207758]","CharContinuationRate, TLDLegitimateProb, IsHTTPS, Robots, NoOfiFrame, URLLength_log, LargestLineLength_log, NoOfSelfRef_log, NoOfExternalRef_log",1.0,1.0,1.0,1,193.6159913495216,39945,34210,0.2647058823529412,0.001215908808908009,672,672
"[0.0201486395,0.089445659], 0.0, [-1.162760260423762,7.159284658306236]","URLCharProb, HasCopyrightInfo, LineOfCode_log",0.0,0.41563923311774065,0.838963963963964,1,184.70929916958096,39993,34217,0.08823529411764706,0.0011281183540442208,2235,2664
"[0.32468673781725566,1.255], 1.0, [-0.057205000000000006,0.153205], 1.0, [83.0,121.5], [81.0,119.0], 1.0, [-549.9455628810169,537.6700000000001], 0.0, 1.0, [2.4787622615747162,5.221532941845401], [6.238291047185472,8.407891448799006], [-1.541173576065767,7.236939336887557]","CharContinuationRate, NoOfSubDomain, SpacialCharRatioInURL, HasTitle, DomainTitleMatchScore, URLTitleMatchScore, HasFavicon, NoOfiFrame, Pay, HasCopyrightInfo, NoOfJS_log, NoOfSelfRef_log, NoOfExternalRef_log",0,0.0,0.0,1,156.0,34229,34229,0.38235294117647056,0.0009796803087779562,0,2
"[0.23608999999999997,0.7639100000000001], 1.0, [-34.5,34.5], [-284.38,514.64], 1.0, [1.2053739308986744,5.3656509976038045], [-1.8375487972569846,4.034773374593204], [2.1712576019268566,8.299671969071387], [-2.84567039778523,2.84567039778523]","LetterRatioInURL, IsHTTPS, DomainTitleMatchScore, NoOfiFrame, HasCopyrightInfo, URLLength_log, NoOfCSS_log, NoOfSelfRef_log, NoOfEmptyRef_log",1.0,0.9807698052305679,0.9961240310077519,1,127.7019224826344,39997,34257,0.2647058823529412,0.0008019683259572173,514,516
"[3.039999999999999,36.96], 1.0, 1.0, 1.0, [-535.6700000000001,514.64], [5.33734517314601,9.979109879176693], [5.309079826932648,13.145102511196534], [-0.6909504000509903,4.544070560803571], [-1.104290005110686,1.104290005110686]","DomainLength, IsHTTPS, HasTitle, IsResponsive, NoOfiFrame, LineOfCode_log, LargestLineLength_log, NoOfJS_log, NoOfEmptyRef_log",1.0,0.8302365745902158,0.9634748272458046,1,155.69164816411404,39997,34291,0.2647058823529412,0.0009777438586382574,1952,2026
"[-15.439999999999998,44.75], [-919.38,949.38], 0.0, 1.0, 0.0, 0.0, [2.740672508360473,5.414402379450967], [-2.1457260568569807,1.638034313125535], [1.5204028522755029,3.0934554298139383], [-2.6985324434921254,2.6985324434921254], [-3.20939441753318,2.903737806339544]","DomainLength, NoOfLettersInURL, IsHTTPS, HasTitle, HasFavicon, HasSocialNet, URLLength_log, NoOfImage_log, NoOfCSS_log, NoOfJS_log, NoOfSelfRef_log",0.0,1.0,1.0,1,85.0,35122,34296,0.3235294117647059,0.0005338001682443992,1,1
"[-1616.03,1518.3899999999999], [-139.70999999999998,185.63], 0.0, 0.0","NoOfLettersInURL, NoOfOtherSpecialCharsInURL, IsHTTPS, HasFavicon",0.0,1.0,1.0,2,189.71411648073902,39977,34296,0.11764705882352941,0.0023348123646392844,1123,1123
"[-78.84,80.84], [-0.028444999999999998,0.09553500000000001], 1.0, [81.5,118.5], 1.0, 1.0, [-1.8097432033809087,10.657923183718385], [1.8232874343984244,3.293290922926462], [2.409959733724765,4.763309377274956], [1.4973107796641787,8.455972923936761]","NoOfOtherSpecialCharsInURL, SpacialCharRatioInURL, IsHTTPS, URLTitleMatchScore, HasSocialNet, HasSubmitButton, LineOfCode_log, NoOfImage_log, NoOfJS_log, NoOfSelfRef_log",1.0,1.0,1.0,1,180.83203032905118,39769,34355,0.29411764705882354,0.0011356255083955743,317,317
"[0.23608999999999997,0.60465], [-0.23598000000000005,0.23598000000000005], 1.0, [6.180300686521298,10.657923183718385], [5.445730577466069,13.106304192595584], [-1.4391259481050904,4.658001772973291], [-1.9284252175874599,3.7572478764941755], [-0.6909504000509903,6.443249586077761], [1.8732927545424958,8.619495375896841]","LetterRatioInURL, DegitRatioInURL, HasSocialNet, LineOfCode_log, LargestLineLength_log, NoOfImage_log, NoOfCSS_log, NoOfJS_log, NoOfExternalRef_log",1.0,1.0,1.0,4,178.98984319455724,39995,34365,0.2647058823529412,0.004320322437998539,1746,1746
"[0.020943425,0.065575495], [-426.365,905.8300766453531], [0.09307999999999998,0.31622], [-0.023175000000000015,0.23219], 1.0, [-27.364896871389046,30.5], 0.0, 1.0, 0.0, [-6.553118371851593,10.682106423750714], [-0.5131347898135135,3.7320106146817142]","URLCharProb, NoOfDegitsInURL, DegitRatioInURL, SpacialCharRatioInURL, IsHTTPS, URLTitleMatchScore, Robots, IsResponsive, HasDescription, LineOfCode_log, NoOfExternalRef_log",0.0,1.0,1.0,1,112.38783085281099,39962,34386,0.3235294117647059,0.0007057958002100422,122,122
"[-1616.03,949.38], 0.0, 0.0, [-2.71001516243399,4.851464508326278], [-2.1457260568569807,5.4957662135288565]","NoOfLettersInURL, HasDescription, HasSocialNet, LineOfCode_log, NoOfImage_log",0.0,0.9947589214008921,0.9989495798319328,1,195.13904957578865,39993,34387,0.14705882352941177,0.0012099919205380554,1902,1904
"[0.32468673781725566,1.225], 1.0, 1.0, [-549.9455628810169,537.6700000000001], 1.0, [5.817006405912753,11.172888759025081]","CharContinuationRate, IsHTTPS, HasTitle, NoOfiFrame, HasSocialNet, LineOfCode_log",1.0,0.9899113012902035,0.9979740680713128,1,164.51876451975764,39997,34395,0.17647058823529413,0.0009664826060983704,2463,2468
"[0.4575437125,0.5882704875], 1.0, [-426.365,438.365], [0.05971999999999997,0.4444898127822796], [-136.72000000000003,142.72000000000003], [-37.0,37.0], 1.0, 0.0, 1.0, 0.0, 1.0, [-1.0399325090235612,3.2371570863597805], [-2.0865407593881695,2.6985324434921254]","TLDLegitimateProb, NoOfSubDomain, NoOfDegitsInURL, DegitRatioInURL, NoOfOtherSpecialCharsInURL, URLTitleMatchScore, HasFavicon, Robots, IsResponsive, HasDescription, Pay, NoOfImage_log, NoOfJS_log",0.0,1.0,1.0,1,123.93088162846757,39896,34403,0.38235294117647056,0.0007782861819288554,42,42
"0.0, [0.30375,0.9982500000000001], [-0.025400000000000013,0.13340000000000002], 0.0","NoOfSubDomain, LetterRatioInURL, SpacialCharRatioInURL, HasDescription",0.0,1.0,1.0,2,160.7218073809561,39966,34423,0.11764705882352941,0.002018666536952901,315,315
"[0.8049999999999999,1.195], [0.011984877000000005,0.147940723], [0.036929166,0.085389252], [0.29335,0.60465], 1.0, 1.0, [-37.0,37.0], [-256.32,256.32], 1.0","CharContinuationRate, TLDLegitimateProb, URLCharProb, LetterRatioInURL, IsHTTPS, HasTitle, URLTitleMatchScore, NoOfiFrame, HasSocialNet",1.0,1.0,1.0,1,150.9410835971303,39911,34426,0.2647058823529412,0.0009479103037545891,123,123
"[-22.22,50.33], [-0.028444999999999998,0.09553500000000001], [67.5,132.5], [-535.6700000000001,514.64], 0.0, [4.830603110889394,9.472367816920077], [1.3015555528993152,5.278112611873064], [1.4973107796641787,8.299671969071387]","DomainLength, SpacialCharRatioInURL, DomainTitleMatchScore, NoOfiFrame, HasSocialNet, LineOfCode_log, NoOfImage_log, NoOfSelfRef_log",1.0,0.9856324229009259,0.9971098265895953,1,128.43290223935912,39980,34436,0.23529411764705882,0.0008065588802763103,345,346
"[-0.19836,0.19836], [-80.33500000000001,84.33500000000001], 1.0, [75.0,125.0], 1.0, 1.0, [3.5110517270377537,13.237088941823018]","DegitRatioInURL, NoOfOtherSpecialCharsInURL, IsHTTPS, URLTitleMatchScore, HasHiddenFields, Pay, NoOfSelfRef_log",1.0,1.0,1.0,2,177.19682905481523,39920,34436,0.20588235294117646,0.002225592874396104,586,586
"[0.444047619,1.07], [0.0122524215,0.0795580965], [0.19108999999999998,0.9982500000000001], 1.0, 1.0, [-27.364896871389046,20.5], 0.0, 0.0, 0.0, 1.0, [-6.553118371851593,7.159284658306236], [7.732671905177047,15.564791630868381], [-0.09833254012757564,6.089797087235557]","CharContinuationRate, URLCharProb, LetterRatioInURL, IsHTTPS, HasTitle, URLTitleMatchScore, Robots, HasDescription, HasSocialNet, Pay, LineOfCode_log, LargestLineLength_log, NoOfImage_log",0.0,0.708245596707819,0.9333333333333333,1,110.99643324196275,39896,34477,0.38235294117647056,0.0006970578204598581,56,60
"[0.53,0.7940476190000001], [0.09307999999999998,0.32158], [0.040614999999999984,0.203385], 1.0, [-16.5,35.0], 0.0, 1.0, 0.0, [-358.0746059299621,528.66], 0.0, 1.0, [1.608583036271938,5.193811727052373], [-0.05283158698519985,6.044296134093182], [-1.9358252042263626,1.5792258245004538]","CharContinuationRate, DegitRatioInURL, SpacialCharRatioInURL, IsHTTPS, DomainTitleMatchScore, Robots, IsResponsive, HasDescription, NoOfiFrame, HasSocialNet, Pay, URLLength_log, NoOfImage_log, NoOfSelfRef_log",0.0,1.0,1.0,1,119.24189053173761,39469,34477,0.4117647058823529,0.0007488393085602561,18,18
"[0.47500000000000003,0.885], [-352.52512190696683,189.125], [0.0035550000000000026,0.150445], [-30.5,30.5], 0.0, 0.0, 0.0, 0.0, 0.0, [-1.865539078837415,6.044296134093182], [-2.1496893664808723,4.663950750148581], [-4.288690978366612,1.5792258245004538]","CharContinuationRate, NoOfOtherSpecialCharsInURL, SpacialCharRatioInURL, URLTitleMatchScore, Robots, IsResponsive, HasDescription, HasSocialNet, HasHiddenFields, NoOfImage_log, NoOfCSS_log, NoOfSelfRef_log",0.0,1.0,1.0,1,195.64519228799614,39977,34494,0.35294117647058826,0.0012139651420811737,567,567
"[-1328.66,1810.03], 1.0, 0.0, 0.0, 0.0, [2.4451046342937173,4.146569097714941], [-2.71001516243399,4.8615066617032685], [-2.1457260568569807,1.638034313125535], [-1.2386706297996644,3.317867758391958], [-3.20939441753318,3.20939441753318], [-1.1767382952296193,2.1587330940166307]","NoOfLettersInURL, HasTitle, HasSocialNet, HasSubmitButton, Pay, URLLength_log, LineOfCode_log, NoOfImage_log, NoOfJS_log, NoOfSelfRef_log, NoOfExternalRef_log",0.0,0.989722595002163,0.9979360165118679,1,175.5494644000752,39993,34503,0.3235294117647059,0.00110245098390558,967,969
"[0.012960594673685797,0.089445659], [-593.245,593.245], [68.0,132.0], 0.0, 0.0, 0.0, [-3.082784162788201,2.5630326563495096]","URLCharProb, NoOfDegitsInURL, DomainTitleMatchScore, IsResponsive, HasSocialNet, HasCopyrightInfo, NoOfExternalRef_log",0.0,0.8548103796415892,0.9691119691119691,1,181.39273245976307,39933,34503,0.20588235294117646,0.0011391467188862684,251,259
"1.0, [-0.23598000000000005,0.23598000000000005], [-0.07817500000000001,0.13529500000000003], [72.5,127.5], 1.0, 0.0, [1.2053739308986744,7.900695201639832], [-0.6291840035146032,5.488037030813333], [1.8732927545424958,5.555852103006037]","NoOfSubDomain, DegitRatioInURL, SpacialCharRatioInURL, URLTitleMatchScore, HasSocialNet, Pay, URLLength_log, NoOfEmptyRef_log, NoOfExternalRef_log",1.0,1.0,1.0,1,182.35676056022706,39929,34533,0.2647058823529412,0.0011065109191505103,1032,1032
"[-40.88387927227646,72.22], [-0.0998,0.1738], 0.0, 0.0, [-2.3529563388931676,4.550180916229388], [-4.050230870053159,3.932358597221108], [-3.1854519378192867,3.1854519378192867]","DomainLength, DegitRatioInURL, HasDescription, HasSocialNet, LineOfCode_log, NoOfCSS_log, NoOfEmptyRef_log",0.0,1.0,1.0,2,196.3996785086959,39993,34534,0.20588235294117646,0.0024397757215608067,1417,1417
"[-1.0899999999999999,55.09], [0.09307999999999998,0.32158], 1.0, [-22.0,35.0], [-37.0,37.0], 0.0, 0.0, 1.0, 0.0, [5.639748652295298,14.401102921712722], [-2.1457260568569807,3.2371570863597805], [-4.288690978366612,2.221430236528126]","DomainLength, DegitRatioInURL, IsHTTPS, DomainTitleMatchScore, URLTitleMatchScore, HasDescription, HasSocialNet, Pay, HasCopyrightInfo, LargestLineLength_log, NoOfImage_log, NoOfSelfRef_log",0.0,1.0,1.0,1,119.627341881484,39896,34547,0.35294117647058826,0.000751259943799605,61,61
"[-22.22,50.33], [-382.74904277880614,693.7950000000001], [-80.33500000000001,84.33500000000001], 1.0, [67.5,132.5], [69.0,131.0], [-535.6700000000001,428.53000000000003], [1.4973107796641787,13.237088941823018]","DomainLength, NoOfDegitsInURL, NoOfOtherSpecialCharsInURL, IsHTTPS, DomainTitleMatchScore, URLTitleMatchScore, NoOfiFrame, NoOfSelfRef_log",1.0,0.9910072526871967,0.9981949458483754,1,167.18858841371662,39995,34553,0.23529411764705882,0.0009874407302715796,2212,2216
"0.0, 0.0, 0.0, [-2.71001516243399,4.550180916229388], [-2.1457260568569807,1.638034313125535], [-1.2386706297996644,2.2857237045880847], [-2.037710741290908,2.037710741290908], [-2.2510527027256297,2.2510527027256297], [-3.082784162788201,3.8983752453311213]","HasDescription, HasSubmitButton, HasHiddenFields, LineOfCode_log, NoOfImage_log, NoOfJS_log, NoOfSelfRef_log, NoOfEmptyRef_log, NoOfExternalRef_log",0.0,1.0,1.0,1,197.50778981947684,39993,34561,0.2647058823529412,0.0012285865373117032,1555,1555
"[-4.789999999999999,40.79], [-0.07391999999999999,0.23219], 0.0, [2.6077134802448567,4.912135797637768], [-2.502552422830679,3.5703401119539375]","DomainLength, SpacialCharRatioInURL, IsHTTPS, URLLength_log, NoOfImage_log",0.0,1.0,1.0,2,192.93802495990033,39977,34588,0.14705882352941177,0.0023854277437151917,1060,1060
"[-1616.03,3098.7495486884895], 0.0, 1.0, [-2.3529563388931676,6.99478027054553]","NoOfLettersInURL, IsHTTPS, HasTitle, LineOfCode_log",0.0,1.0,1.0,1,173.49132378407836,39933,34609,0.11764705882352941,0.0010895258567633478,658,658
"[0.0201486395,0.089445659], 0.0, [-0.08721912118904873,0.9982500000000001], [-0.0998,0.1738], [-173.64,189.125], 0.0, 1.0, [-0.7977513897141562,3.230567673108694]","URLCharProb, NoOfSubDomain, LetterRatioInURL, DegitRatioInURL, NoOfOtherSpecialCharsInURL, HasDescription, HasCopyrightInfo, NoOfImage_log",0.0,1.0,1.0,1,112.49418648604696,39966,34609,0.23529411764705882,0.0007064637137972786,25,25
"[0.0201486395,0.089445659], 0.0, [-0.05186000000000002,0.1738], [-181.63,187.63], [-0.025400000000000013,0.13340000000000002], 1.0, 0.0, [-3.273629521613398,5.9938196939898996], [-4.288690978366612,3.2402856071735804]","URLCharProb, NoOfSubDomain, DegitRatioInURL, NoOfOtherSpecialCharsInURL, SpacialCharRatioInURL, HasTitle, HasDescription, NoOfJS_log, NoOfSelfRef_log",0.0,1.0,1.0,1,161.5083187632892,39966,34675,0.2647058823529412,0.0010142725615142803,197,197
"[-623.41,693.7950000000001], 1.0, [83.0,132.5], 1.0, [-368.46000000000004,368.46000000000004], 1.0, [-1.3541274085488313,4.937646347004941], [-2.407359372250827,3.793653733370718]","NoOfDegitsInURL, HasTitle, DomainTitleMatchScore, HasDescription, NoOfiFrame, HasSubmitButton, NoOfCSS_log, NoOfEmptyRef_log",1.0,0.9953574824895622,0.9990697674418605,1,155.52391629297537,39995,34708,0.23529411764705882,0.0009766905021555072,1074,1075
"[0.645,1.255], [-0.092596543,0.252522143], [0.037531145,0.078811959], [-0.23598000000000005,0.23598000000000005], 1.0, 1.0, [-535.6700000000001,162.8696806890419], [5.478922497204102,10.657923183718385], [4.803415297737883,13.299273983233569], [2.1712576019268566,8.455972923936761], [-0.8828668448252408,5.488037030813333]","CharContinuationRate, TLDLegitimateProb, URLCharProb, DegitRatioInURL, IsHTTPS, HasTitle, NoOfiFrame, LineOfCode_log, LargestLineLength_log, NoOfSelfRef_log, NoOfEmptyRef_log",1.0,0.9954832955544075,0.9990950226244344,1,143.73140521505997,39997,34734,0.3235294117647059,0.0009026335092447404,1104,1105
"[0.47500000000000003,0.885], 1.0, [-283.957214011989,185.63], 0.0, [-208.26000000000002,208.26000000000002], 0.0, 1.0, 0.0, [-1.718273139914735,1.718273139914735]","CharContinuationRate, NoOfSubDomain, NoOfOtherSpecialCharsInURL, HasDescription, NoOfiFrame, HasSocialNet, HasHiddenFields, HasCopyrightInfo, NoOfExternalRef_log",0.0,1.0,1.0,1,109.2225724950695,39935,34743,0.2647058823529412,0.0006859179714582846,73,73
"[27.983017606303054,44.739999999999995], [0.29335,0.7258300000000001], [-673.6850000000001,673.6850000000001], 1.0, 1.0, 1.0, [-0.5012377655462412,3.2738264877860224], [0.7012306494517024,6.101164113872608], [-1.9169488791341485,4.114173456470368]","DomainLength, LetterRatioInURL, NoOfDegitsInURL, IsHTTPS, HasDescription, HasSocialNet, NoOfCSS_log, NoOfSelfRef_log, NoOfEmptyRef_log",1.0,1.0,1.0,1,141.4569961355374,39929,34753,0.2647058823529412,0.0008883502157234963,84,84
"[0.0201486395,0.04729245071741309], [-0.023175000000000015,0.203385], [-16.5,35.0], [-30.5,30.5], 0.0, [-536.6700000000001,536.6700000000001], 0.0, 0.0, [0.8890316598906236,10.682106423750714], [-1.865539078837415,1.865539078837415], [-1.9358252042263626,1.5792258245004538], [-1.2416527940438218,4.014241516283603]","URLCharProb, SpacialCharRatioInURL, DomainTitleMatchScore, URLTitleMatchScore, HasDescription, NoOfiFrame, HasSocialNet, HasCopyrightInfo, LineOfCode_log, NoOfImage_log, NoOfSelfRef_log, NoOfExternalRef_log",0.0,1.0,1.0,1,167.46311603467962,39949,34759,0.35294117647058826,0.0010516687001652157,599,599
"0.0, 1.0, 0.0, 1.0, [2.6077134802448567,6.3778617307752015], [-3.0524383377206012,1.2386706297996644]","IsHTTPS, HasDescription, HasSocialNet, HasCopyrightInfo, URLLength_log, NoOfJS_log",0.0,1.0,1.0,1,79.40628991999999,39928,34804,0.17647058823529413,0.0004986716578701122,12,12
"[-1616.03,1518.3899999999999], [-58.375,185.63], 0.0, 0.0, [-504.63,504.63], 0.0, [1.9217551562647839,9.621127089995248], [-1.6810529975852586,1.6810529975852586]","NoOfLettersInURL, NoOfOtherSpecialCharsInURL, IsHTTPS, HasFavicon, NoOfiFrame, Pay, LargestLineLength_log, NoOfJS_log",0.0,1.0,1.0,1,193.3160425828439,39977,34862,0.23529411764705882,0.0011956813111329875,973,973
"[2.6899999999999995,31.02], [0.25479999999999997,0.60465], 1.0, [-549.9455628810169,537.6700000000001], 0.0, [3.7526899396093496,11.983053041183293], [2.1712576019268566,8.299671969071387], [-2.420943472742658,1.9112711626915722]","DomainLength, LetterRatioInURL, IsHTTPS, NoOfiFrame, HasSocialNet, LargestLineLength_log, NoOfSelfRef_log, NoOfEmptyRef_log",1.0,0.9255925717332314,0.9846547314578005,1,120.47547270821909,39980,34908,0.23529411764705882,0.0007565862070702456,385,391
"[0.0479292245,0.0775437215], 1.0, [-0.19836,0.19836], [-143.70999999999998,145.70999999999998], [-0.028444999999999998,0.09553500000000001], [-535.6700000000001,514.64], 1.0, 1.0, [6.180300686521298,15.805434802679061], [3.5110517270377537,8.299671969071387]","URLCharProb, NoOfSubDomain, DegitRatioInURL, NoOfOtherSpecialCharsInURL, SpacialCharRatioInURL, NoOfiFrame, HasHiddenFields, HasCopyrightInfo, LineOfCode_log, NoOfSelfRef_log",1.0,1.0,1.0,1,176.8877539200768,39980,34929,0.29411764705882354,0.001110855444740128,951,951
"[-593.245,593.245], 0.0, 0.0, [-576.72,576.72], 0.0, 0.0, [-3.0934554298139383,3.0934554298139383], [1.0034122820520577,5.588261449956601], [-1.5018487291695963,3.1854519378192867], [-1.718273139914735,1.718273139914735]","NoOfDegitsInURL, HasFavicon, HasDescription, NoOfiFrame, HasSocialNet, Pay, NoOfCSS_log, NoOfSelfRef_log, NoOfEmptyRef_log, NoOfExternalRef_log",0.0,0.46266436603796024,0.8571428571428571,1,120.01763130443916,39869,34968,0.29411764705882354,0.0007537109621482812,72,84
"[-713.905,713.905], 1.0, 1.0, 0.0, 1.0, 1.0, 0.0, 1.0, [-1.6139623151617721,4.494271699310743]","NoOfDegitsInURL, IsHTTPS, HasTitle, Robots, HasDescription, HasSocialNet, HasHiddenFields, HasCopyrightInfo, NoOfEmptyRef_log",1.0,1.0,1.0,1,171.22960344211623,39995,34982,0.2647058823529412,0.0010191627082427248,309,309
"[0.53,1.07], [0.020943425,0.065575495], 1.0, 1.0, 1.0, 0.0, [-480.59999999999997,480.59999999999997], 1.0, 0.0, [7.732671905177047,15.564791630868381], [-1.0399325090235612,3.2371570863597805], [-4.288690978366612,2.221430236528126], [-2.5908342427596867,2.7182523202724584]","CharContinuationRate, URLCharProb, NoOfSubDomain, IsHTTPS, HasTitle, Robots, NoOfiFrame, Pay, HasCopyrightInfo, LargestLineLength_log, NoOfImage_log, NoOfSelfRef_log, NoOfEmptyRef_log",0.0,1.0,1.0,1,119.37022013964723,39896,35002,0.38235294117647056,0.0007496452187519372,45,45
"[0.44453,1.0834700000000002], [0.09307999999999998,0.32158], 1.0, 1.0, [-22.0,35.0], 0.0, [-208.26000000000002,208.26000000000002], 1.0, [-2.7182523202724584,2.5908342427596867]","LetterRatioInURL, DegitRatioInURL, IsHTTPS, HasTitle, DomainTitleMatchScore, Robots, NoOfiFrame, Pay, NoOfEmptyRef_log",0.0,0.91233713345462,0.9818181818181818,1,99.01147458562431,39962,35002,0.2647058823529412,0.0006217922563756743,54,55
"[-16.159999999999997,50.33], [0.75,1.25], [-382.74904277880614,693.7950000000001], [-0.21888000000000002,0.12654], 1.0, 1.0, [67.5,132.5], [4.204234421165548,10.57612843528731], [1.4973107796641787,13.237088941823018], [0.0226353440927074,4.773155201504034]","DomainLength, CharContinuationRate, NoOfDegitsInURL, DegitRatioInURL, IsHTTPS, HasTitle, DomainTitleMatchScore, LargestLineLength_log, NoOfSelfRef_log, NoOfExternalRef_log",1.0,0.9928876533520217,0.9985734664764622,1,158.82738382210152,39995,35044,0.29411764705882354,0.0009974362847771242,1400,1402
"[-693.7950000000001,291.59499999999997], 1.0, 1.0, 1.0, [3.8589328504135847,8.407891448799006]","NoOfDegitsInURL, IsHTTPS, HasTitle, HasHiddenFields, NoOfSelfRef_log",1.0,1.0,1.0,1,158.12463196754695,39982,35074,0.14705882352941177,0.0009930230017395326,1276,1276
"2.0, [-673.6850000000001,898.5964547215442], [-0.17711999012346422,0.23598000000000005], [-28.000000000000004,28.000000000000004], 1.0, 1.0, [-1.8097432033809087,12.049288346599742], [3.8507806742398465,11.68290039993118], [1.2859169356868811,8.455972923936761], [-1.541173576065767,8.619495375896841]","NoOfSubDomain, NoOfDegitsInURL, DegitRatioInURL, URLTitleMatchScore, HasDescription, HasSocialNet, LineOfCode_log, LargestLineLength_log, NoOfSelfRef_log, NoOfExternalRef_log",1.0,1.0,1.0,1,138.04913560937896,39911,35083,0.29411764705882354,0.0008669488448738868,220,220
"0.0, 0.0, [-3.4641082601945437,3.4641082601945437], [-3.1854519378192867,3.1854519378192867]","HasSocialNet, Pay, NoOfSelfRef_log, NoOfEmptyRef_log",0.0,0.6610844731373808,0.9205584978334136,1,174.38467146834031,39993,35086,0.11764705882352941,0.0010470700010444703,1912,2077
"[0.645,1.355], 1.0, 1.0, [-535.6700000000001,514.64], 1.0, [1.9768125311432616,5.0759085180890615], [0.40163520686549625,3.7572478764941755], [2.72406882856974,5.6552406554831105]","CharContinuationRate, NoOfSubDomain, IsHTTPS, NoOfiFrame, HasSocialNet, URLLength_log, NoOfCSS_log, NoOfExternalRef_log",1.0,1.0,1.0,1,177.79120686773626,39995,35105,0.23529411764705882,0.0011165291310396754,1399,1399
"[-16.74,44.739999999999995], [0.63,1.37], [-1051.155,1077.155], 1.0, [83.0,112.5], 1.0, 1.0, 1.0, [2.8703923994263985,5.278112611873064], [3.8589328504135847,8.990889313462043]","DomainLength, CharContinuationRate, NoOfLettersInURL, HasTitle, DomainTitleMatchScore, HasFavicon, Robots, HasSocialNet, NoOfImage_log, NoOfSelfRef_log",1.0,1.0,1.0,1,187.24073097106688,39702,35130,0.29411764705882354,0.001175872161112468,284,284
"[0.020943425,0.065575495], [0.09307999999999998,0.32158], 1.0, 0.0, 1.0, 0.0, [5.639748652295298,14.401102921712722], [-2.1457260568569807,10.454789159724426], [-1.9358252042263626,2.221430236528126]","URLCharProb, DegitRatioInURL, IsHTTPS, HasDescription, Pay, HasCopyrightInfo, LargestLineLength_log, NoOfImage_log, NoOfSelfRef_log",0.0,1.0,1.0,2,118.52579753992498,39896,35136,0.2647058823529412,0.001488684486308554,59,59
"[-22.22,48.67], [0.32468673781725566,1.255], [0.407867538,0.6379466619999999], [-673.6850000000001,291.59499999999997], 1.0, [67.5,137.5], 1.0, [5.478922497204102,13.496291150257541]","DomainLength, CharContinuationRate, TLDLegitimateProb, NoOfDegitsInURL, IsHTTPS, DomainTitleMatchScore, HasSocialNet, LineOfCode_log",1.0,1.0,1.0,1,187.04339335738342,39995,35151,0.23529411764705882,0.001143300998203772,1102,1102
"[-139.70999999999998,185.63], [0.070465,0.193535], [-34.0,19.5], [-28.500000000000004,28.500000000000004], 0.0, 0.0, [-3.0934554298139383,2.1496893664808723], [-1.718273139914735,4.014241516283603]","NoOfOtherSpecialCharsInURL, SpacialCharRatioInURL, DomainTitleMatchScore, URLTitleMatchScore, HasDescription, HasSocialNet, NoOfCSS_log, NoOfExternalRef_log",0.0,0.9477303671649088,0.9893203883495145,1,173.66969223617684,39977,35161,0.23529411764705882,0.001041457412302998,1019,1030
"[-623.41,291.59499999999997], [-0.23598000000000005,0.23598000000000005], 1.0, 1.0, [2.4680417004676114,12.049288346599742], [3.8589328504135847,7.473278518347058]","NoOfDegitsInURL, DegitRatioInURL, HasTitle, HasDescription, LineOfCode_log, NoOfSelfRef_log",1.0,0.9964689300820673,0.9992927864214993,1,168.5937168198146,39982,35175,0.17647058823529413,0.0009984709917359928,1413,1414
"[0.012960594673685797,0.089445659], [-0.1368,0.1368], [-34.0,33.5], [-27.364896871389046,32.636942675], 0.0, 0.0, 0.0, [-6.553118371851593,4.8615066617032685], [3.384077717408371,6.702772516430123], [-2.1457260568569807,6.044296134093182], [-1.2386706297996644,3.008200100942042]","URLCharProb, DegitRatioInURL, DomainTitleMatchScore, URLTitleMatchScore, HasSocialNet, HasHiddenFields, HasCopyrightInfo, LineOfCode_log, LargestLineLength_log, NoOfImage_log, NoOfJS_log",0.0,1.0,1.0,1,203.0245687585863,39977,35245,0.3235294117647059,0.0012718932656332292,785,785
"[-1328.66,1810.03], 0.0, 0.0, 0.0, 0.0, [-2.1496893664808723,2.1496893664808723], [-1.2386706297996644,1.2386706297996644]","NoOfLettersInURL, IsResponsive, HasDescription, HasSocialNet, HasHiddenFields, NoOfCSS_log, NoOfJS_log",0.0,0.9770651965614674,0.9953703703703703,1,192.51049156551974,39977,35264,0.20588235294117646,0.0011893577336539126,1290,1296
"1.0, [-0.09466000000000002,0.40466], [-283.957214011989,185.63], [-27.364896871389046,32.636942675], 1.0, 0.0, [-208.26000000000002,208.26000000000002], 0.0, [-1.1892353901192005,1.1892353901192005], [-1.718273139914735,3.761554289825554]","NoOfSubDomain, DegitRatioInURL, NoOfOtherSpecialCharsInURL, URLTitleMatchScore, IsResponsive, HasDescription, NoOfiFrame, HasSocialNet, NoOfEmptyRef_log, NoOfExternalRef_log",0.0,0.9488164739169904,0.9895470383275261,1,146.2735709204924,39993,35269,0.29411764705882354,0.0009185983149066812,284,287
"[-6.219999999999999,44.75], 1.0, [-1328.66,1810.03], [-481.64,483.64], [-27.364896871389046,25.0], 1.0, 1.0, 0.0, [-0.6111192575656126,4.8615066617032685], [-2.5691409501844573,3.0934554298139383], [-1.718273139914735,4.014241516283603]","DomainLength, NoOfSubDomain, NoOfLettersInURL, NoOfDegitsInURL, URLTitleMatchScore, Robots, IsResponsive, HasSocialNet, LineOfCode_log, NoOfCSS_log, NoOfExternalRef_log",0.0,1.0,1.0,1,111.87938422567768,39935,35334,0.3235294117647059,0.0007026027543852532,24,24
"[-16.74,44.739999999999995], [0.38069000000000003,0.60465], [-693.7950000000001,135.65745767657813], [-0.12654,0.23598000000000005], [-0.10796500000000003,0.30991083406463593], 1.0, [2.5362545162627113,4.055419215745947], [1.2859169356868811,8.455972923936761], [2.5339244971307413,8.619495375896841]","DomainLength, LetterRatioInURL, NoOfDegitsInURL, DegitRatioInURL, SpacialCharRatioInURL, IsHTTPS, URLLength_log, NoOfSelfRef_log, NoOfExternalRef_log",1.0,0.9940012170815797,0.9987973541791942,1,172.52348078560823,39995,35365,0.2647058823529412,0.0010293196485904252,1661,1663
"[-22.22,50.33], [-0.18468000000000004,0.18468000000000004], [-0.10091999999999998,0.18492], [70.0,130.0], [4.645162333090265,11.229952500188748], [0.7021663226466917,4.034773374593204], [0.3414380668404249,5.650026480267557]","DomainLength, DegitRatioInURL, SpacialCharRatioInURL, DomainTitleMatchScore, LineOfCode_log, NoOfCSS_log, NoOfJS_log",1.0,0.9801481080917276,0.9959977129788451,1,164.140348850438,39995,35367,0.20588235294117646,0.0009635120421579418,1742,1749
"[-40.88387927227646,80.69], [-0.0998,0.1738], [-27.364896871389046,32.636942675], 0.0, 0.0, [-6.553118371851593,4.8615066617032685], [-3.1854519378192867,3.1854519378192867]","DomainLength, DegitRatioInURL, URLTitleMatchScore, HasDescription, HasSocialNet, LineOfCode_log, NoOfEmptyRef_log",0.0,1.0,1.0,1,202.49284663614725,39993,35398,0.20588235294117646,0.0012677192456565054,1000,1000
"[0.645,1.355], [1.9768125311432616,5.0759085180890615], [1.446565140681729,9.42087886642675], [1.2673758829863075,5.248817193056657], [0.6371263680334507,5.6552406554831105]","CharContinuationRate, URLLength_log, LineOfCode_log, NoOfJS_log, NoOfExternalRef_log",1.0,0.8019915982980319,0.9568281938325991,1,142.8303673421753,39997,35431,0.14705882352941177,0.000896974989619559,2172,2270
"[-6.219999999999999,44.75], [0.40263846699999994,0.643175733], 1.0, [-1328.66,1810.03], [-33.5,35.0], 1.0, 0.0, 0.0, [2.974301189583871,5.040365180881071], [-2.3529563388931676,4.8615066617032685]","DomainLength, TLDLegitimateProb, NoOfSubDomain, NoOfLettersInURL, DomainTitleMatchScore, Robots, HasSocialNet, HasCopyrightInfo, URLLength_log, LineOfCode_log",0.0,1.0,1.0,1,111.48400336371712,39935,35454,0.29411764705882354,0.0007001197617895455,19,19
"[-22.22,50.33], [-0.14446905303960045,0.20862], [-80.33500000000001,84.33500000000001], 1.0, 1.0, [4.645162333090265,9.472367816920077], [1.4973107796641787,13.237088941823018]","DomainLength, DegitRatioInURL, NoOfOtherSpecialCharsInURL, IsHTTPS, HasTitle, LineOfCode_log, NoOfSelfRef_log",1.0,0.9832989144455266,0.9966372425388819,1,155.81526212251524,39997,35492,0.20588235294117646,0.0008981600907459658,2371,2379
"[-76.345,78.345], [75.0,115.0], 1.0, 1.0, [4.645162333090265,13.496291150257541], [-1.6003782146699415,4.114173456470368]","NoOfOtherSpecialCharsInURL, URLTitleMatchScore, HasFavicon, HasSocialNet, LineOfCode_log, NoOfEmptyRef_log",1.0,0.9944382785401865,0.9988851727982163,1,180.1723570190373,39967,35525,0.17647058823529413,0.0011314827587029655,896,897
"[0.775,1.225], [-382.74904277880614,693.7950000000001], [-0.028444999999999998,0.13529500000000003], 1.0, [54.123274490733635,132.5], [69.0,131.0], 0.0, [-535.6700000000001,944.2395961749585], 0.0, [-2.3654959715264336,4.562720548862654]","CharContinuationRate, NoOfDegitsInURL, SpacialCharRatioInURL, IsHTTPS, DomainTitleMatchScore, URLTitleMatchScore, Robots, NoOfiFrame, HasSocialNet, NoOfSelfRef_log",1.0,0.6619236126560424,0.9207920792079208,1,119.05303965371456,39847,35559,0.29411764705882354,0.0007476533246724701,186,202
"[0.046469346999999994,0.0732076055], 1.0, 1.0, [-16.0,16.0], [-448.56000000000006,428.53000000000003], 1.0, 1.0, 0.0, [2.2080226325576096,4.456386387792798], [5.478922497204102,10.657923183718385], [-3.1854519378192867,4.085284864457941]","URLCharProb, IsHTTPS, HasTitle, URLTitleMatchScore, NoOfiFrame, HasSocialNet, HasSubmitButton, Pay, URLLength_log, LineOfCode_log, NoOfEmptyRef_log",1.0,1.0,1.0,1,137.51114642098858,39997,35561,0.3235294117647059,0.0008635702717059285,201,201
"[0.7050000000000001,1.295], 1.0, [-0.12322587499253837,0.09553500000000001], 1.0, [85.0,115.0], 0.0, 0.0, [3.378509616938468,8.139293930816093]","CharContinuationRate, NoOfSubDomain, SpacialCharRatioInURL, IsHTTPS, URLTitleMatchScore, HasSocialNet, HasSubmitButton, LineOfCode_log",1.0,0.9411932417067979,0.9879518072289156,1,129.09781175364367,39980,35573,0.23529411764705882,0.0008107345133421031,164,166
"[0.32468673781725566,1.255], [0.35819136349999997,0.6876228364999999], 1.0, [-168.66000000000003,170.66000000000003], 1.0, 1.0, 1.0, [-549.9455628810169,603.75], 1.0, 0.0, [3.555313754143808,11.401871705706004], [1.1655186907312531,5.570884523123128], [0.7615677828455949,4.654532619358825]","CharContinuationRate, TLDLegitimateProb, NoOfSubDomain, NoOfOtherSpecialCharsInURL, IsHTTPS, HasTitle, HasFavicon, NoOfiFrame, HasSocialNet, HasCopyrightInfo, LargestLineLength_log, NoOfImage_log, NoOfJS_log",1.0,1.0,1.0,1,151.56277899962515,39967,35610,0.38235294117647056,0.0009518145521128071,96,96
"[-15.5,37.5], 0.0, [-0.0998,0.1738], [-0.025400000000000013,0.16908499999999999], 0.0, 0.0, [-2.3888647860422094,2.3888647860422094]","DomainLength, NoOfSubDomain, DegitRatioInURL, SpacialCharRatioInURL, HasFavicon, HasDescription, NoOfJS_log",0.0,1.0,1.0,1,179.37629238266837,39966,35619,0.20588235294117646,0.0011264834712108815,224,224
"1.0, [0.07078999999999996,0.85869], [-0.14446905303960045,0.20862], 1.0, 1.0, [54.123274490733635,132.5], [-535.6700000000001,944.2395961749585], [0.40163520686549625,3.7572478764941755], [-2.5671900055055072,3.953484366625398]","NoOfSubDomain, LetterRatioInURL, DegitRatioInURL, IsHTTPS, HasTitle, DomainTitleMatchScore, NoOfiFrame, NoOfCSS_log, NoOfSelfRef_log",1.0,0.9846393091008233,0.9969088098918083,1,136.0476518366984,39995,35670,0.2647058823529412,0.0008543795228198242,645,647
"[-16.74,44.739999999999995], [-1051.155,1471.4800000000002], [0.29335,0.7233100000000001], [-0.12654,0.23598000000000005], [-0.07817500000000001,0.13529500000000003], 1.0, 1.0, [-448.56000000000006,213.26000000000002], 1.0, [1.3686485880772121,5.2215532515816445]","DomainLength, NoOfLettersInURL, LetterRatioInURL, DegitRatioInURL, SpacialCharRatioInURL, IsHTTPS, HasTitle, NoOfiFrame, HasSocialNet, NoOfImage_log",1.0,0.9918963150321972,0.9983739837398374,1,167.12889290154843,39997,35671,0.29411764705882354,0.0009869721203533616,1842,1845
"[5.98,50.33], [-1549.3,1286.795], [0.29335,0.60465], [-0.08992,0.19591999999999998], 1.0, 1.0, 1.0, 0.0, 0.0, 1.0, [1.2042925959078392,6.84641078556246], [-0.39637486962034507,3.168963591860126], [1.2859169356868811,7.473278518347058], [1.74157229579443,2.5550019409036584]","DomainLength, NoOfLettersInURL, LetterRatioInURL, SpacialCharRatioInURL, HasTitle, HasDescription, HasSocialNet, HasHiddenFields, Pay, HasCopyrightInfo, NoOfImage_log, NoOfCSS_log, NoOfSelfRef_log, NoOfExternalRef_log",1.0,1.0,1.0,1,165.36100000058076,39880,35673,0.4117647058823529,0.0010384674073102601,32,32
"[0.0447161435,0.0994614905], [0.03204999999999997,0.63395], 1.0, [-16.0,16.0], 1.0, 1.0, [2.3681435931575887,4.069608056578812], [-0.6909504000509903,3.9098262249191906]","URLCharProb, LetterRatioInURL, IsHTTPS, DomainTitleMatchScore, HasSocialNet, HasSubmitButton, URLLength_log, NoOfJS_log",1.0,1.0,1.0,1,135.2075854851547,39997,35697,0.23529411764705882,0.0008491039044693479,304,304
"1.0, 0.0, [-2.3529563388931676,4.550180916229388]","HasTitle, HasSocialNet, LineOfCode_log",0.0,1.0,1.0,3,184.02575898137587,39993,35730,0.08823529411764706,0.0034670463919610007,775,775
"[-22.22,50.33], [0.039335087500000004,0.0732076055], [0.27530999999999994,0.85869], [-412.25500000000005,693.7950000000001], 1.0, 1.0, 1.0, 1.0, [2.866110235983875,13.774232089941453], [1.3015555528993152,6.64941287517098], [-1.6138365298097712,3.000130890929662], [1.4973107796641787,13.237088941823018], [-1.1467626976149434,1.1467626976149434]","DomainLength, URLCharProb, LetterRatioInURL, NoOfDegitsInURL, IsHTTPS, HasTitle, HasFavicon, Pay, LargestLineLength_log, NoOfImage_log, NoOfCSS_log, NoOfSelfRef_log, NoOfEmptyRef_log",1.0,1.0,1.0,1,160.4256186186179,39967,35750,0.38235294117647056,0.0010074732024627066,273,273
"[-22.22,50.33], [-382.74904277880614,693.7950000000001], [-80.33500000000001,84.33500000000001], [-0.028444999999999998,0.13529500000000003], 1.0, [81.0,119.0], 0.0, [-535.6700000000001,944.2395961749585], [-2.3654959715264336,13.237088941823018]","DomainLength, NoOfDegitsInURL, NoOfOtherSpecialCharsInURL, SpacialCharRatioInURL, IsHTTPS, URLTitleMatchScore, HasFavicon, NoOfiFrame, NoOfSelfRef_log",1.0,0.5850123940997308,0.8983240223463688,1,158.08946117632308,39995,35754,0.2647058823529412,0.0009160125589451405,804,895
"[-1051.155,1077.155], [0.29335,0.7233100000000001], [-281.54,281.54], [-161.67000000000002,167.67000000000002], [-0.023444999999999994,0.13529500000000003], 1.0, [1.2053739308986744,5.3656509976038045], [5.478922497204102,12.049288346599742], [1.9454846253305749,5.278112611873064], [-0.6909504000509903,4.544070560803571], [3.36270222676931,6.698173616015561]","NoOfLettersInURL, LetterRatioInURL, NoOfDegitsInURL, NoOfOtherSpecialCharsInURL, SpacialCharRatioInURL, HasTitle, URLLength_log, LineOfCode_log, NoOfImage_log, NoOfJS_log, NoOfExternalRef_log",1.0,1.0,1.0,2,188.9723699688921,39967,35759,0.3235294117647059,0.0023168869387535096,1365,1365
"[-17.799999999999997,45.8], [-0.14446905303960045,0.23598000000000005], [-0.07817500000000001,0.13529500000000003], 1.0, [-448.56000000000006,428.53000000000003], 0.0, [5.478922497204102,12.049288346599742], [1.4973107796641787,8.455972923936761], [-3.1854519378192867,4.085284864457941]","DomainLength, DegitRatioInURL, SpacialCharRatioInURL, IsHTTPS, NoOfiFrame, Pay, LineOfCode_log, NoOfSelfRef_log, NoOfEmptyRef_log",1.0,0.9962292652323714,0.9992447129909365,1,150.23346372291653,39997,35767,0.2647058823529412,0.0008543429594987289,1323,1324
"[-0.1113818685,0.252522143], [-35.4117443455923,812.605], [-0.21888000000000002,0.23598000000000005], 1.0, 1.0, 0.0, [-284.38,428.53000000000003], 1.0, 1.0, [2.1712576019268566,13.237088941823018]","TLDLegitimateProb, NoOfLettersInURL, DegitRatioInURL, IsHTTPS, HasTitle, HasFavicon, NoOfiFrame, HasHiddenFields, HasCopyrightInfo, NoOfSelfRef_log",1.0,0.9764161563315893,0.9952380952380953,2,161.91478824403717,39911,35778,0.29411764705882354,0.0020336503813158427,209,210
"[-0.12654,0.24624000000000001], [-131.235,133.235], 1.0, 1.0, [-1.8097432033809087,10.657923183718385], [1.8232874343984244,5.570884523123128], [3.8589328504135847,7.323041110608129]","DegitRatioInURL, NoOfOtherSpecialCharsInURL, IsHTTPS, HasTitle, LineOfCode_log, NoOfImage_log, NoOfSelfRef_log",1.0,0.9967679406498058,0.9993527508090615,1,162.6736175173773,39997,35787,0.20588235294117646,0.0009519981975644548,1544,1545
"1.0, 1.0, [-22.0,35.0], 0.0, 1.0, 0.0, 1.0, 0.0, [-1.9358252042263626,2.221430236528126]","NoOfSubDomain, HasTitle, DomainTitleMatchScore, Robots, IsResponsive, HasSocialNet, Pay, HasCopyrightInfo, NoOfSelfRef_log",0.0,0.8751664033829021,0.9736842105263158,1,119.21611069688116,39896,35805,0.2647058823529412,0.0007486774111463304,37,38
"[0.7050000000000001,1.295], 1.0, [-0.09793500000000001,0.18393500000000002], 1.0, [78.5,120.61273592240126], [69.0,131.0], [4.645162333090265,8.139293930816093], [0.26456104497644617,4.865337669946627], [-0.8482161342007344,5.978114849123807]","CharContinuationRate, NoOfSubDomain, SpacialCharRatioInURL, IsHTTPS, DomainTitleMatchScore, URLTitleMatchScore, LineOfCode_log, NoOfJS_log, NoOfSelfRef_log",1.0,0.9965108198731789,0.9993011879804332,1,155.25674962286524,39995,35810,0.2647058823529412,0.0009750126949384004,1430,1431
"[-0.07817500000000001,0.16596500000000003], 1.0, 1.0, [2.5362545162627113,4.055419215745947], [1.3667126673688355,13.237088941823018], [2.5339244971307413,8.619495375896841]","SpacialCharRatioInURL, IsHTTPS, HasTitle, URLLength_log, NoOfSelfRef_log, NoOfExternalRef_log",1.0,0.994861264737788,0.9989701338825953,1,169.42766694804155,39995,35836,0.17647058823529413,0.0010050175023059188,1940,1942
"[-40.88387927227646,80.69], [-33.5,35.0], [-30.5,32.636942675], 0.0, 0.0, 0.0, 0.0, [-2.71001516243399,4.8615066617032685], [-2.7870089170492442,2.7870089170492442], [-5.925585524048861,1.5792258245004538], [-3.1854519378192867,3.1854519378192867], [-1.2416527940438218,4.014241516283603]","DomainLength, DomainTitleMatchScore, URLTitleMatchScore, HasFavicon, HasDescription, HasSocialNet, HasHiddenFields, LineOfCode_log, NoOfJS_log, NoOfSelfRef_log, NoOfEmptyRef_log, NoOfExternalRef_log",0.0,1.0,1.0,1,203.38186144394513,39993,35849,0.35294117647058826,0.0012746980140973033,975,975
"[-0.08721912118904873,0.9982500000000001], [0.01403999999999997,0.27396], 0.0, 0.0, 1.0, 0.0, [-0.1639378322055447,8.815350252847441], [-1.4865442376490008,1.5290169301532577]","LetterRatioInURL, DegitRatioInURL, IsHTTPS, HasSocialNet, HasSubmitButton, Pay, LargestLineLength_log, NoOfEmptyRef_log",0.0,1.0,1.0,1,96.16608,39259,35853,0.23529411764705882,0.0006039231727459336,9,9
"1.0, 0.0, 1.0, 0.0, [-2.1457260568569807,10.454789159724426], [-2.9770541768464223,3.932358597221108], [-1.9358252042263626,2.221430236528126], [-2.9455488804359637,4.3318432415558545]","IsHTTPS, HasDescription, Pay, HasCopyrightInfo, NoOfImage_log, NoOfCSS_log, NoOfSelfRef_log, NoOfExternalRef_log",0.0,0.8553344495048385,0.9692307692307692,1,117.04421470803018,39896,35929,0.23529411764705882,0.0007350379000374129,63,65
"[-161.64514154076443,185.63], 1.0, 0.0, 0.0, [-6.553118371851593,10.682106423750714], [-1.2386706297996644,1.2386706297996644], [-1.2416527940438218,3.761554289825554]","NoOfOtherSpecialCharsInURL, IsResponsive, HasDescription, HasSocialNet, LineOfCode_log, NoOfJS_log, NoOfExternalRef_log",0.0,0.9375201536147749,0.9871794871794872,1,149.60920977125124,39935,35934,0.20588235294117646,0.0009395461334918298,385,390
"[-16.74,44.739999999999995], [0.03204999999999997,0.7233100000000001], [-0.12654,0.24624000000000001], 1.0, 1.0, 1.0, [1.2053739308986744,5.3656509976038045], [4.645162333090265,12.049288346599742], [3.8589328504135847,8.455972923936761]","DomainLength, LetterRatioInURL, DegitRatioInURL, IsHTTPS, HasTitle, HasFavicon, URLLength_log, LineOfCode_log, NoOfSelfRef_log",1.0,0.9947916779989557,0.9989561586638831,1,151.31911679310133,39997,35944,0.2647058823529412,0.0009502843529735457,957,958
"[-1328.66,1810.03], [0.20282999999999995,0.74917], [-315.87,367.87], [-28.999999999999996,28.999999999999996], 0.0, [-232.29,232.29], 0.0, [-2.6985324434921254,2.6985324434921254], [-2.2510527027256297,2.208580010221372]","NoOfLettersInURL, LetterRatioInURL, NoOfDegitsInURL, URLTitleMatchScore, Robots, NoOfiFrame, HasSocialNet, NoOfJS_log, NoOfEmptyRef_log",0.0,0.7887776635197924,0.9536541889483066,1,178.579059126993,39993,35954,0.2647058823529412,0.0010799959545425737,1070,1122
"1.0, [-58.375,185.63], 0.0, 0.0, [-504.63,504.63], 0.0, [1.9217551562647839,9.621127089995248], [-1.5018487291695963,1.5290169301532577]","NoOfSubDomain, NoOfOtherSpecialCharsInURL, HasFavicon, HasDescription, NoOfiFrame, Pay, LargestLineLength_log, NoOfEmptyRef_log",0.0,0.46034408803999516,0.8562814070351759,1,185.39084473375217,39993,35968,0.23529411764705882,0.001164254871880567,852,995
"[-1435.4800000000002,1471.4800000000002], [0.29335,0.60465], [-0.09918,0.23598000000000005], 1.0, 0.0, [1.5246961435682502,5.278112611873064], [-0.6909504000509903,4.544070560803571], [-2.930615782793744,2.930615782793744], [3.36270222676931,6.698173616015561]","NoOfLettersInURL, LetterRatioInURL, DegitRatioInURL, IsHTTPS, HasDescription, NoOfImage_log, NoOfJS_log, NoOfEmptyRef_log, NoOfExternalRef_log",1.0,1.0,1.0,1,169.8638106285148,39719,35986,0.2647058823529412,0.0010667450669663056,346,346
"[0.32468673781725566,1.1752815479305077], [0.392180325,0.6536338749999999], [-673.6850000000001,291.59499999999997], 1.0, 1.0, [4.645162333090265,12.049288346599742], [5.314761185516479,13.774232089941453], [3.8589328504135847,8.990889313462043]","CharContinuationRate, TLDLegitimateProb, NoOfDegitsInURL, IsHTTPS, HasDescription, LineOfCode_log, LargestLineLength_log, NoOfSelfRef_log",1.0,1.0,1.0,1,184.5919512156028,39980,35987,0.23529411764705882,0.001124057171325479,621,621
"1.0, [-0.23598000000000005,0.24624000000000001], [-78.84,80.84], 1.0, [2.4680417004676114,13.496291150257541], [3.666497216173857,5.941544873292656], [3.5110517270377537,7.473278518347058], [1.766709251910584,8.735654709207758]","NoOfSubDomain, DegitRatioInURL, NoOfOtherSpecialCharsInURL, HasTitle, LineOfCode_log, NoOfImage_log, NoOfSelfRef_log, NoOfExternalRef_log",1.0,1.0,1.0,1,170.26681065612632,39967,35987,0.23529411764705882,0.0010692759079373824,578,578
"[-17.799999999999997,45.8], [0.29335,0.60465], [-0.14446905303960045,0.23598000000000005], [-75.345,79.345], [-0.07817500000000001,0.13529500000000003], 1.0, 0.0, [1.3686485880772121,5.278112611873064], [1.4973107796641787,8.455972923936761]","DomainLength, LetterRatioInURL, DegitRatioInURL, NoOfOtherSpecialCharsInURL, SpacialCharRatioInURL, IsHTTPS, Pay, NoOfImage_log, NoOfSelfRef_log",1.0,0.9862007636551754,0.9972247918593895,1,163.36504760076167,39997,35997,0.2647058823529412,0.0009574259254297461,1078,1081
"[-6.91,42.91], [-0.16416,0.16416], [-175.14499999999998,179.14499999999998], 1.0, [-33.5,42.73210502294395], 0.0, 1.0, 0.0, 0.0, [2.578857716977249,8.259865284699352]","DomainLength, DegitRatioInURL, NoOfOtherSpecialCharsInURL, HasTitle, DomainTitleMatchScore, HasDescription, HasSubmitButton, Pay, HasCopyrightInfo, LargestLineLength_log",0.0,0.3035966957071313,0.7878787878787878,1,108.60802825541262,39478,36011,0.29411764705882354,0.0006820586324168438,26,33
"[0.05857142900000001,0.798571429], [0.0386641413272556,0.089445659], [-1328.66,3098.7495486884895], 0.0, 0.0, 0.0, [1.1119680461947792,4.912135797637768], [-6.553118371851593,4.8615066617032685], [-3.20939441753318,3.20939441753318]","CharContinuationRate, URLCharProb, NoOfLettersInURL, Robots, HasSocialNet, HasCopyrightInfo, URLLength_log, LineOfCode_log, NoOfSelfRef_log",0.0,1.0,1.0,1,199.58728038128578,39993,36040,0.2647058823529412,0.001244910543366942,522,522
"[-1435.4800000000002,1471.4800000000002], [0.29335,0.60465], [-0.23598000000000005,0.12654], [-173.65,175.65], 1.0, 1.0, [-0.5385609020635121,1.9248552631834026], [3.36270222676931,6.698173616015561]","NoOfLettersInURL, LetterRatioInURL, DegitRatioInURL, NoOfOtherSpecialCharsInURL, IsHTTPS, HasHiddenFields, NoOfEmptyRef_log, NoOfExternalRef_log",1.0,1.0,1.0,1,200.94926877136479,39945,36080,0.23529411764705882,0.0012619618056322766,631,631
"[-30.75,48.75], [0.18239,0.61761], [-0.0998,0.1738], 0.0, [-2.3529563388931676,4.550180916229388]","DomainLength, LetterRatioInURL, DegitRatioInURL, HasSocialNet, LineOfCode_log",0.0,1.0,1.0,1,173.86429226045772,39977,36084,0.14705882352941177,0.0010918680995332438,661,661
"[-422.31,422.31], [-173.65,88.325], 1.0, 1.0, [-263.8842454454971,537.6700000000001], 1.0, 1.0, [5.9553203956847405,10.00198706248072], [-1.541173576065767,8.619495375896841]","NoOfDegitsInURL, NoOfOtherSpecialCharsInURL, HasTitle, Robots, NoOfiFrame, HasSocialNet, HasCopyrightInfo, LineOfCode_log, NoOfExternalRef_log",1.0,0.9850077678777088,0.9969834087481146,1,161.42729908251016,39982,36093,0.2647058823529412,0.0010137637577586221,661,663
"[-0.07274000000000003,0.24874000000000002], [-33.5,35.0], 0.0, 0.0, 0.0, 0.0, 0.0, 0.0, [-0.05283158698519985,1.865539078837415], [-0.2780942142320315,3.496970039100232], [-3.056566111936362,1.5792258245004538], [-1.2416527940438218,4.014241516283603]","DegitRatioInURL, DomainTitleMatchScore, HasFavicon, Robots, HasDescription, HasSocialNet, HasHiddenFields, HasCopyrightInfo, NoOfImage_log, NoOfCSS_log, NoOfSelfRef_log, NoOfExternalRef_log",0.0,1.0,1.0,1,203.15760906368257,39993,36094,0.35294117647058826,0.001272937632357401,947,947
"[-168.65,180.65], 0.0, 1.0, [66.0,133.5], 0.0, 0.0, [-358.0746059299621,320.40000000000003], 0.0, 0.0, 0.0, 0.0, [-3.20939441753318,3.20939441753318], [-2.888143090289487,2.888143090289487]","NoOfOtherSpecialCharsInURL, IsHTTPS, HasTitle, URLTitleMatchScore, HasFavicon, IsResponsive, NoOfiFrame, HasSocialNet, HasHiddenFields, Pay, HasCopyrightInfo, NoOfSelfRef_log, NoOfEmptyRef_log",0.0,1.0,1.0,1,182.93701088788598,39933,36100,0.38235294117647056,0.0011488447904715415,184,184
"[-0.14314000000000004,0.34256000000000003], [-352.52512190696683,189.125], 0.0, 0.0, 0.0, 0.0, [-7.48907403009181,4.8615066617032685], [3.8494259139880267,13.80551031105328], [-3.932358597221108,5.6057663146597765], [-1.9358252042263626,2.037710741290908]","DegitRatioInURL, NoOfOtherSpecialCharsInURL, HasDescription, HasSocialNet, Pay, HasCopyrightInfo, LineOfCode_log, LargestLineLength_log, NoOfCSS_log, NoOfSelfRef_log",0.0,1.0,1.0,1,194.39429580268884,39993,36122,0.29411764705882354,0.0012041456015765653,949,949
"[-422.31,422.31], [-0.09918,0.23598000000000005], [-173.65,88.325], 1.0, 1.0, [-263.8842454454971,537.6700000000001], 1.0, 1.0, [5.9553203956847405,10.00198706248072], [-1.541173576065767,8.619495375896841]","NoOfDegitsInURL, DegitRatioInURL, NoOfOtherSpecialCharsInURL, HasTitle, HasDescription, NoOfiFrame, HasSocialNet, HasCopyrightInfo, LineOfCode_log, NoOfExternalRef_log",1.0,0.9951830532790095,0.999034749034749,2,173.78642183799835,39995,36134,0.29411764705882354,0.0020784674779528683,1035,1036
"[-40.88387927227646,80.69], [-898.335,1022.335], [-362.03499999999997,382.03499999999997], [-33.5,35.0], [-30.5,32.636942675], 1.0, 0.0, 0.0, [-2.5691409501844573,3.932358597221108], [-2.7870089170492442,3.008200100942042], [-5.925585524048861,1.5792258245004538]","DomainLength, NoOfLettersInURL, NoOfDegitsInURL, DomainTitleMatchScore, URLTitleMatchScore, IsResponsive, HasDescription, HasSocialNet, NoOfCSS_log, NoOfJS_log, NoOfSelfRef_log",0.0,1.0,1.0,3,144.53735752341385,39993,36139,0.3235294117647059,0.002723084674009383,335,335
"[-0.07391999999999999,0.23219], [-33.5,35.0], 1.0, 0.0, 1.0, 0.0, [4.293150967769047,5.4561759915198635], [0.11226767313336317,2.660321049106418], [-5.925585524048861,0.888606392348702]","SpacialCharRatioInURL, DomainTitleMatchScore, HasFavicon, Robots, IsResponsive, HasSocialNet, URLLength_log, NoOfImage_log, NoOfSelfRef_log",0.0,1.0,1.0,1,117.2,39872,36143,0.2647058823529412,0.0007360162319793364,5,5
"2.0, [-0.23598000000000005,0.23598000000000005], 1.0, 1.0, 1.0, [1.8232874343984244,5.570884523123128], [1.2859169356868811,7.473278518347058], [-1.086336568441278,4.978156866551904]","NoOfSubDomain, DegitRatioInURL, IsHTTPS, HasTitle, HasDescription, NoOfImage_log, NoOfSelfRef_log, NoOfExternalRef_log",1.0,1.0,1.0,1,134.8299186545247,39904,36159,0.23529411764705882,0.0008467321560254582,152,152
"[0.023527761499999997,0.0692956205], [0.44201999999999997,0.8679800000000001], [-352.52512190696683,189.125], [-0.07391999999999999,0.23219], 0.0, 0.0, 0.0, 0.0, [-2.888544574204401,4.550180916229388], [-3.056566111936362,1.5792258245004538]","URLCharProb, LetterRatioInURL, NoOfOtherSpecialCharsInURL, SpacialCharRatioInURL, HasDescription, HasSocialNet, HasHiddenFields, Pay, LineOfCode_log, NoOfSelfRef_log",0.0,1.0,1.0,1,196.11544941862886,39993,36164,0.29411764705882354,0.0012176566617201423,863,863
"[0.32468673781725566,1.1752815479305077], [-623.41,693.7950000000001], [-0.059190000000000006,0.18492], 1.0, 1.0, [67.5,132.5], [67.5,132.5], [-368.46000000000004,368.46000000000004], 0.0, [1.0885487807616214,5.646042879211327], [4.645162333090265,11.229952500188748], [0.3414380668404249,5.650026480267557]","CharContinuationRate, NoOfDegitsInURL, SpacialCharRatioInURL, IsHTTPS, HasTitle, DomainTitleMatchScore, URLTitleMatchScore, NoOfiFrame, HasHiddenFields, URLLength_log, LineOfCode_log, NoOfJS_log",1.0,0.9709322266185962,0.9941176470588236,1,162.68209669897482,39995,36172,0.35294117647058826,0.0009520647591609744,676,680
"[-22.22,50.33], [-0.18468000000000004,0.18468000000000004], [-0.10091999999999998,0.15519], 1.0, [-1.3541274085488313,4.937646347004941], [1.2859169356868811,13.237088941823018], [-2.407359372250827,3.793653733370718]","DomainLength, DegitRatioInURL, SpacialCharRatioInURL, HasCopyrightInfo, NoOfCSS_log, NoOfSelfRef_log, NoOfEmptyRef_log",1.0,0.9846816623361455,0.9969173859432799,1,155.48137692088832,39997,36172,0.20588235294117646,0.0008955390910871016,1617,1622
"[0.029212639000000006,0.093826087], [-0.20862,0.267], [-576.72,209.2566052125244], 0.0, 0.0, [-2.71001516243399,4.550180916229388], [-2.1457260568569807,1.638034313125535]","URLCharProb, DegitRatioInURL, NoOfiFrame, HasSocialNet, HasCopyrightInfo, LineOfCode_log, NoOfImage_log",0.0,1.0,1.0,1,193.67995383642045,39993,36213,0.20588235294117646,0.0011985380153739463,1070,1070
"[0.32468673781725566,1.1752815479305077], [-1593.21,1625.21], [-0.23598000000000005,0.24624000000000001], [-0.07817500000000001,-0.004093665722671447], 1.0, 1.0, [-35.5,35.5], 1.0, [-448.56000000000006,213.26000000000002], [1.2053739308986744,5.3656509976038045], [1.8232874343984244,5.570884523123128], [3.8589328504135847,8.990889313462043]","CharContinuationRate, NoOfLettersInURL, DegitRatioInURL, SpacialCharRatioInURL, IsHTTPS, HasTitle, DomainTitleMatchScore, IsResponsive, NoOfiFrame, URLLength_log, NoOfImage_log, NoOfSelfRef_log",1.0,0.1,1.0,1,161.64774400000002,36221,36221,0.35294117647058826,0.0010151481522767951,0,0
"[0.038503368499999996,0.0770919555], [-1616.03,949.38], [-88.82,90.82], 0.0, [-2.3529563388931676,8.148003344998088]","URLCharProb, NoOfLettersInURL, NoOfOtherSpecialCharsInURL, HasSocialNet, LineOfCode_log",0.0,0.26779310392032213,0.7683513838748496,1,155.87920465501776,39993,36228,0.14705882352941177,0.0009018020407739888,1277,1662
"[-35.4117443455923,812.605], 1.0, 1.0, 1.0, [1.229772874707129,5.36190085730153], [-0.6909504000509903,6.443249586077761], [1.4973107796641787,8.299671969071387], [1.8732927545424958,8.735654709207758]","NoOfLettersInURL, IsHTTPS, HasTitle, HasCopyrightInfo, URLLength_log, NoOfJS_log, NoOfSelfRef_log, NoOfExternalRef_log",1.0,0.9967574605787659,0.9993506493506493,2,162.3249335260031,39997,36229,0.23529411764705882,0.0018985220547389188,1539,1540
"[0.25479999999999997,0.6252], [-80.33500000000001,84.33500000000001], [-0.01026500000000001,0.184265], 1.0, 1.0, [-284.38,428.53000000000003], 0.0, [-1.4391259481050904,6.62772158459763], [3.5110517270377537,8.455972923936761]","LetterRatioInURL, NoOfOtherSpecialCharsInURL, SpacialCharRatioInURL, IsHTTPS, HasTitle, NoOfiFrame, HasSocialNet, NoOfImage_log, NoOfSelfRef_log",1.0,0.9771699127850398,0.9953917050691244,1,128.89343286439907,39980,36229,0.2647058823529412,0.0008094510135131105,216,217
"[0.44453,1.0834700000000002], [-253.11591594563575,79.345], [-31.152173913,39.847826087], 0.0, 0.0, 1.0, [-2.3529563388931676,4.550180916229388], [-1.0399325090235612,3.2371570863597805], [-1.9358252042263626,1.375454750371363], [-2.5908342427596867,2.5908342427596867]","LetterRatioInURL, NoOfOtherSpecialCharsInURL, URLTitleMatchScore, Robots, HasSocialNet, Pay, LineOfCode_log, NoOfImage_log, NoOfSelfRef_log, NoOfEmptyRef_log",0.0,1.0,1.0,1,149.18269696,39598,36240,0.29411764705882354,0.0009368676321929555,12,12
"[0.036053367499999996,0.0930480145], [-0.10796500000000003,0.151235], 1.0, [66.5,132.5], 1.0, [2.768926422293755,12.049288346599742], [1.2859169356868811,13.237088941823018], [-0.13309579395534765,2.330320371291567]","URLCharProb, SpacialCharRatioInURL, IsHTTPS, DomainTitleMatchScore, HasCopyrightInfo, LineOfCode_log, NoOfSelfRef_log, NoOfEmptyRef_log",1.0,1.0,1.0,1,166.88215089675444,39995,36242,0.23529411764705882,0.0009850351950052441,1106,1106
"[0.012960594673685797,0.089445659], [-156.175,168.175], [-21.5,21.5], 0.0, 0.0, 0.0, 0.0, [5.352259797623745,12.653388355471598], [-2.1457260568569807,1.638034313125535], [-3.932358597221108,3.932358597221108], [-3.082784162788201,3.8983752453311213]","URLCharProb, NoOfOtherSpecialCharsInURL, DomainTitleMatchScore, HasDescription, HasSocialNet, Pay, HasCopyrightInfo, LargestLineLength_log, NoOfImage_log, NoOfCSS_log, NoOfExternalRef_log",0.0,1.0,1.0,1,150.25035688951465,39993,36253,0.3235294117647059,0.0009435725386635758,361,361
"0.0, [87.5,112.5], 0.0, 0.0, [1.8709473007394288,5.4561759915198635], [-0.5455234492397191,1.9318178103596098], [-3.082784162788201,4.014241516283603]","NoOfSubDomain, DomainTitleMatchScore, HasSocialNet, HasHiddenFields, URLLength_log, NoOfJS_log, NoOfExternalRef_log",0.0,1.0,1.0,1,143.57326414956347,39924,36312,0.20588235294117646,0.0009016403830404065,38,38
"[0.36603496999999996,0.67977923], [-1666.075,1708.075], 1.0, 0.0, 0.0, 0.0, [2.4451046342937173,4.146569097714941], [-3.20939441753318,3.20939441753318]","TLDLegitimateProb, NoOfLettersInURL, HasTitle, HasSocialNet, HasHiddenFields, Pay, URLLength_log, NoOfSelfRef_log",0.0,0.5602200036507994,0.8905775075987842,1,157.58638316366418,39993,36313,0.23529411764705882,0.0009896427981857681,293,329
"[-281.54,291.59499999999997], [-0.23598000000000005,0.24624000000000001], 1.0, 1.0, 0.0, [0.09801615999642488,6.704378603327886], [-0.6909504000509903,4.544070560803571]","NoOfDegitsInURL, DegitRatioInURL, IsHTTPS, HasTitle, Pay, NoOfCSS_log, NoOfJS_log",1.0,0.5729510476099244,0.8945888966971187,1,155.28163084461534,39997,36329,0.20588235294117646,0.0008939710838941505,1273,1423
"[-0.23598000000000005,0.24624000000000001], 1.0, 1.0, [54.123274490733635,132.5], [85.0,115.0], 0.0, 0.0, [1.4120726386451175,5.179601093363541], [4.830603110889394,12.049288346599742], [-0.8548401418244607,4.073715966692661]","DegitRatioInURL, IsHTTPS, HasTitle, DomainTitleMatchScore, URLTitleMatchScore, HasSocialNet, Pay, URLLength_log, LineOfCode_log, NoOfCSS_log",1.0,0.911951465074332,0.9817351598173516,1,133.56569737509722,39980,36344,0.29411764705882354,0.0008387928438883224,215,219
"[0.15737999999999996,0.84262], [-623.41,898.5964547215442], 1.0, [73.0,117.0], [75.0,125.0], 0.0, [4.310294372871142,12.049288346599742], [1.8232874343984244,3.293290922926462], [1.6551306448147742,16.36355680326171]","LetterRatioInURL, NoOfDegitsInURL, IsHTTPS, DomainTitleMatchScore, URLTitleMatchScore, HasFavicon, LineOfCode_log, NoOfImage_log, NoOfSelfRef_log",1.0,1.0,1.0,1,184.0809237845621,39995,36351,0.2647058823529412,0.0011200456047274344,254,254
"[-156.175,168.175], [-21.5,21.5], 0.0, 0.0, 0.0, 0.0, [5.352259797623745,12.653388355471598], [-2.1457260568569807,5.4957662135288565], [-3.932358597221108,3.932358597221108]","NoOfOtherSpecialCharsInURL, DomainTitleMatchScore, HasDescription, HasSocialNet, Pay, HasCopyrightInfo, LargestLineLength_log, NoOfImage_log, NoOfCSS_log",0.0,0.986188057567755,0.9972222222222222,1,150.20187507837096,39993,36391,0.2647058823529412,0.0009432680727936312,359,360
"1.0, [0.27530999999999994,0.7233100000000001], [-291.59499999999997,693.7950000000001], [67.5,132.5], 0.0, 1.0, [5.478922497204102,10.442355426212632], [0.40163520686549625,3.7572478764941755], [-0.11585332192971776,3.334729146797918], [1.3757139673423362,3.7541847475807373]","NoOfSubDomain, LetterRatioInURL, NoOfDegitsInURL, DomainTitleMatchScore, HasFavicon, Robots, LineOfCode_log, NoOfCSS_log, NoOfJS_log, NoOfEmptyRef_log",1.0,1.0,1.0,1,151.1990469050485,39945,36420,0.29411764705882354,0.0009495303138389141,51,51
"[0.046469346999999994,0.0732076055], [-0.21888000000000002,0.23598000000000005], 1.0, [-34.5,34.5], 1.0, [1.2053739308986744,5.3656509976038045], [-1.1243450020572263,5.5187941567296654], [-1.8375487972569846,4.034773374593204], [2.1712576019268566,8.455972923936761], [-2.84567039778523,2.84567039778523]","URLCharProb, DegitRatioInURL, HasTitle, DomainTitleMatchScore, HasCopyrightInfo, URLLength_log, NoOfImage_log, NoOfCSS_log, NoOfSelfRef_log, NoOfEmptyRef_log",1.0,0.9684568100571301,0.9936102236421726,1,128.36580387711047,39997,36438,0.29411764705882354,0.0008061375024285779,311,313
"[-0.092596543,0.252522143], [0.23608999999999997,0.7639100000000001], 1.0, [-284.38,514.64], [-1.1698459551996025,5.564295109872042], [2.1712576019268566,8.299671969071387]","TLDLegitimateProb, LetterRatioInURL, IsHTTPS, NoOfiFrame, NoOfImage_log, NoOfSelfRef_log",1.0,0.9662573449599996,0.9931584948688712,1,142.26875950389163,39997,36438,0.17647058823529413,0.0008934480912835215,871,877
"[-0.07817500000000001,0.16596500000000003], 1.0, 1.0, 0.0, [-448.56000000000006,428.53000000000003], 1.0, 1.0, [0.6193675709505853,6.069923115339463], [1.3667126673688355,8.990889313462043], [2.3200828061658636,4.846955070746356]","SpacialCharRatioInURL, IsHTTPS, HasTitle, HasFavicon, NoOfiFrame, HasSocialNet, HasCopyrightInfo, NoOfImage_log, NoOfSelfRef_log, NoOfExternalRef_log",1.0,0.986301576924124,0.9972451790633609,1,182.0075716308756,39995,36443,0.29411764705882354,0.0011037697851911442,362,363
"[0.044747119,0.082438297], [0.29335,0.85869], [-0.10796500000000003,0.30991083406463593], 1.0, 1.0, 1.0, [1.9454846253305749,5.278112611873064], [1.2859169356868811,11.657378591948232]","URLCharProb, LetterRatioInURL, SpacialCharRatioInURL, IsHTTPS, HasTitle, HasCopyrightInfo, NoOfImage_log, NoOfSelfRef_log",1.0,0.9961802947648833,0.9992348890589136,1,169.72187840187962,39997,36445,0.23529411764705882,0.0010073270629464806,1306,1307
"[0.0201486395,0.067901117], 0.0, 0.0, 0.0, [-576.72,576.72], 0.0, [-1.865539078837415,1.638034313125535]","URLCharProb, HasFavicon, Robots, HasDescription, NoOfiFrame, HasHiddenFields, NoOfImage_log",0.0,0.9103169014458113,0.9813829787234043,1,190.64664497941038,39993,36463,0.20588235294117646,0.0011747265333414579,1107,1128
"[-1032.2,1044.2], [-0.07717500000000001,0.2051], 1.0, 0.0, [2.740672508360473,5.414402379450967], [-2.3529563388931676,4.550180916229388], [-4.185298455043503,1.5792258245004538], [-2.2510527027256297,2.2510527027256297]","NoOfLettersInURL, SpacialCharRatioInURL, HasTitle, HasSocialNet, URLLength_log, LineOfCode_log, NoOfSelfRef_log, NoOfEmptyRef_log",0.0,1.0,1.0,1,188.74424672706837,39993,36496,0.23529411764705882,0.0011853142430361353,606,606
"[-22.22,50.33], [-80.33500000000001,84.33500000000001], 1.0, [67.5,132.5], [-535.6700000000001,428.53000000000003], [-2.395281261287323,5.278112611873064], [1.4973107796641787,13.237088941823018]","DomainLength, NoOfOtherSpecialCharsInURL, IsHTTPS, DomainTitleMatchScore, NoOfiFrame, NoOfImage_log, NoOfSelfRef_log",1.0,0.985294373953479,0.9970414201183432,1,169.3442986501267,39995,36524,0.20588235294117646,0.0010043630609610189,1348,1352
"[-253.11591594563575,79.345], [-0.0457318556478929,0.16416000000000003], 0.0, 0.0, 0.0, [-2.71001516243399,4.8615066617032685], [-2.8210590948273104,2.8210590948273104], [-3.7750642533322636,3.7750642533322636], [-1.2386706297996644,2.7870089170492442], [-2.037710741290908,1.375454750371363]","NoOfOtherSpecialCharsInURL, SpacialCharRatioInURL, HasFavicon, HasSocialNet, HasCopyrightInfo, LineOfCode_log, NoOfImage_log, NoOfCSS_log, NoOfJS_log, NoOfSelfRef_log",0.0,1.0,1.0,1,197.10640301699334,39993,36538,0.29411764705882354,0.0012254356499191035,1109,1109
"[0.635,1.365], [-281.54,291.59499999999997], [-0.14446905303960045,0.22914000000000004], 1.0, 1.0, 0.0, [4.645162333090265,15.806130486857757], [-0.6909504000509903,4.544070560803571], [3.8589328504135847,8.407891448799006]","CharContinuationRate, NoOfDegitsInURL, DegitRatioInURL, IsHTTPS, HasTitle, HasSocialNet, LineOfCode_log, NoOfJS_log, NoOfSelfRef_log",1.0,0.9675352504611456,0.993421052631579,1,137.618362073545,39980,36543,0.2647058823529412,0.0008642435862161996,151,152
"[0.011350607000000002,0.070579601], [-0.22914000000000004,0.20862], 1.0, 1.0, [78.5,121.5], 1.0, 1.0, [3.36270222676931,6.698173616015561]","URLCharProb, DegitRatioInURL, IsHTTPS, HasTitle, DomainTitleMatchScore, HasDescription, HasSubmitButton, NoOfExternalRef_log",1.0,1.0,1.0,1,184.862118528233,39967,36543,0.23529411764705882,0.0011609344702633746,471,471
"0.0, [0.34727,1.0047300000000001], [-165.155,179.155], 1.0, [-30.5,20.5], [-320.40000000000003,320.40000000000003], [-2.320548610261175,2.320548610261175], [-4.050230870053159,6.431397741276213], [-3.056566111936362,1.5792258245004538]","NoOfSubDomain, LetterRatioInURL, NoOfOtherSpecialCharsInURL, HasTitle, URLTitleMatchScore, NoOfiFrame, NoOfImage_log, NoOfCSS_log, NoOfSelfRef_log",0.0,1.0,1.0,1,175.67396185804006,39872,36551,0.2647058823529412,0.001103232828188023,54,54
"[-16.74,44.739999999999995], [0.38069000000000003,0.60465], [-693.7950000000001,898.5964547215442], [-0.10796500000000003,0.30991083406463593], 1.0, [73.0,121.4833617925182], [4.310294372871142,15.806130486857757], [-0.8548401418244607,4.073715966692661], [1.2859169356868811,8.455972923936761]","DomainLength, LetterRatioInURL, NoOfDegitsInURL, SpacialCharRatioInURL, IsHTTPS, DomainTitleMatchScore, LineOfCode_log, NoOfCSS_log, NoOfSelfRef_log",1.0,0.995335829031856,0.9990654205607477,1,185.98269988798702,39995,36555,0.2647058823529412,0.001134974551844661,1069,1070
"[0.175,0.7250000000000001], [0.012960594673685797,0.089445659], [-318.76,324.76], [-133.195,171.195], 0.0, [-336.42,336.42], 0.0, [-2.71001516243399,4.851464508326278], [-0.8994293434681943,3.008200100942042], [-3.082784162788201,3.8983752453311213]","CharContinuationRate, URLCharProb, NoOfDegitsInURL, NoOfOtherSpecialCharsInURL, HasDescription, NoOfiFrame, HasSocialNet, LineOfCode_log, NoOfJS_log, NoOfExternalRef_log",0.0,1.0,1.0,1,196.33188776955086,39993,36561,0.29411764705882354,0.001219355703310388,528,528
"[-1051.155,1077.155], [-0.12654,0.23598000000000005], 1.0, [-535.6700000000001,428.53000000000003], 1.0","NoOfLettersInURL, DegitRatioInURL, IsHTTPS, NoOfiFrame, HasCopyrightInfo",1.0,0.8684624125677963,0.9721878862793573,1,154.0414933551861,39997,36583,0.14705882352941177,0.0008842360015338048,1573,1618
"[-0.07904000000000001,0.17504000000000003], 0.0, 1.0, 0.0, 0.0, [-1.1892353901192005,2.888143090289487]","SpacialCharRatioInURL, IsHTTPS, HasTitle, Robots, HasSocialNet, NoOfEmptyRef_log",0.0,1.0,1.0,1,173.540042143417,39933,36596,0.17647058823529413,0.001089831808156425,391,391
"[-17.799999999999997,45.8], [0.07078999999999996,0.85869], [-0.008360000000000006,0.38836000000000004], [-0.07817500000000001,0.13529500000000003], 1.0, [67.5,132.5], 0.0, 0.0, [5.478922497204102,12.049288346599742]","DomainLength, LetterRatioInURL, DegitRatioInURL, SpacialCharRatioInURL, IsHTTPS, DomainTitleMatchScore, HasSocialNet, Pay, LineOfCode_log",1.0,0.9428725041287065,0.9883040935672515,1,133.62975248183724,39980,36608,0.2647058823529412,0.000839195110085437,169,171
"[-0.14446905303960045,0.23598000000000005], [-288.4935856496991,140.72000000000003], [-0.07817500000000001,0.13529500000000003], 1.0, 1.0, [-596.6295655384766,944.2395961749585], [5.478922497204102,12.049288346599742], [1.4973107796641787,13.237088941823018], [-3.1854519378192867,4.085284864457941]","DegitRatioInURL, NoOfOtherSpecialCharsInURL, SpacialCharRatioInURL, IsHTTPS, HasTitle, NoOfiFrame, LineOfCode_log, NoOfSelfRef_log, NoOfEmptyRef_log",1.0,0.9942726382116615,0.9988518943742825,1,155.25721558597206,39997,36608,0.2647058823529412,0.0008937794240533929,1740,1742
"1.0, [-1051.155,917.4250000000001], [-0.18468000000000004,0.18468000000000004], [-138.72000000000003,98.305], [-0.07817500000000001,0.13529500000000003], 1.0, 1.0, [67.5,132.5], [5.478922497204102,12.049288346599742], [1.9454846253305749,5.570884523123128], [0.40163520686549625,3.7572478764941755], [-0.28995751949659043,6.178835477829471]","NoOfSubDomain, NoOfLettersInURL, DegitRatioInURL, NoOfOtherSpecialCharsInURL, SpacialCharRatioInURL, IsHTTPS, HasTitle, DomainTitleMatchScore, LineOfCode_log, NoOfImage_log, NoOfCSS_log, NoOfExternalRef_log",1.0,1.0,1.0,1,179.88586721425332,39995,36625,0.35294117647058826,0.0010871144002711757,1190,1190
"[-0.09918,0.12654], [-173.65,175.65], [-0.07817500000000001,0.149927393695798], 1.0, [2.92809976348058,10.188295842143958], [2.795051276004961,9.299693082087593], [1.1655186907312531,5.570884523123128], [1.3366648609668677,4.079435541237553], [1.3667126673688355,7.610443003536902]","DegitRatioInURL, NoOfOtherSpecialCharsInURL, SpacialCharRatioInURL, IsHTTPS, LineOfCode_log, LargestLineLength_log, NoOfImage_log, NoOfJS_log, NoOfSelfRef_log",1.0,0.996150889867354,0.9992289899768697,1,151.74739878896673,39997,36677,0.2647058823529412,0.0008662273535129743,1296,1297
"[-0.12654,0.23598000000000005], [-173.65,88.325], 1.0, [-26.5,26.5], 0.0, 1.0, [2.5362545162627113,4.055419215745947], [5.9553203956847405,10.00198706248072], [1.8232874343984244,3.293290922926462]","DegitRatioInURL, NoOfOtherSpecialCharsInURL, HasTitle, DomainTitleMatchScore, HasFavicon, HasDescription, URLLength_log, LineOfCode_log, NoOfImage_log",1.0,0.8650761992027131,0.9714285714285714,1,130.96971833260164,39745,36692,0.2647058823529412,0.0008224900903631098,34,35
"[-16.74,44.739999999999995], [0.32468673781725566,1.1752815479305077], [-0.12654,0.24624000000000001], 1.0, [1.2053739308986744,5.3656509976038045], [3.8589328504135847,8.990889313462043]","DomainLength, CharContinuationRate, DegitRatioInURL, IsHTTPS, URLLength_log, NoOfSelfRef_log",1.0,0.9961568070095571,0.9992301770592764,1,159.88984337268909,39997,36700,0.17647058823529413,0.0009301455636410873,1298,1299
"1.0, [-0.09918,0.23598000000000005], [-96.305,98.305], 1.0, 0.0, [5.478922497204102,11.185917546343594], [0.40163520686549625,3.7572478764941755], [1.4973107796641787,13.237088941823018]","NoOfSubDomain, DegitRatioInURL, NoOfOtherSpecialCharsInURL, IsHTTPS, HasSocialNet, LineOfCode_log, NoOfCSS_log, NoOfSelfRef_log",1.0,1.0,1.0,1,120.43583331750985,39980,36710,0.23529411764705882,0.0007563372716181315,215,215
"0.0, [-502.75,502.75], [-0.05186000000000002,0.1738], [-181.63,187.63], [-0.025400000000000013,0.13340000000000002], 1.0, 1.0, 0.0, [-2.9770541768464223,3.932358597221108], [-3.273629521613398,5.9938196939898996], [-4.288690978366612,3.2402856071735804]","NoOfSubDomain, NoOfDegitsInURL, DegitRatioInURL, NoOfOtherSpecialCharsInURL, SpacialCharRatioInURL, HasTitle, IsResponsive, HasSocialNet, NoOfCSS_log, NoOfJS_log, NoOfSelfRef_log",0.0,1.0,1.0,1,111.32486007517322,39963,36712,0.3235294117647059,0.0006991203416224902,66,66
"[4.059174103960828,80.16], [-156.185,185.63], [-0.079025,0.179025], 0.0, 0.0, 0.0, [2.868530516392989,4.509228391834883], [-2.3529563388931676,4.550180916229388], [4.030911494847924,11.863031220539257], [-1.9358252042263626,1.375454750371363]","DomainLength, NoOfOtherSpecialCharsInURL, SpacialCharRatioInURL, IsHTTPS, Robots, HasSocialNet, URLLength_log, LineOfCode_log, LargestLineLength_log, NoOfSelfRef_log",0.0,1.0,1.0,1,201.7891850071556,39885,36722,0.29411764705882354,0.0012672364812555278,313,313
"[0.32468673781725566,1.1752815479305077], 1.0, [-1051.155,1077.155], 1.0, 1.0, 0.0, [-549.9455628810169,537.6700000000001], [3.4699686923975364,11.43483621004974], [1.3667126673688355,8.407891448799006]","CharContinuationRate, NoOfSubDomain, NoOfLettersInURL, IsHTTPS, HasTitle, HasFavicon, NoOfiFrame, LargestLineLength_log, NoOfSelfRef_log",1.0,0.8907810114479995,0.9771341463414634,1,167.23081024771193,39995,36724,0.2647058823529412,0.0009877721717729074,641,656
"[-0.10260000000000001,0.10260000000000001], [-80.33500000000001,88.325], [-0.01026500000000001,0.184265], 1.0, [1.229772874707129,5.36190085730153], [5.9553203956847405,10.00198706248072], [-1.541173576065767,8.735654709207758]","DegitRatioInURL, NoOfOtherSpecialCharsInURL, SpacialCharRatioInURL, HasTitle, URLLength_log, LineOfCode_log, NoOfExternalRef_log",1.0,0.9381456527099186,0.9873111782477342,1,153.8412804361114,39997,36737,0.20588235294117646,0.0008826643296237048,1634,1655
"[-1616.03,1810.03], [-702.85,704.85], [-0.07134000000000001,0.2520217674008579], 0.0, 0.0, [-1.6564350076660292,1.4015988526404863]","NoOfLettersInURL, NoOfDegitsInURL, DegitRatioInURL, IsHTTPS, HasSocialNet, NoOfEmptyRef_log",0.0,1.0,1.0,1,190.2605212227911,39977,36756,0.17647058823529413,0.001171695460896656,643,643
"[-22.22,50.33], [-341.87,693.7950000000001], [-0.14022,0.14022], [-0.022309999999999997,0.140175], 1.0, [67.5,132.5], 1.0, [-535.6700000000001,944.2395961749585], 1.0, [2.992102545918886,10.657923183718385], [2.2668617118816967,8.619495375896841]","DomainLength, NoOfDegitsInURL, DegitRatioInURL, SpacialCharRatioInURL, IsHTTPS, DomainTitleMatchScore, HasFavicon, NoOfiFrame, HasSocialNet, LineOfCode_log, NoOfExternalRef_log",1.0,1.0,1.0,1,180.20761070333097,39967,36763,0.3235294117647059,0.001131704151910109,625,625
"[8.69,37.31], [0.0201486395,0.07556096017007741], 0.0, [-181.63,189.125], 1.0, [3.8118524108744007,8.215577901211203], [-2.502552422830679,3.5703401119539375], [-1.9907206550351746,1.9907206550351746], [-4.288690978366612,3.2402856071735804]","DomainLength, URLCharProb, NoOfSubDomain, NoOfOtherSpecialCharsInURL, HasTitle, LineOfCode_log, NoOfImage_log, NoOfJS_log, NoOfSelfRef_log",0.0,1.0,1.0,1,107.99435581351466,39963,36785,0.2647058823529412,0.0006782047682670545,56,56
"[0.32468673781725566,1.1752815479305077], 1.0, 1.0, [4.803415297737883,13.774232089941453], [-1.6138365298097712,2.678503370169185]","CharContinuationRate, HasTitle, IsResponsive, LargestLineLength_log, NoOfCSS_log",1.0,0.2943248532679704,0.7830065359477124,1,163.14004579163603,39997,36796,0.14705882352941177,0.0009556596606714143,1198,1530
"[0.020943425,0.065575495], 1.0, [0.44453,1.0834700000000002], [-426.365,438.365], [-0.016980000000000023,0.25298], 1.0, [-37.0,37.0], 1.0, 0.0, 0.0, 0.0, [2.37039959589249,4.740296527086337], [-4.288690978366612,2.221430236528126], [-2.7182523202724584,1.1892353901192005]","URLCharProb, NoOfSubDomain, LetterRatioInURL, NoOfDegitsInURL, SpacialCharRatioInURL, IsHTTPS, URLTitleMatchScore, HasFavicon, Robots, HasDescription, HasSocialNet, URLLength_log, NoOfSelfRef_log, NoOfEmptyRef_log",0.0,0.889004939668669,0.9767441860465116,1,144.70250119784018,39896,36801,0.4117647058823529,0.0009087319939387349,42,43
"[0.775,1.225], 1.0, [-382.74904277880614,693.7950000000001], [-0.18468000000000004,0.18468000000000004], 1.0, [69.0,131.0], 0.0, 0.0, [-535.6700000000001,944.2395961749585]","CharContinuationRate, NoOfSubDomain, NoOfDegitsInURL, DegitRatioInURL, IsHTTPS, URLTitleMatchScore, Robots, IsResponsive, NoOfiFrame",1.0,0.8751664033829021,0.9736842105263158,1,129.5963148219054,39929,36822,0.2647058823529412,0.0008138651135974967,111,114
"[0.38164999999999993,0.79835], 0.0, 1.0, 1.0, [-1.3245119818390902,1.3245119818390902]","LetterRatioInURL, IsHTTPS, HasTitle, HasCopyrightInfo, NoOfSelfRef_log",0.0,1.0,1.0,1,83.69074297671126,39928,36823,0.14705882352941177,0.0005255780315466734,32,32
"[0.036053367499999996,0.0930480145], 1.0, [0.38069000000000003,0.60465], [-0.10796500000000003,0.30991083406463593], 1.0, [2.768926422293755,15.806130486857757], [-0.8548401418244607,4.073715966692661]","URLCharProb, NoOfSubDomain, LetterRatioInURL, SpacialCharRatioInURL, IsHTTPS, LineOfCode_log, NoOfCSS_log",1.0,0.6741160390917109,0.9241594996090696,1,169.43335854429873,39995,36842,0.20588235294117646,0.0010050621813506198,1182,1279
"[-0.07400512649999999,0.15084492649999998], [-139.70999999999998,185.63], 0.0, [-28.999999999999996,28.999999999999996], 0.0, 0.0, 0.0, 1.0, [2.868530516392989,4.509228391834883], [-3.0934554298139383,3.0934554298139383], [-1.9358252042263626,3.20939441753318]","TLDLegitimateProb, NoOfOtherSpecialCharsInURL, IsHTTPS, DomainTitleMatchScore, HasFavicon, HasDescription, HasSocialNet, HasHiddenFields, URLLength_log, NoOfCSS_log, NoOfSelfRef_log",0.0,1.0,1.0,1,93.0,39259,36846,0.3235294117647059,0.0005840401840791662,2,2
"[-0.0734118845,0.1305218845], [-673.6850000000001,693.7950000000001], 1.0, 1.0, 1.0, [1.3015555528993152,5.278112611873064], [1.3127269085473197,5.092029282797721], [1.3667126673688355,13.237088941823018]","TLDLegitimateProb, NoOfDegitsInURL, IsHTTPS, IsResponsive, HasSubmitButton, NoOfImage_log, NoOfJS_log, NoOfSelfRef_log",1.0,0.9889868915957042,0.9977876106194691,1,148.91667212911062,39997,36847,0.23529411764705882,0.0009351969957284151,451,452
"[-156.175,185.63], 1.0, 0.0, 0.0, [5.352259797623745,12.653388355471598], [-3.932358597221108,3.932358597221108], [-1.718273139914735,1.718273139914735]","NoOfOtherSpecialCharsInURL, IsResponsive, HasSocialNet, HasCopyrightInfo, LargestLineLength_log, NoOfCSS_log, NoOfExternalRef_log",0.0,0.7401942647289437,0.9416058394160584,1,145.4599062329914,39993,36854,0.20588235294117646,0.000913488499058651,258,274
"[0.0201486395,0.067901117], 0.0, 0.0, 0.0, [2.3450023258973975,6.7201966604091155]","URLCharProb, NoOfSubDomain, Robots, HasSocialNet, URLLength_log",0.0,1.0,1.0,1,150.08704176479574,39966,36859,0.14705882352941177,0.000942546919357084,194,194
"[-16.74,50.33], [0.75,1.25], [-382.74904277880614,898.5964547215442], [-0.21888000000000002,0.12654], 1.0, 1.0, [67.5,121.4833617925182], 0.0","DomainLength, CharContinuationRate, NoOfDegitsInURL, DegitRatioInURL, IsHTTPS, HasTitle, DomainTitleMatchScore, HasDescription",1.0,0.7637411743968185,0.9475218658892128,1,154.27765188351515,39866,36888,0.23529411764705882,0.0009688639591973086,325,343
"1.0, 1.0, [63.5,137.5], [67.5,132.5], 0.0, [-535.6700000000001,368.46000000000004], 0.0, [1.9165131728815772,7.981006607874759]","IsHTTPS, HasTitle, DomainTitleMatchScore, URLTitleMatchScore, Robots, NoOfiFrame, HasHiddenFields, NoOfExternalRef_log",1.0,0.9825179137408303,0.9964788732394366,1,170.1578605639082,39995,36899,0.23529411764705882,0.0010107495239971044,283,284
"[-1616.03,1034.0152766176398], 0.0","NoOfLettersInURL, IsHTTPS",0.0,1.0,1.0,4,189.69163720952338,39977,36907,0.058823529411764705,0.004668918879939927,658,658
"[0.019917224000000004,0.08632549], [-0.10260000000000001,0.10260000000000001], [-0.10796500000000003,0.151235], 1.0, 1.0, [-34.5,34.5], 1.0, 1.0, [5.9553203956847405,11.45735779512042], [-1.005760519610341,2.3920548807302318]","URLCharProb, DegitRatioInURL, SpacialCharRatioInURL, IsHTTPS, HasTitle, DomainTitleMatchScore, HasSocialNet, HasCopyrightInfo, LineOfCode_log, NoOfEmptyRef_log",1.0,0.9569030982425781,0.9912280701754386,1,130.88863101816418,39997,36916,0.29411764705882354,0.0008219808618679426,226,228
"[0.07563999999999999,0.7423599999999999], [-0.21888000000000002,0.12654], [-148.7,150.7], [-0.11787500000000001,0.149927393695798], 1.0, 1.0, 0.0, 1.0, 0.0, [2.4680417004676114,12.049288346599742], [1.2673758829863075,5.248817193056657]","LetterRatioInURL, DegitRatioInURL, NoOfOtherSpecialCharsInURL, SpacialCharRatioInURL, IsHTTPS, HasTitle, HasFavicon, Robots, HasDescription, LineOfCode_log, NoOfJS_log",1.0,0.9523897995102434,0.9902912621359223,1,155.9594619659026,39612,36933,0.3235294117647059,0.0009794257298435857,102,103
"[-34.75,44.75], [-382.09000000000003,382.09000000000003], [-139.70999999999998,185.63], 0.0, 0.0, 0.0, [-2.3529563388931676,4.995421933929881], [-1.5470324068407832,1.5470324068407832], [-1.718273139914735,2.1587330940166307]","DomainLength, NoOfDegitsInURL, NoOfOtherSpecialCharsInURL, IsHTTPS, HasSocialNet, HasCopyrightInfo, LineOfCode_log, NoOfImage_log, NoOfExternalRef_log",0.0,1.0,1.0,1,193.1917227024632,39977,36934,0.2647058823529412,0.0011947053997644092,587,587
"[-30.5,30.5], 0.0, 0.0, 0.0, [-1.162760260423762,4.550180916229388]","URLTitleMatchScore, HasDescription, HasSocialNet, HasHiddenFields, LineOfCode_log",0.0,1.0,1.0,1,203.53029948552611,39993,36945,0.14705882352941177,0.001275863253090977,679,679
"[0.47500000000000003,0.885], [-352.52512190696683,189.125], [0.0035550000000000026,0.150445], 0.0, 0.0, 0.0, 0.0, [2.508322190816621,5.9598908183778985], [-1.865539078837415,6.044296134093182], [-2.1496893664808723,4.663950750148581], [-4.288690978366612,1.5792258245004538]","CharContinuationRate, NoOfOtherSpecialCharsInURL, SpacialCharRatioInURL, Robots, IsResponsive, HasSocialNet, HasCopyrightInfo, LineOfCode_log, NoOfImage_log, NoOfCSS_log, NoOfSelfRef_log",0.0,1.0,1.0,1,138.512815886037,39805,36945,0.3235294117647059,0.0008698607579290829,118,118
"[0.38164999999999993,0.79835], 0.0, 1.0, 1.0, 0.0, 1.0, [2.6077134802448567,6.3778617307752015], [-1.5290169301532577,1.5290169301532577]","LetterRatioInURL, IsHTTPS, HasTitle, HasDescription, HasSocialNet, HasCopyrightInfo, URLLength_log, NoOfEmptyRef_log",0.0,1.0,1.0,1,78.762112,39928,36955,0.23529411764705882,0.0004946262192574613,10,10
"[-0.09785034899999999,0.100854349], [0.0201486395,0.089445659], [-0.02801000000000002,0.23401], [-34.0,33.5], 0.0, [-2.6100559699350065,2.6100559699350065], [-3.20939441753318,3.20939441753318]","TLDLegitimateProb, URLCharProb, SpacialCharRatioInURL, DomainTitleMatchScore, HasSocialNet, NoOfJS_log, NoOfSelfRef_log",0.0,0.8646711251326509,0.9713375796178344,1,162.8402281541667,39949,36959,0.20588235294117646,0.0010226369551253004,610,628
"1.0, [-33.5,19.5], 0.0, 0.0, 0.0, [-2.3529563388931676,5.085769151540621]","IsHTTPS, DomainTitleMatchScore, Robots, HasDescription, HasHiddenFields, LineOfCode_log",0.0,1.0,1.0,1,190.19150696012326,39993,36959,0.17647058823529413,0.0011944030401643485,405,405
"0.0, 0.0, 0.0, [3.8118524108744007,8.215577901211203]","IsHTTPS, HasFavicon, HasSocialNet, LineOfCode_log",0.0,1.0,1.0,1,129.3926108894653,39928,36968,0.11764705882352941,0.0008125858524985724,59,59
"[-1328.66,1810.03], [-58.375,278.1951030901971], 0.0, [-1.2386706297996644,1.2386706297996644], [-1.9112711626915722,1.9112711626915722]","NoOfLettersInURL, NoOfOtherSpecialCharsInURL, IsHTTPS, NoOfJS_log, NoOfEmptyRef_log",0.0,1.0,1.0,2,189.69164744377127,39977,36968,0.14705882352941177,0.0023344596006477057,624,624
"0.0, 0.0, 0.0, [-6.553118371851593,10.682106423750714], [-2.1457260568569807,1.865539078837415], [-2.037710741290908,1.5792258245004538], [-2.2510527027256297,2.2510527027256297], [-3.082784162788201,3.8983752453311213]","IsResponsive, HasDescription, HasHiddenFields, LineOfCode_log, NoOfImage_log, NoOfSelfRef_log, NoOfEmptyRef_log, NoOfExternalRef_log",0.0,0.9822068604192332,0.996415770609319,1,192.51065742628893,39977,36995,0.23529411764705882,0.0011893590356613613,834,837
"[-156.16500000000002,178.16500000000002], [-576.72,209.2566052125244], [1.3209227566761232,5.94092630579458], [-2.71001516243399,4.550180916229388], [-1.2386706297996644,3.008200100942042], [-3.0580338603065154,3.0580338603065154]","NoOfOtherSpecialCharsInURL, NoOfiFrame, URLLength_log, LineOfCode_log, NoOfJS_log, NoOfEmptyRef_log",0.0,1.0,1.0,2,192.29914814145866,39993,37014,0.17647058823529413,0.0023753973745042622,938,938
"[-0.07108000000000003,0.31514000000000003], [-0.07717500000000001,0.18922], 1.0, 0.0, [-576.72,576.72], 0.0, 0.0, 0.0","DegitRatioInURL, SpacialCharRatioInURL, HasTitle, HasDescription, NoOfiFrame, HasSocialNet, HasSubmitButton, HasHiddenFields",0.0,0.7772277573068616,0.9508448540706606,1,186.650269386354,39993,37014,0.23529411764705882,0.0011721640611917436,619,651
"[0.037038199,0.08729310300000001], [-80.33500000000001,84.33500000000001], 1.0, [-2.395281261287323,5.278112611873064], [3.8589328504135847,13.237088941823018]","URLCharProb, NoOfOtherSpecialCharsInURL, IsHTTPS, NoOfImage_log, NoOfSelfRef_log",1.0,1.0,1.0,2,161.77576244014546,39997,37016,0.14705882352941177,0.001889900065973455,1133,1133
"[0.0201486395,0.065575495], [-137.72000000000003,178.16500000000002], [-0.023175000000000015,0.203385], 1.0, 1.0, 1.0, 0.0, 0.0, 1.0, 0.0, [1.5316655808477422,5.422667445280858], [1.9161942230408386,9.295409909551157], [-3.932358597221108,3.932358597221108], [-1.9358252042263626,2.221430236528126]","URLCharProb, NoOfOtherSpecialCharsInURL, SpacialCharRatioInURL, HasTitle, HasFavicon, IsResponsive, HasDescription, HasSocialNet, Pay, HasCopyrightInfo, URLLength_log, LineOfCode_log, NoOfCSS_log, NoOfSelfRef_log",0.0,1.0,1.0,1,120.776145042154,39896,37029,0.4117647058823529,0.0007584744299224914,27,27
"[0.32468673781725566,1.1752815479305077], 1.0, [-0.12654,0.23598000000000005], 1.0, 1.0, [-448.56000000000006,213.26000000000002], 1.0, [1.2053739308986744,5.3656509976038045], [4.645162333090265,13.496291150257541], [0.0002444130875423056,4.158638670272129], [3.5110517270377537,13.237088941823018]","CharContinuationRate, NoOfSubDomain, DegitRatioInURL, IsHTTPS, HasTitle, NoOfiFrame, HasSocialNet, URLLength_log, LineOfCode_log, NoOfJS_log, NoOfSelfRef_log",1.0,1.0,1.0,1,176.55413056681977,39982,37031,0.3235294117647059,0.0010609602593454985,950,950
"[0.039335087500000004,0.0994614905], [0.25479999999999997,0.6252], [-66.36500000000001,68.36500000000001], 1.0, 1.0, 1.0, [1.4654821926312647,5.0507108834117], [3.7526899396093496,13.774232089941453], [0.9062392838145867,6.62772158459763], [2.1712576019268566,8.299671969071387], [0.6232126454976097,2.420943472742658]","URLCharProb, LetterRatioInURL, NoOfOtherSpecialCharsInURL, IsHTTPS, HasTitle, HasCopyrightInfo, URLLength_log, LargestLineLength_log, NoOfImage_log, NoOfSelfRef_log, NoOfEmptyRef_log",1.0,1.0,1.0,2,157.42006763190807,39997,37051,0.3235294117647059,0.0018215156359305618,550,550
"[-1616.03,949.38], 0.0, 0.0, 0.0, [-2.71001516243399,4.851464508326278], [-1.2386706297996644,2.2857237045880847], [-2.037710741290908,2.037710741290908], [-2.2510527027256297,2.2510527027256297]","NoOfLettersInURL, HasDescription, HasSubmitButton, HasHiddenFields, LineOfCode_log, NoOfJS_log, NoOfSelfRef_log, NoOfEmptyRef_log",0.0,0.9947423881032144,0.9989462592202318,1,197.4767537835342,39993,37058,0.23529411764705882,0.0012283429043527644,948,949
"[-1328.66,1810.03], [-156.16500000000002,278.1951030901971], [-0.057205000000000006,0.153205], 0.0, 0.0, [-2.71001516243399,4.550180916229388], [-1.2386706297996644,3.008200100942042]","NoOfLettersInURL, NoOfOtherSpecialCharsInURL, SpacialCharRatioInURL, Robots, HasHiddenFields, LineOfCode_log, NoOfJS_log",0.0,1.0,1.0,1,192.29912538046193,39993,37075,0.20588235294117646,0.0011876985085782505,859,859
"[-16.74,44.739999999999995], 1.0, [-19.0,19.0], 0.0, [2.2668617118816967,8.619495375896841]","DomainLength, IsHTTPS, URLTitleMatchScore, HasFavicon, NoOfExternalRef_log",1.0,0.9074739402027171,0.9807692307692307,1,135.27323321824775,39953,37098,0.14705882352941177,0.0008495161723631118,153,156
"[0.7,1.3], [-0.23598000000000005,0.24624000000000001], [-173.65,88.325], 1.0, 1.0, 1.0, 1.0, [5.478922497204102,10.00198706248072]","CharContinuationRate, DegitRatioInURL, NoOfOtherSpecialCharsInURL, IsHTTPS, HasTitle, HasSocialNet, HasCopyrightInfo, LineOfCode_log",1.0,0.9949698291213122,0.998991935483871,1,171.11105149987984,39995,37101,0.23529411764705882,0.001074577742107199,991,992
"0.0, [-593.245,704.85], [-0.07500000000000001,0.267], [-352.52512190696683,189.125], 1.0, 0.0, 0.0, [-472.59,472.59], 0.0, 0.0, 0.0, [-2.5691409501844573,4.663950750148581], [-1.2416527940438218,4.014241516283603]","NoOfSubDomain, NoOfDegitsInURL, DegitRatioInURL, NoOfOtherSpecialCharsInURL, IsHTTPS, HasFavicon, Robots, NoOfiFrame, HasSocialNet, HasSubmitButton, HasCopyrightInfo, NoOfCSS_log, NoOfExternalRef_log",0.0,1.0,1.0,1,176.49628779946767,39718,37102,0.38235294117647056,0.001108397036727856,90,90
"[0.26941999999999994,0.8805799999999999], [-0.1368,0.1368], [-34.0,33.5], [-25.0,32.636942675], 0.0, 0.0, 0.0, [-1.6648294140324191,4.8615066617032685], [-2.1457260568569807,6.044296134093182], [-1.2386706297996644,2.2857237045880847], [-2.037710741290908,2.037710741290908]","LetterRatioInURL, DegitRatioInURL, DomainTitleMatchScore, URLTitleMatchScore, HasSocialNet, HasSubmitButton, HasHiddenFields, LineOfCode_log, NoOfImage_log, NoOfJS_log, NoOfSelfRef_log",0.0,1.0,1.0,1,205.5802294898773,39993,37110,0.3235294117647059,0.0012919552086970343,587,587
"[8.39,47.61], 2.0, [0.39862,0.60465], [-0.10602,0.24624000000000001], 1.0, 1.0, [3.9266372015024364,10.00198706248072], [0.7585300989465651,10.71461449601182], [-0.47265530446643833,5.442468604042439], [0.40163520686549625,3.7572478764941755], [-1.874797490865139,5.766617788975766]","DomainLength, NoOfSubDomain, LetterRatioInURL, DegitRatioInURL, IsHTTPS, HasCopyrightInfo, LineOfCode_log, LargestLineLength_log, NoOfImage_log, NoOfCSS_log, NoOfSelfRef_log",1.0,1.0,1.0,1,132.46229603931928,39997,37115,0.3235294117647059,0.0008318634813156241,104,104
"[-536.97,548.97], [0.03577999999999998,0.32158], 1.0, [-25.61633205698891,22.0], 0.0, 0.0, 1.0, [2.802095347211316,5.961957922136446], [7.732671905177047,15.564791630868381], [-1.8726705525965017,4.018335916053033], [-1.5792258245004538,2.221430236528126], [-2.7182523202724584,2.7182523202724584]","NoOfDegitsInURL, DegitRatioInURL, HasTitle, DomainTitleMatchScore, Robots, HasSocialNet, Pay, URLLength_log, LargestLineLength_log, NoOfJS_log, NoOfSelfRef_log, NoOfEmptyRef_log",0.0,1.0,1.0,1,105.66179581787294,39962,37116,0.35294117647058826,0.0006635562868774816,33,33
"0.0, [-318.76,704.85], [-352.52512190696683,189.125], 0.0, 1.0, 0.0, [-2.5691409501844573,4.663950750148581], [1.1790332709489524,4.2370671312554675]","NoOfSubDomain, NoOfDegitsInURL, NoOfOtherSpecialCharsInURL, Robots, HasDescription, HasSocialNet, NoOfCSS_log, NoOfEmptyRef_log",0.0,1.0,1.0,1,72.0,37607,37129,0.23529411764705882,0.00045216014251290285,1,1
"[0.011350607000000002,0.070579601], 1.0, 1.0, 1.0, 1.0, [-352.44,352.44], 0.0, 1.0, [4.645162333090265,9.472367816920077], [0.40163520686549625,4.073715966692661]","URLCharProb, NoOfSubDomain, IsHTTPS, HasTitle, HasDescription, NoOfiFrame, HasSocialNet, HasCopyrightInfo, LineOfCode_log, NoOfCSS_log",1.0,0.9576333356156542,0.9913793103448276,1,119.53923027458556,39980,37139,0.29411764705882354,0.0007507066027338795,115,116
"[-40.88387927227646,80.69], [0.74,1.26], [-318.76,704.85], [-0.22230000000000003,0.22230000000000003], [-125.74000000000001,150.20499999999998], 0.0, [-576.72,448.56000000000006], 0.0, 0.0, [-0.8365388505702094,6.562591763534959], [-1.9907206550351746,1.9907206550351746], [-3.0322467174965912,3.0322467174965912]","DomainLength, CharContinuationRate, NoOfDegitsInURL, DegitRatioInURL, NoOfOtherSpecialCharsInURL, HasDescription, NoOfiFrame, HasSocialNet, HasSubmitButton, LineOfCode_log, NoOfJS_log, NoOfExternalRef_log",0.0,0.910418847478079,0.981404958677686,1,186.67144461038106,39933,37140,0.35294117647058826,0.0011722970416405466,475,484
"[0.41424,0.8957600000000001], [-0.18810000000000002,0.18810000000000002], [-144.20499999999998,133.74], 0.0, 0.0, 0.0, 0.0, 0.0, 0.0, [-6.553118371851593,4.550180916229388], [-0.234835399554703,1.638034313125535], [-1.5729434388884431,1.5729434388884431], [-4.288690978366612,2.037710741290908], [-2.7607250127767156,3.1854519378192867], [-1.2416527940438218,3.8836229505565436]","LetterRatioInURL, DegitRatioInURL, NoOfOtherSpecialCharsInURL, HasFavicon, Robots, HasDescription, HasSocialNet, HasSubmitButton, HasCopyrightInfo, LineOfCode_log, NoOfImage_log, NoOfCSS_log, NoOfSelfRef_log, NoOfEmptyRef_log, NoOfExternalRef_log",0.0,1.0,1.0,1,198.44396027295238,39993,37140,0.4411764705882353,0.0012359354776877425,644,644
"[-352.52512190696683,189.125], 1.0, 0.0, 0.0, [-7.48907403009181,4.8615066617032685], [-2.4331030228207693,2.4331030228207693]","NoOfOtherSpecialCharsInURL, Robots, HasDescription, HasCopyrightInfo, LineOfCode_log, NoOfJS_log",0.0,1.0,1.0,1,115.45898559424383,39935,37143,0.17647058823529413,0.0007250826580651179,49,49
"[0.015399972499999998,0.0701419215], [-1616.03,949.38], 0.0, 0.0, 0.0, [2.5831044466761095,5.414402379450967], [-3.0934554298139383,3.0934554298139383]","URLCharProb, NoOfLettersInURL, IsHTTPS, HasFavicon, HasDescription, URLLength_log, NoOfCSS_log",0.0,1.0,1.0,1,194.06706529770935,39977,37173,0.20588235294117646,0.0012015768413028486,514,514
"[0.0201486395,0.089445659], 0.0, [0.34727,1.0047300000000001], 1.0, [-30.5,20.5], [-320.40000000000003,236.18560951252908], [1.3034615579055462,9.158755675803627], [-4.050230870053159,6.431397741276213], [-3.056566111936362,1.5792258245004538], [-2.06757783221677,3.453872193336661]","URLCharProb, NoOfSubDomain, LetterRatioInURL, HasTitle, URLTitleMatchScore, NoOfiFrame, LineOfCode_log, NoOfCSS_log, NoOfSelfRef_log, NoOfEmptyRef_log",0.0,1.0,1.0,1,174.46344432368772,39872,37174,0.29411764705882354,0.0010956307756762574,44,44
"[-16.159999999999997,60.16], [-351.925,351.925], 1.0, 1.0, [75.0,115.0], 1.0, 1.0, [1.235757224888339,5.428651795462068], [4.645162333090265,13.496291150257541], [3.4157153794520694,8.997973224539482], [-1.9169488791341485,4.114173456470368]","DomainLength, NoOfDegitsInURL, IsHTTPS, HasTitle, URLTitleMatchScore, HasSocialNet, HasCopyrightInfo, URLLength_log, LineOfCode_log, LargestLineLength_log, NoOfEmptyRef_log",1.0,1.0,1.0,1,201.6003578798946,39995,37191,0.3235294117647059,0.0012575732057220693,506,506
"[0.40142857099999996,0.741428571], 2.0, [-281.54,281.54], [-0.12654,0.23598000000000005], 1.0, [1.2053739308986744,5.3656509976038045], [1.9454846253305749,5.278112611873064], [-0.6909504000509903,0.7871689502370107], [3.36270222676931,8.619495375896841]","CharContinuationRate, NoOfSubDomain, NoOfDegitsInURL, DegitRatioInURL, HasTitle, URLLength_log, NoOfImage_log, NoOfJS_log, NoOfExternalRef_log",1.0,1.0,1.0,1,96.0,37674,37192,0.2647058823529412,0.0006028801900172038,1,1
"[-362.03499999999997,905.8300766453531], [0.09307999999999998,0.31622], 1.0, 0.0, 1.0, 0.0, 1.0, [-6.553118371851593,10.682106423750714], [-2.728883412627102,4.926107989963321], [-2.7870089170492442,3.008200100942042], [-3.1005065528107725,3.1005065528107725], [-0.5131347898135135,3.7320106146817142]","NoOfDegitsInURL, DegitRatioInURL, IsHTTPS, Robots, IsResponsive, HasDescription, HasCopyrightInfo, LineOfCode_log, NoOfCSS_log, NoOfJS_log, NoOfEmptyRef_log, NoOfExternalRef_log",0.0,1.0,1.0,1,88.26079999999999,39962,37199,0.35294117647058826,0.0005542779986986502,8,8
"[-40.88387927227646,80.69], [0.020943425,0.065575495], [-898.335,1022.335], [-426.365,813.8538163218911], [-0.023175000000000015,0.23219], [-33.5,35.0], [-30.5,32.636942675], 1.0, 0.0, 0.0, [-2.5691409501844573,3.932358597221108], [-5.925585524048861,1.5792258245004538]","DomainLength, URLCharProb, NoOfLettersInURL, NoOfDegitsInURL, SpacialCharRatioInURL, DomainTitleMatchScore, URLTitleMatchScore, IsResponsive, HasDescription, HasSocialNet, NoOfCSS_log, NoOfSelfRef_log",0.0,1.0,1.0,3,144.51387315325934,39993,37199,0.35294117647058826,0.0027226422283362214,243,243
"[-34.75,44.75], 1.0, [-1117.02,1167.02], [-0.5492018988539662,0.9982500000000001], [-21.0,21.0], 1.0, 0.0, 0.0, 0.0, 0.0, [2.6077134802448567,5.94092630579458], [-2.1395962783554534,3.4240051024107983]","DomainLength, NoOfSubDomain, NoOfLettersInURL, LetterRatioInURL, URLTitleMatchScore, IsResponsive, HasDescription, HasHiddenFields, Pay, HasCopyrightInfo, URLLength_log, NoOfSelfRef_log",0.0,1.0,1.0,1,175.64285677195716,39993,37207,0.35294117647058826,0.0011030374881858547,112,112
"1.0, [0.07078999999999996,0.85869], [-0.09918,0.18468000000000004], 1.0, 1.0, [67.5,132.5], 0.0, [1.4120726386451175,5.179601093363541], [4.830603110889394,11.229952500188748], [-0.8548401418244607,4.034773374593204], [-2.3888647860422094,3.334729146797918], [1.1919268423539144,4.224173559850506]","NoOfSubDomain, LetterRatioInURL, DegitRatioInURL, IsHTTPS, HasTitle, DomainTitleMatchScore, HasSocialNet, URLLength_log, LineOfCode_log, NoOfCSS_log, NoOfJS_log, NoOfExternalRef_log",1.0,1.0,1.0,1,125.1529448205126,39980,37208,0.35294117647058826,0.000785960741193784,129,129
"1.0, [-1328.66,1810.03], [-144.20499999999998,278.1951030901971], 0.0, 0.0, 0.0, [-6.553118371851593,6.562591763534959], [-1.5729434388884431,1.5729434388884431], [-1.9112711626915722,3.1854519378192867], [-1.2416527940438218,3.8836229505565436]","NoOfSubDomain, NoOfLettersInURL, NoOfOtherSpecialCharsInURL, IsHTTPS, HasDescription, HasSocialNet, LineOfCode_log, NoOfCSS_log, NoOfEmptyRef_log, NoOfExternalRef_log",0.0,1.0,1.0,1,191.38804839360574,39977,37237,0.29411764705882354,0.0012019173227349879,347,347
"[31.78780672856797,44.739999999999995], [-1051.155,1077.155], [-0.07817500000000001,0.13529500000000003], 1.0, 1.0, [-448.56000000000006,213.26000000000002], [1.2053739308986744,5.3656509976038045], [5.478922497204102,12.049288346599742], [1.8232874343984244,5.2215532515816445]","DomainLength, NoOfLettersInURL, SpacialCharRatioInURL, IsHTTPS, HasTitle, NoOfiFrame, URLLength_log, LineOfCode_log, NoOfImage_log",1.0,0.8219271067593519,0.9615384615384616,1,132.54156538921023,39929,37279,0.2647058823529412,0.0008323612929898407,25,26
"[-40.88387927227646,72.22], [-1117.02,1167.02], 0.0, 1.0, 0.0, 0.0, [-2.888544574204401,4.995421933929881], [-3.1854519378192867,3.1854519378192867]","DomainLength, NoOfLettersInURL, Robots, IsResponsive, HasDescription, HasSocialNet, LineOfCode_log, NoOfEmptyRef_log",0.0,0.975248753121875,0.995,1,173.2901365414075,39993,37282,0.23529411764705882,0.0010882624004811556,199,200
"[-40.88387927227646,72.22], [-0.09632000000000002,0.49632000000000004], [-0.0998,0.1738], 0.0, 0.0, 0.0, 0.0","DomainLength, LetterRatioInURL, DegitRatioInURL, IsHTTPS, HasFavicon, HasDescription, HasSocialNet",0.0,1.0,1.0,1,201.07009647676588,39977,37304,0.20588235294117646,0.0012627206038613554,158,158
"[-0.023175000000000015,0.203385], 1.0, [-27.364896871389046,30.5], 0.0, 0.0, [-6.553118371851593,10.682106423750714]","SpacialCharRatioInURL, IsHTTPS, URLTitleMatchScore, HasDescription, HasSocialNet, LineOfCode_log",0.0,0.8047684815561196,0.9574898785425101,1,170.80690387983515,39993,37317,0.17647058823529413,0.001072667694451305,473,494
"[-0.07274000000000003,0.24874000000000002], 0.0, 0.0, 0.0, 0.0, 0.0, 0.0, 0.0, [-0.05283158698519985,1.865539078837415], [-0.2780942142320315,3.496970039100232], [-3.056566111936362,1.5792258245004538], [-1.2416527940438218,4.014241516283603]","DegitRatioInURL, HasFavicon, Robots, HasDescription, HasSocialNet, HasHiddenFields, Pay, HasCopyrightInfo, NoOfImage_log, NoOfCSS_log, NoOfSelfRef_log, NoOfExternalRef_log",0.0,0.9937186128543903,0.9987405541561712,1,198.17943744142934,39993,37323,0.35294117647058826,0.001233858972805809,793,794
"[-0.09918,0.12654], 1.0, 1.0, [4.645162333090265,13.496291150257541], [1.1655186907312531,5.570884523123128], [-1.6138365298097712,2.678503370169185], [1.3366648609668677,4.079435541237553], [-3.1854519378192867,4.114173456470368]","DegitRatioInURL, IsHTTPS, HasSocialNet, LineOfCode_log, NoOfImage_log, NoOfCSS_log, NoOfJS_log, NoOfEmptyRef_log",1.0,1.0,1.0,3,169.00557503982776,39997,37329,0.23529411764705882,0.003005112239346325,841,841
"[-572.1350000000001,574.1350000000001], [-0.07717500000000001,0.203385], [-27.364896871389046,30.5], 0.0, [-576.72,448.56000000000006], 0.0, 0.0, [0.8890316598906236,4.550180916229388], [-1.865539078837415,6.044296134093182], [-1.2386706297996644,3.317867758391958]","NoOfDegitsInURL, SpacialCharRatioInURL, URLTitleMatchScore, Robots, NoOfiFrame, HasSocialNet, Pay, LineOfCode_log, NoOfImage_log, NoOfJS_log",0.0,1.0,1.0,1,203.3259140420852,39993,37330,0.29411764705882354,0.001274258826854279,595,595
"[0.012960594673685797,0.089445659], [-30.5,20.5], [-576.72,576.72], 0.0, [-6.553118371851593,4.550180916229388], [-2.1457260568569807,1.638034313125535], [-1.8211113387168132,3.008200100942042]","URLCharProb, URLTitleMatchScore, NoOfiFrame, HasSocialNet, LineOfCode_log, NoOfImage_log, NoOfJS_log",0.0,1.0,1.0,1,203.32632731843364,39993,37330,0.20588235294117646,0.0012742620710746366,620,620
"[-1616.03,1518.3899999999999], [0.3615400000000001,0.8679800000000001], [-0.22914000000000004,0.22914000000000004], 0.0, 0.0, 0.0, [-2.3529563388931676,4.8615066617032685], [-4.050230870053159,3.932358597221108], [-3.056566111936362,1.5792258245004538], [-3.1854519378192867,3.1854519378192867]","NoOfLettersInURL, LetterRatioInURL, DegitRatioInURL, HasSocialNet, HasHiddenFields, HasCopyrightInfo, LineOfCode_log, NoOfCSS_log, NoOfSelfRef_log, NoOfEmptyRef_log",0.0,1.0,1.0,1,197.8950206067541,39993,37344,0.29411764705882354,0.001231626299949909,776,776
"[-341.87,341.87], [-139.70999999999998,185.63], 1.0, [-30.5,32.636942675], 0.0, [-2.3529563388931676,4.550180916229388]","NoOfDegitsInURL, NoOfOtherSpecialCharsInURL, HasTitle, URLTitleMatchScore, HasCopyrightInfo, LineOfCode_log",0.0,1.0,1.0,1,198.68442053430195,39993,37344,0.17647058823529413,0.001247738554220604,246,246
"[0.74,1.26], [0.023527761499999997,0.0692956205], [-125.74000000000001,133.74], [-0.07391999999999999,0.23219], 0.0, [77.0,123.0], 0.0, [-576.72,448.56000000000006], 0.0, 0.0","CharContinuationRate, URLCharProb, NoOfOtherSpecialCharsInURL, SpacialCharRatioInURL, IsHTTPS, URLTitleMatchScore, Robots, NoOfiFrame, HasSocialNet, HasCopyrightInfo",0.0,1.0,1.0,1,177.83517078988277,39933,37351,0.29411764705882354,0.0011168052245577752,120,120
"0.0, 1.0, 0.0, [-2.3529563388931676,4.550180916229388], [-3.20939441753318,3.20939441753318], [-3.914851463646281,2.2510527027256297]","IsHTTPS, HasTitle, HasSocialNet, LineOfCode_log, NoOfSelfRef_log, NoOfEmptyRef_log",0.0,1.0,1.0,1,183.90274961326264,39933,37360,0.17647058823529413,0.001154909631578438,266,266
"[-1265.795,1277.795], 1.0, [-448.56000000000006,213.26000000000002], 1.0, [6.180300686521298,10.657923183718385], [5.445730577466069,13.106304192595584], [-1.4391259481050904,4.658001772973291], [-1.9284252175874599,3.7572478764941755], [-0.6909504000509903,6.443249586077761], [3.8589328504135847,8.990889313462043], [1.8732927545424958,8.619495375896841]","NoOfLettersInURL, IsHTTPS, NoOfiFrame, HasSocialNet, LineOfCode_log, LargestLineLength_log, NoOfImage_log, NoOfCSS_log, NoOfJS_log, NoOfSelfRef_log, NoOfExternalRef_log",1.0,1.0,1.0,1,179.05267348283644,39967,37362,0.3235294117647059,0.00108057382741808,730,730
"[0.32468673781725566,1.1752815479305077], [0.23608999999999997,0.60465], [-0.12654,0.23598000000000005], [-0.07817500000000001,0.13529500000000003], 1.0, 1.0, [1.2053739308986744,5.3656509976038045]","CharContinuationRate, LetterRatioInURL, DegitRatioInURL, SpacialCharRatioInURL, HasTitle, HasSocialNet, URLLength_log",1.0,0.9955476473259836,0.9991079393398751,2,165.32331198210485,39997,37362,0.20588235294117646,0.0019455966113367867,1120,1121
"[0.029212639000000006,0.0507812575], [-1256.795,1286.795], [0.42454000000000003,0.81346], [-352.52512190696683,189.125], [-0.023175000000000015,0.203385], 1.0, [-27.364896871389046,30.5], [-576.72,209.2566052125244], 0.0, 0.0","URLCharProb, NoOfLettersInURL, LetterRatioInURL, NoOfOtherSpecialCharsInURL, SpacialCharRatioInURL, IsHTTPS, URLTitleMatchScore, NoOfiFrame, HasSocialNet, HasCopyrightInfo",0.0,1.0,1.0,2,166.6688513031548,39949,37371,0.29411764705882354,0.0020933614321582304,244,244
"[-13.04,59.04], [0.015399972499999998,0.0701419215], 0.0, 0.0, [-296.37,272.34000000000003], 0.0, [-3.082784162788201,2.1587330940166307]","DomainLength, URLCharProb, IsHTTPS, HasFavicon, NoOfiFrame, HasSocialNet, NoOfExternalRef_log",0.0,1.0,1.0,1,190.31544632677335,39977,37401,0.20588235294117646,0.0011721266230988114,500,500
"[0.012064840000000004,0.05693529], [0.44201999999999997,1.04217], [-352.52512190696683,189.125], 1.0, 0.0, [-240.29999999999998,240.29999999999998], 0.0, 0.0, [1.5316655808477422,5.422667445280858], [-6.553118371851593,7.159284658306236], [-3.056566111936362,1.5792258245004538]","URLCharProb, LetterRatioInURL, NoOfOtherSpecialCharsInURL, IsResponsive, HasDescription, NoOfiFrame, HasSocialNet, HasHiddenFields, URLLength_log, LineOfCode_log, NoOfSelfRef_log",0.0,1.0,1.0,2,175.4430560495926,39993,37419,0.3235294117647059,0.002203565478507861,143,143
"[0.25479999999999997,0.6252], [-173.65,88.325], [-34.5,34.5], 0.0, 1.0, 1.0, 1.0, 1.0, [3.704421690551647,11.271045832321242], [-1.4391259481050904,6.62772158459763], [-0.6909504000509903,6.443249586077761], [1.2859169356868811,8.455972923936761], [-0.13309579395534765,2.330320371291567], [-1.541173576065767,8.619495375896841]","LetterRatioInURL, NoOfOtherSpecialCharsInURL, DomainTitleMatchScore, Robots, IsResponsive, HasDescription, HasSocialNet, HasCopyrightInfo, LargestLineLength_log, NoOfImage_log, NoOfJS_log, NoOfSelfRef_log, NoOfEmptyRef_log, NoOfExternalRef_log",1.0,1.0,1.0,1,132.90980854640387,39901,37421,0.4117647058823529,0.0008346738607458973,72,72
"[-139.70999999999998,185.63], 0.0, [85.5,114.5], 0.0","NoOfOtherSpecialCharsInURL, IsHTTPS, URLTitleMatchScore, HasFavicon",0.0,1.0,1.0,2,175.98348631870374,39933,37431,0.11764705882352941,0.0022103532848272937,164,164
"[0.32468673781725566,1.1752815479305077], [-1758.94,1277.795], [-0.12654,0.24624000000000001], [-0.07817500000000001,0.13529500000000003], 1.0, [3.4157153794520694,13.774232089941453], [-1.9284252175874599,3.7572478764941755]","CharContinuationRate, NoOfLettersInURL, DegitRatioInURL, SpacialCharRatioInURL, HasCopyrightInfo, LargestLineLength_log, NoOfCSS_log",1.0,0.7894649429640874,0.9538203190596137,1,154.54065121557318,39997,37456,0.20588235294117646,0.0008881543919728508,1136,1191
"[0.012960594673685797,0.089445659], [-1117.02,1167.02], 1.0, 1.0, 0.0, 0.0, [-1.4550330019006457,5.430200505116603], [-2.71001516243399,4.550180916229388], [-2.1457260568569807,1.6788715609817206], [-1.813767707920937,3.008200100942042], [-2.0864123104785968,3.4727066715984876]","URLCharProb, NoOfLettersInURL, HasTitle, HasDescription, HasSocialNet, HasCopyrightInfo, URLLength_log, LineOfCode_log, NoOfImage_log, NoOfJS_log, NoOfExternalRef_log",0.0,1.0,1.0,1,95.86401066339533,39963,37465,0.3235294117647059,0.0006020261767141566,19,19
"[0.559736842,1.229736842], [-1051.155,1077.155], [-0.23598000000000005,0.23598000000000005], [-1.4391259481050904,4.658001772973291], [-0.3439434216573969,3.116532143897178], [-0.6909504000509903,6.443249586077761], [1.2859169356868811,8.455972923936761], [1.8732927545424958,8.619495375896841]","CharContinuationRate, NoOfLettersInURL, DegitRatioInURL, NoOfImage_log, NoOfCSS_log, NoOfJS_log, NoOfSelfRef_log, NoOfExternalRef_log",1.0,0.9694524179768088,0.9938144329896907,1,158.5025178822253,39997,37468,0.23529411764705882,0.0009953961260316796,964,970
"[-40.88387927227646,80.69], [-0.017475287134205892,0.067901117], [0.03577999999999998,0.30178000000000005], 1.0, 0.0, [2.3450023258973975,6.7201966604091155], [-1.2416527940438218,4.014241516283603]","DomainLength, URLCharProb, DegitRatioInURL, IsHTTPS, HasDescription, URLLength_log, NoOfExternalRef_log",0.0,0.935713292748604,0.9867986798679867,1,190.33461137329957,39993,37474,0.20588235294117646,0.0011953017361623487,299,303
"[-21.5,21.5], 0.0, 0.0, 0.0, 0.0, [4.155490177269684,11.722114319039278], [-2.1457260568569807,5.4957662135288565], [-3.932358597221108,3.932358597221108]","DomainTitleMatchScore, HasDescription, HasSocialNet, Pay, HasCopyrightInfo, LargestLineLength_log, NoOfImage_log, NoOfCSS_log",0.0,0.990366160509184,0.9980657640232108,2,185.3962233421773,39993,37478,0.23529411764705882,0.0023285772991042462,516,517
"[0.015277362500000002,0.0646348575], [-156.175,168.175], [-0.01616000000000002,0.20616], 0.0, 0.0, 0.0, 0.0, 0.0, [5.352259797623745,12.653388355471598], [-2.1457260568569807,5.4957662135288565], [-3.0580338603065154,1.5290169301532577]","URLCharProb, NoOfOtherSpecialCharsInURL, SpacialCharRatioInURL, HasDescription, HasSocialNet, HasSubmitButton, Pay, HasCopyrightInfo, LargestLineLength_log, NoOfImage_log, NoOfEmptyRef_log",0.0,0.9060846662132462,0.98046875,1,156.43157158413067,39993,37478,0.3235294117647059,0.000982390579180526,251,256
"[0.44939,0.8846100000000001], [-144.20499999999998,150.20499999999998], 1.0, [-16.5,35.0], 0.0, 0.0, 0.0, 0.0, [-1.865539078837415,5.4957662135288565], [-1.9358252042263626,1.5792258245004538], [-3.0580338603065154,3.1854519378192867]","LetterRatioInURL, NoOfOtherSpecialCharsInURL, IsHTTPS, DomainTitleMatchScore, HasDescription, HasSocialNet, Pay, HasCopyrightInfo, NoOfImage_log, NoOfSelfRef_log, NoOfEmptyRef_log",0.0,1.0,1.0,1,182.79758794006324,39993,37490,0.3235294117647059,0.0011479692140832485,368,368
"[-643.52,643.52], 0.0, [-536.6700000000001,536.6700000000001], 0.0, 0.0, 0.0, [-6.553118371851593,10.682106423750714], [-2.1457260568569807,1.865539078837415], [-2.7607250127767156,1.5290169301532577], [-1.2416527940438218,3.8836229505565436]","NoOfDegitsInURL, HasDescription, NoOfiFrame, HasSocialNet, HasSubmitButton, HasCopyrightInfo, LineOfCode_log, NoOfImage_log, NoOfEmptyRef_log, NoOfExternalRef_log",0.0,0.9778769821568702,0.9955357142857143,1,193.59301304306777,39993,37490,0.29411764705882354,0.0011978555299310203,892,896
"[-33.5,33.5], [-30.5,32.636942675], 0.0, [-576.72,209.2566052125244], 0.0, 0.0, [-2.71001516243399,4.8615066617032685]","DomainTitleMatchScore, URLTitleMatchScore, HasFavicon, NoOfiFrame, HasSocialNet, HasCopyrightInfo, LineOfCode_log",0.0,1.0,1.0,1,201.63098030728946,39993,37492,0.20588235294117646,0.0012609535928425572,635,635
"[-0.20862,0.267], 0.0, 0.0, 0.0, 0.0, [-2.1457260568569807,1.638034313125535], [-3.082784162788201,2.1587330940166307]","DegitRatioInURL, HasTitle, HasFavicon, HasSubmitButton, HasCopyrightInfo, NoOfImage_log, NoOfExternalRef_log",0.0,1.0,1.0,1,199.8699095614298,39977,37492,0.20588235294117646,0.0012471291831303488,332,332
"[-1051.155,1077.155], [0.03204999999999997,0.7233100000000001], [-281.54,281.54], [-186.125,188.125], [-0.044340000000000004,0.13034], 1.0, [-375.47,514.64], [1.2053739308986744,5.3656509976038045], [5.309079826932648,10.75173929732832], [-0.6909504000509903,4.544070560803571], [3.5110517270377537,8.299671969071387]","NoOfLettersInURL, LetterRatioInURL, NoOfDegitsInURL, NoOfOtherSpecialCharsInURL, SpacialCharRatioInURL, HasTitle, NoOfiFrame, URLLength_log, LargestLineLength_log, NoOfJS_log, NoOfSelfRef_log",1.0,0.9953314740788647,0.9990645463049579,1,162.23899238606037,39997,37499,0.3235294117647059,0.0009485863892082752,1068,1069
"1.0, [-535.6700000000001,377.47], 1.0, [4.645162333090265,12.049288346599742], [1.9454846253305749,5.278112611873064], [1.013682442763867,4.26443221646665], [3.36270222676931,6.698173616015561]","IsHTTPS, NoOfiFrame, HasSocialNet, LineOfCode_log, NoOfImage_log, NoOfCSS_log, NoOfExternalRef_log",1.0,0.9925037819519681,0.9984962406015038,1,180.08955620561647,39982,37499,0.20588235294117646,0.0010887133593573404,664,665
"1.0, [-1616.03,949.38], [-0.08721912118904873,0.9982500000000001], [-532.9150000000001,532.9150000000001], 0.0, 0.0, [-296.37,296.37], [-0.1639378322055447,8.0664252693684], [-3.1005065528107725,3.1005065528107725]","NoOfSubDomain, NoOfLettersInURL, LetterRatioInURL, NoOfDegitsInURL, IsHTTPS, HasFavicon, NoOfiFrame, LargestLineLength_log, NoOfEmptyRef_log",0.0,1.0,1.0,1,191.38783346599567,39977,37505,0.2647058823529412,0.001201915972989171,328,328
"[-576.72,576.72], 0.0, 0.0, [-6.553118371851593,4.550180916229388], [0.7848924398784538,9.81174229321762], [-1.8211113387168132,3.008200100942042], [-1.9358252042263626,2.037710741290908]","NoOfiFrame, HasSocialNet, Pay, LineOfCode_log, LargestLineLength_log, NoOfJS_log, NoOfSelfRef_log",0.0,1.0,1.0,1,192.33227861953895,39993,37513,0.20588235294117646,0.0011879587615870324,743,743
"[0.012960594673685797,0.089445659], [-0.033100000000000004,0.2051], 1.0, [-30.5,20.5], 0.0, [-2.1457260568569807,1.638034313125535], [-2.2510527027256297,2.2510527027256297]","URLCharProb, SpacialCharRatioInURL, HasTitle, URLTitleMatchScore, HasSocialNet, NoOfImage_log, NoOfEmptyRef_log",0.0,0.8440802057613169,0.9666666666666667,1,164.91389466446105,39993,37513,0.20588235294117646,0.0010356595849144521,406,420
"0.0, [-0.034400000000000014,0.13340000000000002], [1.07040186577556,9.964503927153855], [-3.0580338603065154,3.0580338603065154]","NoOfSubDomain, SpacialCharRatioInURL, LargestLineLength_log, NoOfEmptyRef_log",0.0,1.0,1.0,1,149.99873194640475,39966,37517,0.11764705882352941,0.0009419923335227928,150,150
"[0.29335,0.85869], [-0.23598000000000005,0.23598000000000005], 1.0, [-25.5,25.5], [-535.6700000000001,428.53000000000003], [1.2053739308986744,5.3656509976038045], [-0.3439434216573969,3.116532143897178], [-0.6909504000509903,6.443249586077761], [1.4973107796641787,8.455972923936761], [1.8732927545424958,8.619495375896841]","LetterRatioInURL, DegitRatioInURL, IsHTTPS, URLTitleMatchScore, NoOfiFrame, URLLength_log, NoOfCSS_log, NoOfJS_log, NoOfSelfRef_log, NoOfExternalRef_log",1.0,0.9642894244067034,0.9927536231884058,1,121.0578102004727,39997,37519,0.29411764705882354,0.0007602432876742456,274,276
"[-538.97,578.0250000000001], [-0.1368,0.1368], 0.0, 0.0, [-1.638034313125535,1.638034313125535], [-3.932358597221108,7.808626783525272], [-3.20939441753318,2.037710741290908]","NoOfDegitsInURL, DegitRatioInURL, HasSocialNet, HasHiddenFields, NoOfImage_log, NoOfCSS_log, NoOfSelfRef_log",0.0,0.9443899305389033,0.988621997471555,1,187.3674187971018,39993,37524,0.20588235294117646,0.0011489845996969321,782,791
"[-16.74,41.67], [0.32468673781725566,1.1752815479305077], [-1051.155,1077.155], [-0.12654,0.24624000000000001], [-0.07817500000000001,0.15519], 1.0, [81.0,119.0], 1.0","DomainLength, CharContinuationRate, NoOfLettersInURL, DegitRatioInURL, SpacialCharRatioInURL, IsHTTPS, DomainTitleMatchScore, HasFavicon",1.0,0.966162205869014,0.9931389365351629,1,168.36675261335736,39980,37548,0.23529411764705882,0.0010573435396679211,579,583
"[0.29285714299999993,0.9928571429999999], [0.0201486395,0.067901117], [-1328.66,1810.03], [-135.22500000000002,139.22500000000002], 1.0, [-33.5,35.0], [-576.72,576.72], 0.0, [2.143734759325173,5.304259521571541], [-2.71001516243399,4.550180916229388], [-3.932358597221108,4.926107989963321], [-1.8211113387168132,3.317867758391958]","CharContinuationRate, URLCharProb, NoOfLettersInURL, NoOfOtherSpecialCharsInURL, IsHTTPS, DomainTitleMatchScore, NoOfiFrame, HasSocialNet, URLLength_log, LineOfCode_log, NoOfCSS_log, NoOfJS_log",0.0,1.0,1.0,1,188.85491367373413,39993,37552,0.35294117647058826,0.0011860092316802442,188,188
"[-13.030000000000001,41.03], [-1051.155,1077.155], [-0.23598000000000005,0.23598000000000005], [-96.305,98.305], 1.0, [67.5,132.5], [5.220535549437796,13.716394234933482], [-1.4391259481050904,4.658001772973291], [1.2859169356868811,13.237088941823018]","DomainLength, NoOfLettersInURL, DegitRatioInURL, NoOfOtherSpecialCharsInURL, HasTitle, DomainTitleMatchScore, LargestLineLength_log, NoOfImage_log, NoOfSelfRef_log",1.0,0.9721930682284804,0.9943757030371203,1,169.41175634908055,39995,37560,0.2647058823529412,0.0010048926040647093,884,889
"[0.03125891,0.09587235799999999], [-0.23598000000000005,0.24624000000000001], 1.0, [54.123274490733635,132.5], [69.0,115.0], 0.0, [-0.8482161342007344,8.455972923936761]","URLCharProb, DegitRatioInURL, IsHTTPS, DomainTitleMatchScore, URLTitleMatchScore, HasSocialNet, NoOfSelfRef_log",1.0,0.6515027864016324,0.9178743961352657,1,113.70930449532952,39980,37566,0.20588235294117646,0.000714094657300712,190,207
"[0.012960594673685797,0.0701419215], [-1616.03,949.38], 0.0, 0.0, 0.0, 0.0, [3.0760063299305775,7.58943125660016], [-3.6702013574063677,3.6702013574063677]","URLCharProb, NoOfLettersInURL, IsHTTPS, HasFavicon, Robots, HasDescription, LargestLineLength_log, NoOfCSS_log",0.0,1.0,1.0,1,193.4048955828352,39977,37573,0.23529411764705882,0.0011963788074027578,433,433
"[0.73,1.27], [0.0426720465,0.09741399549999999], [-0.09918,0.19836], [-173.65,145.70999999999998], [-0.028444999999999998,0.09553500000000001], 1.0, 1.0, [-263.8842454454971,514.64], 1.0, [6.22470781923207,11.401871705706004], [1.3667126673688355,8.407891448799006], [-1.541173576065767,8.619495375896841]","CharContinuationRate, URLCharProb, DegitRatioInURL, NoOfOtherSpecialCharsInURL, SpacialCharRatioInURL, IsHTTPS, HasTitle, NoOfiFrame, HasCopyrightInfo, LargestLineLength_log, NoOfSelfRef_log, NoOfExternalRef_log",1.0,0.9938499571659473,0.998766954377312,1,170.8534632124656,39995,37574,0.35294117647058826,0.0010729600871523814,810,811
"[-0.12654,0.24624000000000001], 1.0, 1.0, [85.0,115.0], 0.0, [5.478922497204102,10.657923183718385], [2.067661660183383,10.961763721561677], [1.8232874343984244,5.570884523123128]","DegitRatioInURL, IsHTTPS, HasTitle, URLTitleMatchScore, Robots, LineOfCode_log, LargestLineLength_log, NoOfImage_log",1.0,0.9892242385749591,0.9978354978354979,1,184.08348149731427,39995,37576,0.23529411764705882,0.0011200656827788672,461,462
"[-34.75,44.75], [0.19000000000000003,0.61], 1.0, [-1117.02,1167.02], [-0.5492018988539662,0.9982500000000001], [0.07659999999999999,0.2354], 1.0, [-21.0,21.0], 1.0, 0.0, [-200.25,200.25], 0.0, 0.0, 0.0, [2.6077134802448567,5.94092630579458], [-2.1395962783554534,3.4240051024107983]","DomainLength, CharContinuationRate, NoOfSubDomain, NoOfLettersInURL, LetterRatioInURL, SpacialCharRatioInURL, HasTitle, URLTitleMatchScore, IsResponsive, HasDescription, NoOfiFrame, HasHiddenFields, Pay, HasCopyrightInfo, URLLength_log, NoOfSelfRef_log",0.0,1.0,1.0,1,182.50712453396733,39786,37585,0.47058823529411764,0.0011461451033180385,36,36
"[0.0201486395,0.067901117], 0.0, 0.0, [2.3450023258973975,6.7201966604091155]","URLCharProb, NoOfSubDomain, Robots, URLLength_log",0.0,1.0,1.0,3,150.0830422700485,39966,37607,0.11764705882352941,0.0028275654075664647,148,148
"2.0, [-0.12654,0.23598000000000005], [2.5362545162627113,4.055419215745947], [-0.6909504000509903,4.6010210380577234], [4.770245472559468,8.619495375896841]","NoOfSubDomain, DegitRatioInURL, URLLength_log, NoOfJS_log, NoOfExternalRef_log",1.0,1.0,1.0,2,152.2207819434914,39911,37613,0.14705882352941177,0.0019118936238054051,43,43
"[0.028062795499999998,0.067901117], 0.0, [-30.5,30.5], [-576.72,576.72], [-1.865539078837415,1.638034313125535]","URLCharProb, IsHTTPS, URLTitleMatchScore, NoOfiFrame, NoOfImage_log",0.0,1.0,1.0,1,196.2061995125398,39977,37616,0.14705882352941177,0.0012183690501818755,309,309
"[-0.092596543,0.252522143], [-623.41,653.575], [-0.23598000000000005,0.23598000000000005], 1.0, 1.0, 1.0, 0.0, 1.0, [4.803415297737883,13.299273983233569], [-1.3541274085488313,4.937646347004941], [1.2859169356868811,8.455972923936761], [-0.8828668448252408,3.793653733370718]","TLDLegitimateProb, NoOfDegitsInURL, DegitRatioInURL, HasTitle, Robots, HasDescription, HasHiddenFields, HasCopyrightInfo, LargestLineLength_log, NoOfCSS_log, NoOfSelfRef_log, NoOfEmptyRef_log",1.0,1.0,1.0,1,151.17221593166607,39840,37634,0.35294117647058826,0.0009493618152729647,69,69
"[-0.0786409555,0.1357509555], [0.017539504,0.07856331600000001], [-683.74,683.74], [-0.12654,0.26258000000000004], [-0.07817500000000001,0.13529500000000003], 1.0, [-448.56000000000006,213.26000000000002], 1.0, 1.0, 1.0, [5.9553203956847405,12.049288346599742], [-1.9284252175874599,3.7572478764941755], [1.8732927545424958,8.619495375896841]","TLDLegitimateProb, URLCharProb, NoOfDegitsInURL, DegitRatioInURL, SpacialCharRatioInURL, IsHTTPS, NoOfiFrame, HasSocialNet, HasSubmitButton, HasHiddenFields, LineOfCode_log, NoOfCSS_log, NoOfExternalRef_log",1.0,0.9789037127617956,0.9957446808510638,1,161.91869193368672,39911,37647,0.38235294117647056,0.0010168497058366472,234,235
"0.0, 1.0, 0.0, 0.0, [-208.26000000000002,208.26000000000002], 1.0, [-2.7182523202724584,2.5908342427596867]","NoOfSubDomain, IsHTTPS, Robots, HasDescription, NoOfiFrame, Pay, NoOfEmptyRef_log",0.0,1.0,1.0,1,78.0,39718,37655,0.20588235294117646,0.0004898401543889781,4,4
"[0.30375,1.0834700000000002], [-0.025400000000000013,0.13340000000000002], 1.0, [-22.0,35.0], 0.0","LetterRatioInURL, SpacialCharRatioInURL, HasTitle, DomainTitleMatchScore, Robots",0.0,0.13108757511237168,0.666058394160584,1,142.8803344709799,39993,37655,0.14705882352941177,0.0008972887832873541,365,548
"[-528.0250000000001,813.8538163218911], [-33.5,35.0], 1.0, 0.0, 1.0, 0.0, 1.0, [-0.7224763963539566,2.108770757473847]","NoOfDegitsInURL, DomainTitleMatchScore, IsResponsive, HasDescription, HasHiddenFields, Pay, HasCopyrightInfo, NoOfJS_log",0.0,0.13168724279835387,0.6666666666666666,1,114.38689280000001,39709,37657,0.23529411764705882,0.0007183499131952243,8,12
"[-1265.795,1277.795], 1.0, 1.0, [-448.56000000000006,213.26000000000002], 1.0, 1.0, [1.2053739308986744,5.3656509976038045], [-1.9284252175874599,3.7572478764941755]","NoOfLettersInURL, IsHTTPS, HasTitle, NoOfiFrame, HasSocialNet, HasHiddenFields, URLLength_log, NoOfCSS_log",1.0,0.9772391939960371,0.9954058192955589,1,165.76079634942187,39982,37674,0.23529411764705882,0.0010409781291723175,650,653
"[-0.06432022949999998,0.11401011615230505], [-0.12654,0.23598000000000005], [-0.07817500000000001,0.147175], 1.0, 1.0, [4.803415297737883,11.401871705706004], [2.1712576019268566,8.990889313462043], [-0.8828668448252408,1.3166534676319719]","TLDLegitimateProb, DegitRatioInURL, SpacialCharRatioInURL, HasTitle, HasSubmitButton, LargestLineLength_log, NoOfSelfRef_log, NoOfEmptyRef_log",1.0,0.9642894244067034,0.9927536231884058,1,154.8529289674701,39997,37688,0.23529411764705882,0.000972476700423218,274,276
"[0.4100499999999999,1.0119500000000001], [-0.14314000000000004,0.34256000000000003], [75.5,124.5], [81.0,119.0], 1.0, 0.0, 0.0, 1.0, 0.0, [-2.71001516243399,4.8615066617032685], [3.8494259139880267,13.80551031105328], [-2.1457260568569807,5.4957662135288565], [-3.932358597221108,6.503483281034565], [-1.9358252042263626,2.037710741290908]","LetterRatioInURL, DegitRatioInURL, DomainTitleMatchScore, URLTitleMatchScore, Robots, HasDescription, HasSocialNet, HasSubmitButton, Pay, LineOfCode_log, LargestLineLength_log, NoOfImage_log, NoOfCSS_log, NoOfSelfRef_log",0.0,1.0,1.0,1,115.0,39278,37689,0.4117647058823529,0.0007222002276247754,2,2
"0.0, [-0.0998,0.1738], [-173.64,155.195], 1.0, 0.0, [-224.28000000000003,448.56000000000006], [-2.3529563388931676,4.8615066617032685], [2.5400219561253596,9.442907138090604], [-4.050230870053159,3.932358597221108], [-4.288690978366612,1.5792258245004538]","NoOfSubDomain, DegitRatioInURL, NoOfOtherSpecialCharsInURL, IsResponsive, HasDescription, NoOfiFrame, LineOfCode_log, LargestLineLength_log, NoOfCSS_log, NoOfSelfRef_log",0.0,1.0,1.0,1,148.0437803959155,39924,37689,0.29411764705882354,0.000929715233916195,26,26
"[-40.88387927227646,72.22], [-0.09523581349999999,0.0982398135], [0.029212639000000006,0.0507812575], [-1256.795,1167.02], [-0.023175000000000015,0.203385], 1.0, 0.0, 0.0, 0.0, 0.0, [-1.520511990925495,1.520511990925495], [-0.38251622408645436,3.1551049463262357]","DomainLength, TLDLegitimateProb, URLCharProb, NoOfLettersInURL, SpacialCharRatioInURL, IsHTTPS, Robots, HasSocialNet, HasHiddenFields, HasCopyrightInfo, NoOfCSS_log, NoOfExternalRef_log",0.0,1.0,1.0,1,185.737215310374,39949,37693,0.35294117647058826,0.0011664300797873395,106,106
"[0.29335,0.60465], [-0.09918,0.23598000000000005], [79.0,121.0], 1.0, [4.645162333090265,11.229952500188748], [0.40163520686549625,3.7572478764941755], [-0.11585332192971776,3.334729146797918], [1.4973107796641787,13.237088941823018]","LetterRatioInURL, DegitRatioInURL, URLTitleMatchScore, Pay, LineOfCode_log, NoOfCSS_log, NoOfJS_log, NoOfSelfRef_log",1.0,1.0,1.0,1,183.4406099559306,39995,37697,0.23529411764705882,0.0011520073936156583,225,225
"[0.0201486395,0.067901117], [-1256.795,1286.795], [0.44201999999999997,1.0834700000000002], [-352.52512190696683,189.125], [-0.023175000000000015,0.23219], [-27.364896871389046,30.5], 0.0, 0.0, 0.0, [0.8890316598906236,10.682106423750714], [-2.0865407593881695,4.018335916053033], [-4.288690978366612,1.5792258245004538], [-0.5131347898135135,4.014241516283603]","URLCharProb, NoOfLettersInURL, LetterRatioInURL, NoOfOtherSpecialCharsInURL, SpacialCharRatioInURL, URLTitleMatchScore, Robots, HasDescription, HasSocialNet, LineOfCode_log, NoOfJS_log, NoOfSelfRef_log, NoOfExternalRef_log",0.0,1.0,1.0,1,195.63025755694028,39993,37716,0.38235294117647056,0.001213847904405434,569,569
"[0.29335,0.60465], [-0.09918,0.18468000000000004], [-136.22500000000002,138.22500000000002], 0.0, [1.5246961435682502,5.278112611873064], [-1.3541274085488313,4.937646347004941], [-2.930615782793744,3.2602600083745124]","LetterRatioInURL, DegitRatioInURL, NoOfOtherSpecialCharsInURL, HasDescription, NoOfImage_log, NoOfCSS_log, NoOfEmptyRef_log",1.0,0.7258627849819627,0.9379310344827586,1,144.4714987322787,39997,37731,0.20588235294117646,0.0009072812979977749,272,290
"[0.039335087500000004,0.0994614905], 1.0, [0.26283,0.8091700000000001], 1.0, [64.5,135.5], 1.0, [-0.6909504000509903,4.6010210380577234], [1.7315274776767642,8.299671969071387]","URLCharProb, NoOfSubDomain, LetterRatioInURL, HasTitle, URLTitleMatchScore, HasSocialNet, NoOfJS_log, NoOfSelfRef_log",1.0,1.0,1.0,1,184.20850846829708,39995,37741,0.23529411764705882,0.001121047144810422,725,725
"[0.40846153799999996,0.668461538], [-1051.155,1077.155], [0.29335,0.7233100000000001], [-173.65,88.325], [-0.10091999999999998,0.15519], 0.0, 1.0, [5.478922497204102,10.657923183718385], [5.445730577466069,7.394998765400553], [1.9454846253305749,5.2215532515816445], [1.2859169356868811,13.237088941823018], [-2.407359372250827,3.793653733370718]","CharContinuationRate, NoOfLettersInURL, LetterRatioInURL, NoOfOtherSpecialCharsInURL, SpacialCharRatioInURL, HasHiddenFields, HasCopyrightInfo, LineOfCode_log, LargestLineLength_log, NoOfImage_log, NoOfSelfRef_log, NoOfEmptyRef_log",1.0,1.0,1.0,1,150.0492588572672,39594,37744,0.35294117647058826,0.0008528969508476253,17,17
"[-282.59499999999997,300.59499999999997], [-576.72,448.56000000000006], 0.0, 1.0, [-2.684556235400182,5.4957662135288565], [-2.1496893664808723,3.932358597221108], [-1.2386706297996644,1.2386706297996644], [-1.9358252042263626,1.375454750371363]","NoOfDegitsInURL, NoOfiFrame, HasSocialNet, HasSubmitButton, NoOfImage_log, NoOfCSS_log, NoOfJS_log, NoOfSelfRef_log",0.0,0.910773841955349,0.9814814814814815,1,101.55480334865963,39966,37748,0.23529411764705882,0.0006377643660416634,53,54
"[-15.159999999999997,71.99840374691799], [0.4100499999999999,1.0119500000000001], [-92.81,96.81], 0.0, [-2.71001516243399,4.8615066617032685], [-2.1457260568569807,2.684556235400182], [-3.932358597221108,2.1496893664808723], [-1.4994689064777977,3.696693483814017]","DomainLength, LetterRatioInURL, NoOfOtherSpecialCharsInURL, HasDescription, LineOfCode_log, NoOfImage_log, NoOfCSS_log, NoOfSelfRef_log",0.0,0.9926470907441011,0.9985250737463127,1,195.46497228891047,39993,37748,0.23529411764705882,0.001212550414642454,677,678
"[-17.799999999999997,45.8], [0.4104820735,0.6353321264999999], 1.0, [-1151.9750000000001,1183.9750000000001], [-0.23598000000000005,0.23598000000000005], [-34.5,34.5], [-597.75,603.75], [1.4566665663236142,5.345728197000697], [-1.6138365298097712,3.7572478764941755], [1.3366648609668677,3.334729146797918], [1.4973107796641787,8.455972923936761]","DomainLength, TLDLegitimateProb, NoOfSubDomain, NoOfLettersInURL, DegitRatioInURL, DomainTitleMatchScore, NoOfiFrame, URLLength_log, NoOfCSS_log, NoOfJS_log, NoOfSelfRef_log",1.0,1.0,1.0,1,127.11850162496455,39901,37756,0.3235294117647059,0.0007983044418162589,26,26
"1.0, [-1616.03,949.38], [-0.08721912118904873,0.9982500000000001], 0.0, [66.5,133.5], 0.0, [-296.37,296.37], [-0.1639378322055447,8.0664252693684], [-3.1005065528107725,3.1005065528107725]","NoOfSubDomain, NoOfLettersInURL, LetterRatioInURL, IsHTTPS, URLTitleMatchScore, HasFavicon, NoOfiFrame, LargestLineLength_log, NoOfEmptyRef_log",0.0,1.0,1.0,1,175.85630840284816,39933,37757,0.2647058823529412,0.0011043779648503447,123,123
"[-17.799999999999997,45.8], 1.0, [0.38069000000000003,0.60465], [-0.10796500000000003,0.30991083406463593], 1.0, 1.0, [67.5,132.5], 0.0, [4.828605886608512,12.049288346599742], [-0.8548401418244607,4.073715966692661], [1.8732927545424958,8.619495375896841]","DomainLength, NoOfSubDomain, LetterRatioInURL, SpacialCharRatioInURL, IsHTTPS, HasTitle, DomainTitleMatchScore, Pay, LineOfCode_log, NoOfCSS_log, NoOfExternalRef_log",1.0,1.0,1.0,1,184.8146674899172,39980,37758,0.3235294117647059,0.0011258054946298877,414,414
"[-1435.4800000000002,1471.4800000000002], 1.0, [83.0,121.5], 1.0, 1.0, [1.6551306448147742,7.323041110608129], [0.5404249434155921,8.12104173715707]","NoOfLettersInURL, IsHTTPS, DomainTitleMatchScore, Robots, HasHiddenFields, NoOfSelfRef_log, NoOfExternalRef_log",1.0,1.0,1.0,1,181.98014989373746,39945,37762,0.20588235294117646,0.00114283570153433,256,256
"[-16.74,44.739999999999995], [0.16338805158976982,0.38069000000000003], [-0.10796500000000003,0.30991083406463593], 1.0, [2.5362545162627113,4.055419215745947], [5.147666997064714,14.041769058443009], [-3.1854519378192867,4.085284864457941], [2.5339244971307413,8.619495375896841]","DomainLength, LetterRatioInURL, SpacialCharRatioInURL, IsResponsive, URLLength_log, LargestLineLength_log, NoOfEmptyRef_log, NoOfExternalRef_log",1.0,1.0,1.0,1,140.4990799910127,39982,37762,0.23529411764705882,0.0008823345004398339,131,131
"[-18.510000000000005,52.510000000000005], [0.07078999999999996,0.85869], [-986.130519118858,432.365], [-0.09918,0.23598000000000005], 1.0, [93.60927657802802,132.5], 1.0, 1.0, 1.0, [1.4120726386451175,5.179601093363541], [4.645162333090265,15.806130486857757]","DomainLength, LetterRatioInURL, NoOfDegitsInURL, DegitRatioInURL, IsHTTPS, DomainTitleMatchScore, HasDescription, HasHiddenFields, HasCopyrightInfo, URLLength_log, LineOfCode_log",1.0,1.0,1.0,1,169.0661533948508,39980,37772,0.3235294117647059,0.001061735777960056,334,334
"1.0, [-0.18468000000000004,0.18468000000000004], [-138.72000000000003,259.53658292453116], [-0.028444999999999998,0.13529500000000003], 1.0, 1.0, [70.5,129.5], 0.0, [2.509443159413059,11.536293012752225], [-0.8548401418244607,4.034773374593204], [-2.3888647860422094,3.334729146797918]","NoOfSubDomain, DegitRatioInURL, NoOfOtherSpecialCharsInURL, SpacialCharRatioInURL, IsHTTPS, HasTitle, URLTitleMatchScore, HasSocialNet, LargestLineLength_log, NoOfCSS_log, NoOfJS_log",1.0,0.9113010932101504,0.9815950920245399,1,113.27768613088867,39980,37772,0.3235294117647059,0.0007113840931177014,160,163
"[-0.017359999999999987,0.60465], [-0.23598000000000005,0.23598000000000005], 1.0, 1.0, 1.0, [-0.9462141818868666,3.143438759223086], [1.3366648609668677,4.079435541237553]","LetterRatioInURL, DegitRatioInURL, IsHTTPS, HasTitle, HasSocialNet, NoOfCSS_log, NoOfJS_log",1.0,1.0,1.0,1,166.38265374674688,39997,37773,0.20588235294117646,0.000981114141141838,776,776
"[-0.092596543,0.08732282949999999], [-693.7950000000001,291.59499999999997], [-0.15048,0.15048], 1.0, 1.0, 1.0, [2.5362545162627113,4.055419215745947], [-1.6138365298097712,2.678503370169185], [1.3667126673688355,13.237088941823018], [2.5339244971307413,8.619495375896841]","TLDLegitimateProb, NoOfDegitsInURL, DegitRatioInURL, IsHTTPS, HasTitle, IsResponsive, URLLength_log, NoOfCSS_log, NoOfSelfRef_log, NoOfExternalRef_log",1.0,1.0,1.0,2,151.90248336056578,39982,37773,0.29411764705882354,0.0019078957923438133,325,325
"[2.91,59.09], [0.0201486395,0.067901117], [0.44201999999999997,1.0834700000000002], [-0.023175000000000015,0.23219], 0.0, 0.0, [1.1119680461947792,4.879496500913202], [-4.288690978366612,1.5792258245004538], [-0.5131347898135135,4.014241516283603]","DomainLength, URLCharProb, LetterRatioInURL, SpacialCharRatioInURL, Robots, HasSubmitButton, URLLength_log, NoOfSelfRef_log, NoOfExternalRef_log",0.0,0.8315502228256275,0.9637795275590552,1,192.54844415571978,39993,37814,0.2647058823529412,0.0011896556615808847,612,635
"[-3.030000000000001,44.739999999999995], 1.0, [0.15737999999999996,0.84262], [-96.305,98.305], 1.0, [78.5,117.0], [85.0,115.0], 1.0, 0.0","DomainLength, NoOfSubDomain, LetterRatioInURL, NoOfOtherSpecialCharsInURL, IsHTTPS, DomainTitleMatchScore, URLTitleMatchScore, HasDescription, Pay",1.0,1.0,1.0,1,172.10768454304286,39980,37821,0.2647058823529412,0.0010260556470575314,391,391
"[-16.74,51.03], [0.011350607000000002,0.070579601], 1.0, [-0.10796500000000003,0.30991083406463593], 1.0, 1.0, [85.0,131.0], 0.0, 0.0, [1.4120726386451175,5.179601093363541], [4.310294372871142,12.049288346599742], [-0.8548401418244607,4.073715966692661], [1.1973780132038065,5.240373636532595]","DomainLength, URLCharProb, NoOfSubDomain, SpacialCharRatioInURL, IsHTTPS, HasTitle, URLTitleMatchScore, HasFavicon, Pay, URLLength_log, LineOfCode_log, NoOfCSS_log, NoOfExternalRef_log",1.0,1.0,1.0,1,165.0470137471856,39929,37821,0.38235294117647056,0.0009706293638406648,202,202
"[0.559736842,1.229736842], 1.0, 1.0, 1.0, [5.478922497204102,12.049288346599742], [-1.4391259481050904,5.278112611873064], [1.013682442763867,4.26443221646665], [1.2859169356868811,13.237088941823018], [3.36270222676931,6.698173616015561]","CharContinuationRate, IsHTTPS, HasSubmitButton, HasCopyrightInfo, LineOfCode_log, NoOfImage_log, NoOfCSS_log, NoOfSelfRef_log, NoOfExternalRef_log",1.0,0.9879519479871746,0.9975786924939467,1,180.8977613544324,39945,37823,0.2647058823529412,0.0011360382993650727,412,413
"[-0.1106845975,0.1246235975], 0.0, [0.5335699999999999,1.09843], [-0.0998,0.1738], [-27.364896871389046,32.636942675], 0.0, [-6.553118371851593,4.8615066617032685], [-3.1854519378192867,3.1854519378192867]","TLDLegitimateProb, NoOfSubDomain, LetterRatioInURL, DegitRatioInURL, URLTitleMatchScore, HasDescription, LineOfCode_log, NoOfEmptyRef_log",0.0,1.0,1.0,1,203.46628543832094,39792,37824,0.23529411764705882,0.0012777686752828078,26,26
"[-22.22,44.739999999999995], [0.03204999999999997,0.85869], 1.0, 1.0, [4.645162333090265,12.049288346599742], [-1.3541274085488313,4.937646347004941], [1.2859169356868811,13.237088941823018], [1.021859080283743,4.2562555789467735]","DomainLength, LetterRatioInURL, IsHTTPS, HasCopyrightInfo, LineOfCode_log, NoOfCSS_log, NoOfSelfRef_log, NoOfExternalRef_log",1.0,0.9740498594325064,0.9947552447552448,1,155.4770523851586,39997,37829,0.23529411764705882,0.0008955051434709235,569,572
"[0.8049999999999999,1.195], [0.03204999999999997,0.7310134307307539], [-0.044340000000000004,0.13034], 1.0, 1.0, [-37.0,37.0], 1.0, [-256.32,377.47], 1.0, [3.36270222676931,6.698173616015561]","CharContinuationRate, LetterRatioInURL, SpacialCharRatioInURL, IsHTTPS, HasTitle, URLTitleMatchScore, HasFavicon, NoOfiFrame, HasSocialNet, NoOfExternalRef_log",1.0,1.0,1.0,1,140.23525071518938,39814,37841,0.29411764705882354,0.0008806776520654541,60,60
"[0.011984877000000005,0.147940723], [0.036929166,0.085389252], [-1051.155,1077.155], [-281.54,281.54], 1.0, 1.0, [-375.47,256.32], [1.2053739308986744,5.3656509976038045], [4.645162333090265,12.049288346599742], [1.9454846253305749,5.278112611873064], [-0.6909504000509903,4.544070560803571]","TLDLegitimateProb, URLCharProb, NoOfLettersInURL, NoOfDegitsInURL, HasTitle, HasFavicon, NoOfiFrame, URLLength_log, LineOfCode_log, NoOfImage_log, NoOfJS_log",1.0,1.0,1.0,1,151.60227709015433,39881,37841,0.3235294117647059,0.0009520626001995107,163,163
"[0.039335087500000004,0.0994614905], [-0.017359999999999987,1.037085470601629], 1.0, 1.0, 1.0, 0.0, [1.4654821926312647,5.0507108834117], [0.9062392838145867,6.62772158459763], [-0.9462141818868666,3.143438759223086], [1.3366648609668677,4.079435541237553], [0.9926561133363743,8.299671969071387]","URLCharProb, LetterRatioInURL, IsHTTPS, HasTitle, IsResponsive, HasSubmitButton, URLLength_log, NoOfImage_log, NoOfCSS_log, NoOfJS_log, NoOfSelfRef_log",1.0,1.0,1.0,1,153.65715205543714,39982,37852,0.3235294117647059,0.0008812189213798448,283,283
"[0.09307999999999998,0.30178000000000005], [-0.023175000000000015,0.203385], 1.0, [-27.364896871389046,30.5], 0.0, 1.0, [2.3450023258973975,6.7201966604091155], [-6.553118371851593,10.682106423750714], [-1.8726705525965017,3.317867758391958]","DegitRatioInURL, SpacialCharRatioInURL, IsHTTPS, URLTitleMatchScore, Robots, Pay, URLLength_log, LineOfCode_log, NoOfJS_log",0.0,0.8280335219957866,0.9629629629629629,1,105.95398179982683,39962,37858,0.2647058823529412,0.0006653912154224891,26,27
"[7.329999999999998,48.67], [-1051.155,1077.155], [-593.245,593.245], [-173.65,175.65], 0.0, [1.2053739308986744,5.3656509976038045], [5.478922497204102,10.005122859159785], [1.013682442763867,4.26443221646665], [2.102643794097591,8.735654709207758]","DomainLength, NoOfLettersInURL, NoOfDegitsInURL, NoOfOtherSpecialCharsInURL, Robots, URLLength_log, LineOfCode_log, NoOfCSS_log, NoOfExternalRef_log",1.0,0.9804693519027899,0.9960629921259843,2,164.8234205357742,39997,37862,0.2647058823529412,0.00193774831315575,506,508
"[12.75,42.019999999999996], [0.41832568,0.62748852], 1.0, [-0.07817500000000001,0.149927393695798], 1.0, 1.0, [-535.6700000000001,377.47], 1.0, [4.645162333090265,12.049288346599742], [1.2859169356868811,8.455972923936761]","DomainLength, TLDLegitimateProb, NoOfSubDomain, SpacialCharRatioInURL, IsHTTPS, HasTitle, NoOfiFrame, HasSocialNet, LineOfCode_log, NoOfSelfRef_log",1.0,1.0,1.0,1,186.5781606938104,39995,37862,0.29411764705882354,0.001139648920643653,476,476
"[5.68,52.32], [0.046469346999999994,0.0732076055], [0.38069000000000003,0.60465], [-0.21888000000000002,0.23598000000000005], [-0.10796500000000003,0.30991083406463593], 1.0, 1.0, [-34.5,34.5], 1.0, [5.147666997064714,14.041769058443009], [-1.1243450020572263,5.5187941567296654], [-3.1854519378192867,2.84567039778523], [2.5339244971307413,8.619495375896841]","DomainLength, URLCharProb, LetterRatioInURL, DegitRatioInURL, SpacialCharRatioInURL, IsHTTPS, HasTitle, DomainTitleMatchScore, HasHiddenFields, LargestLineLength_log, NoOfImage_log, NoOfEmptyRef_log, NoOfExternalRef_log",1.0,1.0,1.0,1,150.90527606568548,39911,37865,0.38235294117647056,0.0009476854323862403,104,104
"[-15.159999999999997,71.99840374691799], [0.03486020100000001,0.079730651], [-1256.795,1286.795], [0.4100499999999999,1.0119500000000001], [-92.81,96.81], [-0.023175000000000015,0.4058336800921599], 0.0, 0.0, 0.0, [-2.1457260568569807,2.684556235400182], [-3.932358597221108,2.1496893664808723], [-3.0966765744991607,3.0966765744991607]","DomainLength, URLCharProb, NoOfLettersInURL, LetterRatioInURL, NoOfOtherSpecialCharsInURL, SpacialCharRatioInURL, Robots, HasDescription, HasSocialNet, NoOfImage_log, NoOfCSS_log, NoOfJS_log",0.0,0.8782030639030666,0.9743589743589743,1,192.87607791671758,39993,37871,0.35294117647058826,0.001192227587415343,646,663
"[-0.0786409555,0.1357509555], [0.017539504,0.07856331600000001], [-0.07817500000000001,0.13529500000000003], 1.0, 1.0, [-526.66,530.66], 1.0, [1.3667126673688355,13.237088941823018], [1.8732927545424958,8.619495375896841]","TLDLegitimateProb, URLCharProb, SpacialCharRatioInURL, IsHTTPS, IsResponsive, NoOfiFrame, HasSubmitButton, NoOfSelfRef_log, NoOfExternalRef_log",1.0,0.9710164694410608,0.9941348973607038,1,144.75423553636693,39997,37882,0.2647058823529412,0.000909056885687083,339,341
"[-683.74,683.74], [-0.12654,0.26258000000000004], 1.0, 1.0, [-448.56000000000006,213.26000000000002], 1.0, 1.0, [2.5362545162627113,4.055419215745947], [5.9553203956847405,12.049288346599742], [-1.9284252175874599,3.7572478764941755], [-0.609922186580196,3.3825109088199774], [2.5339244971307413,8.619495375896841]","NoOfDegitsInURL, DegitRatioInURL, IsHTTPS, HasTitle, NoOfiFrame, HasSocialNet, HasHiddenFields, URLLength_log, LineOfCode_log, NoOfCSS_log, NoOfEmptyRef_log, NoOfExternalRef_log",1.0,0.9901381441726025,0.998019801980198,1,165.76745955356597,39982,37882,0.35294117647058826,0.0010410199741075312,504,505
"1.0, [-25.5,25.5], 1.0, [2.4680417004676114,12.049288346599742], [5.314761185516479,13.774232089941453], [-0.3439434216573969,3.116532143897178], [1.5057869064313056,5.487228216501655]","IsHTTPS, URLTitleMatchScore, IsResponsive, LineOfCode_log, LargestLineLength_log, NoOfCSS_log, NoOfJS_log",1.0,0.4101463806480264,0.8367346938775511,1,115.87642939633947,39997,37898,0.20588235294117646,0.0007277042059685442,205,245
"[-1256.795,1286.795], [0.42454000000000003,0.81346], [-352.52512190696683,189.125], 1.0, [-27.364896871389046,30.5], 0.0, 1.0, 0.0, [2.3450023258973975,6.7201966604091155], [-3.1854519378192867,3.1854519378192867]","NoOfLettersInURL, LetterRatioInURL, NoOfOtherSpecialCharsInURL, IsHTTPS, URLTitleMatchScore, Robots, IsResponsive, HasDescription, URLLength_log, NoOfEmptyRef_log",0.0,0.41676032303654403,0.8394160583941606,1,139.36739446474334,39993,37907,0.29411764705882354,0.0008752275130948652,115,137
"[-1616.03,1518.3899999999999], [-734.015,734.015], [-58.375,185.63], 0.0, 1.0, [-504.63,504.63], [1.9217551562647839,9.621127089995248], [-1.6810529975852586,1.6810529975852586], [-1.3166534676319719,1.3166534676319719]","NoOfLettersInURL, NoOfDegitsInURL, NoOfOtherSpecialCharsInURL, IsHTTPS, HasTitle, NoOfiFrame, LargestLineLength_log, NoOfJS_log, NoOfEmptyRef_log",0.0,1.0,1.0,1,183.79263947408452,39933,37911,0.2647058823529412,0.0011542181396864532,233,233
"[0.3686495055,0.6771646944999999], [0.0201486395,0.067901117], [-561.08,565.08], [0.03577999999999998,0.32158], 1.0, 1.0, [-22.0,35.0], [-30.5,30.5], 0.0, 0.0, [-208.26000000000002,208.26000000000002], [2.3450023258973975,6.7201966604091155], [-2.7182523202724584,2.5908342427596867], [-1.2416527940438218,1.9041516612559493]","TLDLegitimateProb, URLCharProb, NoOfDegitsInURL, DegitRatioInURL, IsHTTPS, HasTitle, DomainTitleMatchScore, URLTitleMatchScore, Robots, HasDescription, NoOfiFrame, URLLength_log, NoOfEmptyRef_log, NoOfExternalRef_log",0.0,1.0,1.0,1,157.919099408243,39993,37919,0.4117647058823529,0.0009917322568602836,59,59
"[-16.74,44.739999999999995], [0.23608999999999997,0.38069000000000003], 1.0, 1.0, [5.147666997064714,14.041769058443009], [0.1223478273937495,5.155766831836767], [1.7315274776767642,7.610443003536902], [-3.1854519378192867,4.085284864457941]","DomainLength, LetterRatioInURL, IsHTTPS, Robots, LargestLineLength_log, NoOfCSS_log, NoOfSelfRef_log, NoOfEmptyRef_log",1.0,1.0,1.0,1,148.5177615027883,39840,37925,0.23529411764705882,0.0009326918362055288,53,53
"[-16.159999999999997,50.33], [0.26283,0.8091700000000001], [-482.64,482.64], [-0.21888000000000002,0.12654], 1.0, 1.0, 1.0, [-1.7450883648049147,5.36190085730153], [-0.6909504000509903,6.443249586077761], [1.4973107796641787,13.237088941823018]","DomainLength, LetterRatioInURL, NoOfDegitsInURL, DegitRatioInURL, IsHTTPS, HasTitle, HasCopyrightInfo, URLLength_log, NoOfJS_log, NoOfSelfRef_log",1.0,0.9885453672078537,0.997698504027618,1,156.28810070517702,39997,37931,0.29411764705882354,0.0009018718747897496,867,869
"[-136.72000000000003,141.72000000000003], 1.0, [-34.5,34.5], 0.0, 0.0, 0.0, 0.0, [-2.3529563388931676,5.085769151540621], [-3.932358597221108,4.663950750148581], [-2.1676736021494123,2.1676736021494123]","NoOfOtherSpecialCharsInURL, IsHTTPS, URLTitleMatchScore, Robots, HasDescription, HasSocialNet, HasHiddenFields, LineOfCode_log, NoOfCSS_log, NoOfJS_log",0.0,1.0,1.0,2,196.15987995862582,39993,37933,0.29411764705882354,0.002463768868816838,249,249
"[0.024204805499999996,0.0609985745], [-30.5,30.5], 0.0, 0.0, 0.0, 0.0, [1.6855222845520996,4.906151447456558], [-1.865539078837415,1.865539078837415], [-2.1496893664808723,1.5729434388884431], [-1.2416527940438218,4.014241516283603]","URLCharProb, URLTitleMatchScore, HasDescription, HasSocialNet, HasHiddenFields, Pay, URLLength_log, NoOfImage_log, NoOfCSS_log, NoOfExternalRef_log",0.0,1.0,1.0,1,202.56666505204743,39993,37944,0.29411764705882354,0.001268298720403962,451,451
"[-1051.155,1077.155], [-462.53000000000003,462.53000000000003], [-0.07817500000000001,0.13529500000000003], 1.0, 1.0, 1.0, [1.2053739308986744,5.3656509976038045], [5.478922497204102,12.049288346599742], [-1.4391259481050904,5.570884523123128]","NoOfLettersInURL, NoOfDegitsInURL, SpacialCharRatioInURL, IsHTTPS, HasTitle, HasSocialNet, URLLength_log, LineOfCode_log, NoOfImage_log",1.0,0.9836960017520648,0.9967177242888403,1,164.51865083951628,39997,37949,0.2647058823529412,0.0009664817137081945,911,914
"[34.15,81.85], [0.012960594673685797,0.089445659], [-0.1368,0.26576443893021284], [-0.003369999999999998,0.203385], [-34.0,33.5], [-15.0,15.0], 1.0, 0.0, [-171.26145713422326,240.29999999999998], 0.0, 0.0, [-6.553118371851593,4.8615066617032685], [3.384077717408371,12.852510043412904], [-2.7300571885425584,5.08250444907665], [-1.2386706297996644,3.0966765744991607], [-1.9358252042263626,1.5792258245004538], [-1.2416527940438218,3.3354713892462504]","DomainLength, URLCharProb, DegitRatioInURL, SpacialCharRatioInURL, DomainTitleMatchScore, URLTitleMatchScore, HasFavicon, HasDescription, NoOfiFrame, Pay, HasCopyrightInfo, LineOfCode_log, LargestLineLength_log, NoOfImage_log, NoOfJS_log, NoOfSelfRef_log, NoOfExternalRef_log",0.0,1.0,1.0,1,175.59296,39582,37959,0.5,0.0011027241363592006,9,9
"3.0, [0.45013000000000003,0.9038700000000001], [0.040614999999999984,0.16337000000000002], 1.0, 0.0, [5.153138109682439,6.702772516430123], [-3.0966765744991607,3.008200100942042]","NoOfSubDomain, LetterRatioInURL, SpacialCharRatioInURL, HasFavicon, HasCopyrightInfo, LargestLineLength_log, NoOfJS_log",0.0,1.0,1.0,1,167.656,39582,37959,0.20588235294117646,0.0010528800118492117,7,7
"[-16.74,50.33], [0.38069000000000003,0.60465], [-0.028444999999999998,0.30991083406463593], 1.0, 0.0, [4.830603110889394,8.139293930816093], [1.3015555528993152,5.278112611873064], [-0.27277305146723263,2.469997628803452]","DomainLength, LetterRatioInURL, SpacialCharRatioInURL, IsHTTPS, HasSocialNet, LineOfCode_log, NoOfImage_log, NoOfJS_log",1.0,0.3397851060698045,0.8058252427184466,1,118.74607928298443,39980,37962,0.23529411764705882,0.0007457256129367041,83,103
"[0.015399972499999998,0.0701419215], [-1616.03,949.38], [-0.08721912118904873,0.9982500000000001], 0.0, 0.0, 0.0, [-0.1639378322055447,8.0664252693684]","URLCharProb, NoOfLettersInURL, LetterRatioInURL, IsHTTPS, HasFavicon, HasSocialNet, LargestLineLength_log",0.0,1.0,1.0,3,194.06815605452547,39977,37964,0.20588235294117646,0.0036047562112396614,385,385
"[-16.74,44.739999999999995], [0.38069000000000003,0.60465], [-173.65,175.65], [-0.10796500000000003,0.30991083406463593], [69.0,131.0], [4.310294372871142,8.139293930816093], [5.445730577466069,13.106304192595584], [-0.8548401418244607,4.073715966692661], [1.2673758829863075,5.248817193056657]","DomainLength, LetterRatioInURL, NoOfOtherSpecialCharsInURL, SpacialCharRatioInURL, URLTitleMatchScore, LineOfCode_log, LargestLineLength_log, NoOfCSS_log, NoOfJS_log",1.0,0.9720167034752573,0.9943396226415094,1,172.4818262519237,39995,37975,0.2647058823529412,0.0010289926603979408,527,530
"[-318.76,324.76], [-156.16500000000002,189.125], [-0.01791999999999999,0.26792], [-49.882252867359426,35.0], [-27.364896871389046,32.636942675], 0.0, 0.0, 0.0, [-2.71001516243399,4.8615066617032685], [-1.2386706297996644,3.008200100942042]","NoOfDegitsInURL, NoOfOtherSpecialCharsInURL, SpacialCharRatioInURL, DomainTitleMatchScore, URLTitleMatchScore, HasDescription, HasSocialNet, Pay, LineOfCode_log, NoOfJS_log",0.0,1.0,1.0,2,201.75447754188698,39993,37979,0.29411764705882354,0.002523846092879405,525,525
"[-0.0998,0.17386000000000001], [-173.64,155.195], [-0.07391999999999999,0.23219], 0.0, [2.6077134802448567,4.912135797637768]","DegitRatioInURL, NoOfOtherSpecialCharsInURL, SpacialCharRatioInURL, HasSocialNet, URLLength_log",0.0,0.27843697913814724,0.774364406779661,1,159.4037243238794,39993,38002,0.14705882352941177,0.0009294695288948571,731,944
"[0.71,1.29], 1.0, [0.07078999999999996,0.85869], 1.0, 1.0, [67.5,132.5], [75.0,115.0], 1.0, [1.4120726386451175,5.179601093363541], [3.324328634138658,7.49001490878158], [-0.8548401418244607,4.034773374593204], [-2.3888647860422094,3.334729146797918], [1.1919268423539144,7.236939336887557]","CharContinuationRate, NoOfSubDomain, LetterRatioInURL, IsHTTPS, HasTitle, DomainTitleMatchScore, URLTitleMatchScore, HasDescription, URLLength_log, LineOfCode_log, NoOfCSS_log, NoOfJS_log, NoOfExternalRef_log",1.0,1.0,1.0,1,173.52861629712865,39995,38006,0.38235294117647056,0.0010897600538191184,310,310
"1.0, [0.07078999999999996,0.85869], [-0.09918,0.18468000000000004], 1.0, 0.0, 1.0, 1.0, [4.830603110889394,11.229952500188748], [-0.8548401418244607,4.034773374593204], [-0.5870164357837792,4.224173559850506]","NoOfSubDomain, LetterRatioInURL, DegitRatioInURL, IsHTTPS, HasSocialNet, HasSubmitButton, HasCopyrightInfo, LineOfCode_log, NoOfCSS_log, NoOfExternalRef_log",1.0,0.6278511798675676,0.9111111111111111,1,114.09425321789597,39795,38006,0.29411764705882354,0.0007165121360403759,41,45
"[-8.510000000000005,62.510000000000005], [0.017539504,0.07856331600000001], 1.0, [-535.6700000000001,-145.2755181990908], 1.0, [7.93848444135551,12.049288346599742], [0.6370153913507153,4.6410992678798015], [1.3667126673688355,13.237088941823018], [1.8732927545424958,6.698173616015561]","DomainLength, URLCharProb, IsHTTPS, NoOfiFrame, HasSubmitButton, LineOfCode_log, NoOfImage_log, NoOfSelfRef_log, NoOfExternalRef_log",1.0,0.1,1.0,1,200.7368583254024,38007,38007,0.2647058823529412,0.0012606278676111993,0,0
"[0.037038199,0.08729310300000001], [-1134.02,1150.02], 1.0, 1.0, 0.0, [-448.56000000000006,428.53000000000003], 1.0, 1.0, [5.478922497204102,12.049288346599742], [1.3667126673688355,8.990889313462043]","URLCharProb, NoOfLettersInURL, IsHTTPS, HasTitle, HasFavicon, NoOfiFrame, HasSocialNet, HasCopyrightInfo, LineOfCode_log, NoOfSelfRef_log",1.0,0.9834987122941136,0.9966777408637874,2,179.844668349745,39995,38016,0.29411764705882354,0.0021735819781657038,300,301
"[0.32468673781725566,1.255], [-0.12654,0.24624000000000001], 1.0, 1.0, [-1.8097432033809087,13.496291150257541], [5.314761185516479,13.774232089941453]","CharContinuationRate, DegitRatioInURL, IsHTTPS, HasTitle, LineOfCode_log, LargestLineLength_log",1.0,0.4845877390614904,0.8651162790697674,1,166.1378042714386,39997,38016,0.17647058823529413,0.0009791920721548657,1116,1290
"0.0, [-0.0998,0.1738], [-173.64,187.63], 0.0, [-4.288690978366612,3.2402856071735804]","NoOfSubDomain, DegitRatioInURL, NoOfOtherSpecialCharsInURL, HasDescription, NoOfSelfRef_log",0.0,1.0,1.0,1,166.31026115560823,39966,38023,0.14705882352941177,0.0010444287692427487,123,123
"[-1256.795,1810.03], [-352.52512190696683,278.1951030901971], [-27.364896871389046,30.5], 0.0, 0.0, [-1.2386706297996644,3.008200100942042], [-1.2416527940438218,4.014241516283603]","NoOfLettersInURL, NoOfOtherSpecialCharsInURL, URLTitleMatchScore, Robots, HasSocialNet, NoOfJS_log, NoOfExternalRef_log",0.0,0.8305601694575027,0.9635499207606973,1,184.5388307695914,39993,38026,0.20588235294117646,0.001126780176682533,608,631
"[-16.74,51.510000000000005], [0.32468673781725566,1.1752815479305077], [0.0447161435,0.0725358225], [-1336.66,1362.66], [-0.022950000000000026,0.5789500000000001], [-131.235,133.235], 1.0, [-261.33,267.33], 1.0, [1.2053739308986744,5.3656509976038045], [2.992102545918886,10.657923183718385]","DomainLength, CharContinuationRate, URLCharProb, NoOfLettersInURL, LetterRatioInURL, NoOfOtherSpecialCharsInURL, IsHTTPS, NoOfiFrame, HasSocialNet, URLLength_log, LineOfCode_log",1.0,1.0,1.0,1,163.1383252721394,39997,38032,0.3235294117647059,0.0009556461545891091,721,721
"[0.0201486395,0.067901117], [-1256.795,1286.795], [0.44201999999999997,1.0834700000000002], [-0.023175000000000015,0.23219], 0.0, 0.0, 0.0, [2.3450023258973975,6.7201966604091155], [0.8890316598906236,10.682106423750714], [-2.7182523202724584,2.5908342427596867]","URLCharProb, NoOfLettersInURL, LetterRatioInURL, SpacialCharRatioInURL, Robots, HasDescription, HasSocialNet, URLLength_log, LineOfCode_log, NoOfEmptyRef_log",0.0,0.8007081039652487,0.9565217391304348,1,191.32429706249303,39993,38033,0.29411764705882354,0.0011800461038702914,616,644
"[0.3686495055,0.6771646944999999], [0.0201486395,0.067901117], [-561.08,565.08], [0.03577999999999998,0.32158], [-352.52512190696683,189.125], 1.0, 1.0, [-22.0,35.0], [-30.5,30.5], 0.0, 0.0, [-208.26000000000002,208.26000000000002], [-2.0865407593881695,4.018335916053033], [-4.288690978366612,1.5792258245004538], [-1.2416527940438218,6.881469989744492]","TLDLegitimateProb, URLCharProb, NoOfDegitsInURL, DegitRatioInURL, NoOfOtherSpecialCharsInURL, IsHTTPS, HasTitle, DomainTitleMatchScore, URLTitleMatchScore, Robots, HasDescription, NoOfiFrame, NoOfJS_log, NoOfSelfRef_log, NoOfExternalRef_log",0.0,1.0,1.0,1,157.91836988291274,39993,38033,0.4411764705882353,0.0009917276754397657,58,58
"[-0.07717500000000001,0.23219], 0.0, 0.0, 0.0, [-1.162760260423762,4.550180916229388], [-1.2386706297996644,1.9907206550351746]","SpacialCharRatioInURL, HasDescription, HasSocialNet, Pay, LineOfCode_log, NoOfJS_log",0.0,1.0,1.0,1,195.67307346817722,39993,38061,0.17647058823529413,0.0012141840094145782,578,578
"[0.40846153799999996,0.668461538], [-1051.155,1077.155], [-0.10796500000000003,0.30991083406463593], 1.0, [-264.33,264.33], 1.0, [1.5555629284665848,4.715425503391715], [5.478922497204102,10.657923183718385], [1.9454846253305749,5.2215532515816445], [-0.6909504000509903,6.443249586077761], [1.2859169356868811,13.237088941823018]","CharContinuationRate, NoOfLettersInURL, SpacialCharRatioInURL, HasTitle, NoOfiFrame, HasCopyrightInfo, URLLength_log, LineOfCode_log, NoOfImage_log, NoOfJS_log, NoOfSelfRef_log",1.0,1.0,1.0,1,146.04899213985254,39840,38070,0.3235294117647059,0.0008214948472185309,76,76
"1.0, [0.26525,0.49675], [-0.09918,0.23598000000000005], [-143.70999999999998,140.72000000000003], [-535.6700000000001,944.2395961749585], 0.0, 1.0, 1.0, [1.4120726386451175,5.179601093363541], [0.8849864949639845,2.3888647860422094]","NoOfSubDomain, LetterRatioInURL, DegitRatioInURL, NoOfOtherSpecialCharsInURL, NoOfiFrame, HasSocialNet, HasHiddenFields, HasCopyrightInfo, URLLength_log, NoOfJS_log",1.0,1.0,1.0,1,127.216741888,39980,38077,0.29411764705882354,0.0007989213908625731,13,13
"[0.471666667,1.225], 1.0, [-746.6949999999999,758.6949999999999], [0.23608999999999997,0.7258300000000001], [-0.23598000000000005,0.23598000000000005], 1.0, 0.0, 1.0, [-535.6700000000001,537.6700000000001], 1.0, [-0.4230125668842648,8.619495375896841]","CharContinuationRate, NoOfSubDomain, NoOfLettersInURL, LetterRatioInURL, DegitRatioInURL, HasTitle, Robots, IsResponsive, NoOfiFrame, HasSocialNet, NoOfExternalRef_log",1.0,1.0,1.0,1,182.97297486350138,39995,38082,0.3235294117647059,0.0011113482029558401,355,355
"[-758.65,798.65], [-0.07817500000000001,0.13529500000000003], 1.0, [78.5,117.0], 1.0, 1.0, 0.0, 1.0, [2.03635568096057,4.8316187280097225], [5.314761185516479,13.774232089941453]","NoOfLettersInURL, SpacialCharRatioInURL, IsHTTPS, DomainTitleMatchScore, HasFavicon, HasDescription, HasSubmitButton, HasHiddenFields, URLLength_log, LargestLineLength_log",1.0,1.0,1.0,1,184.2443132130101,39980,38084,0.29411764705882354,0.0011570546516609242,41,41
"[-3.030000000000001,44.739999999999995], [0.32468673781725566,1.1752815479305077], 1.0, [0.15737999999999996,0.84262], [-96.305,98.305], 1.0, [85.0,115.0], 1.0, 0.0","DomainLength, CharContinuationRate, NoOfSubDomain, LetterRatioInURL, NoOfOtherSpecialCharsInURL, IsHTTPS, URLTitleMatchScore, HasDescription, Pay",1.0,1.0,1.0,1,172.10768454304286,39980,38084,0.2647058823529412,0.0010260556470575314,338,338
"[-1328.66,1810.03], [-0.08721912118904873,1.05606], [-156.16500000000002,278.1951030901971], [-0.057205000000000006,0.203385], [-16.5,35.0], 0.0, 0.0, [-536.6700000000001,536.6700000000001], 0.0, 0.0, [0.8890316598906236,4.550180916229388], [-1.2386706297996644,3.008200100942042]","NoOfLettersInURL, LetterRatioInURL, NoOfOtherSpecialCharsInURL, SpacialCharRatioInURL, DomainTitleMatchScore, Robots, HasDescription, NoOfiFrame, HasSocialNet, HasHiddenFields, LineOfCode_log, NoOfJS_log",0.0,1.0,1.0,1,199.36387448288912,39993,38089,0.35294117647058826,0.0012431568065117812,443,443
"[0.645,1.355], [0.046469346999999994,0.0732076055], 1.0, [-535.6700000000001,514.64], 1.0, [1.9768125311432616,5.3656509976038045], [0.40163520686549625,4.034773374593204], [2.1712576019268566,8.455972923936761]","CharContinuationRate, URLCharProb, NoOfSubDomain, NoOfiFrame, HasSocialNet, URLLength_log, NoOfCSS_log, NoOfSelfRef_log",1.0,1.0,1.0,3,177.9343068608201,39995,38092,0.23529411764705882,0.0033522833978384585,614,614
"[-0.21888000000000002,0.23598000000000005], 1.0, [-34.5,34.5], 1.0, [1.2053739308986744,5.0759085180890615], [-1.1243450020572263,5.5187941567296654], [-1.8375487972569846,3.7572478764941755], [-2.84567039778523,2.84567039778523], [2.72406882856974,5.6552406554831105]","DegitRatioInURL, IsHTTPS, DomainTitleMatchScore, HasCopyrightInfo, URLLength_log, NoOfImage_log, NoOfCSS_log, NoOfEmptyRef_log, NoOfExternalRef_log",1.0,0.932457961600714,0.9861111111111112,1,141.94303774962518,39911,38092,0.2647058823529412,0.0008914025580220121,142,144
"[0.03204999999999997,0.63395], [-0.14446905303960045,0.17442000000000002], 1.0, [-16.0,16.0], [-587.74,597.74], [2.3681435931575887,4.069608056578812], [5.314761185516479,13.774232089941453], [-0.6909504000509903,3.9098262249191906], [-1.4865442376490008,1.4865442376490008]","LetterRatioInURL, DegitRatioInURL, IsHTTPS, DomainTitleMatchScore, NoOfiFrame, URLLength_log, LargestLineLength_log, NoOfJS_log, NoOfEmptyRef_log",1.0,0.1821858771525925,0.7113821138211383,1,120.79170690515947,39997,38106,0.2647058823529412,0.0007585721584529681,175,246
"[-106.285,108.285], 1.0, 1.0, [-19.0,19.0], 1.0, 1.0, 1.0, [2.2371572270774776,5.3312220407590445], [0.8315588117457682,5.76011492026289], [1.989102613732646,8.455972923936761], [-1.9352187666444407,8.735654709207758]","NoOfOtherSpecialCharsInURL, IsHTTPS, HasTitle, URLTitleMatchScore, Robots, HasSocialNet, HasSubmitButton, NoOfImage_log, NoOfCSS_log, NoOfSelfRef_log, NoOfExternalRef_log",1.0,1.0,1.0,1,157.8893039136618,39911,38106,0.3235294117647059,0.0009915451410953382,62,62
"[0.044747119,0.082438297], [0.29335,0.85869], [-0.10796500000000003,0.30991083406463593], 1.0, 1.0, 1.0, 1.0, 1.0, [5.478922497204102,12.049288346599742], [1.9454846253305749,5.278112611873064], [1.2859169356868811,13.237088941823018]","URLCharProb, LetterRatioInURL, SpacialCharRatioInURL, IsHTTPS, Robots, HasSubmitButton, Pay, HasCopyrightInfo, LineOfCode_log, NoOfImage_log, NoOfSelfRef_log",1.0,1.0,1.0,1,152.10022426773452,39840,38134,0.3235294117647059,0.000955189709460324,96,96
"[0.23337999999999992,0.91862], [-0.12654,0.23598000000000005], 1.0, 0.0, 0.0, [1.8232874343984244,3.293290922926462], [-2.081161932708601,2.081161932708601], [2.5339244971307413,8.619495375896841]","LetterRatioInURL, DegitRatioInURL, IsHTTPS, HasFavicon, Pay, NoOfImage_log, NoOfEmptyRef_log, NoOfExternalRef_log",1.0,0.94899049205054,0.9895833333333334,1,162.63653887793845,39904,38138,0.23529411764705882,0.0009517071301531205,95,96
"[1.0799999999999983,68.92], [0.0201486395,0.089445659], [0.44201999999999997,1.0834700000000002], [-0.023175000000000015,0.23219], [-34.0,19.5], [-27.364896871389046,20.5], 0.0, 0.0, 0.0, [0.8890316598906236,10.682106423750714], [-4.288690978366612,2.037710741290908], [-0.5131347898135135,4.014241516283603]","DomainLength, URLCharProb, LetterRatioInURL, SpacialCharRatioInURL, DomainTitleMatchScore, URLTitleMatchScore, Robots, HasDescription, HasSocialNet, LineOfCode_log, NoOfSelfRef_log, NoOfExternalRef_log",0.0,1.0,1.0,1,203.8053481630654,39993,38146,0.35294117647058826,0.0012780223858901809,462,462
"[-16.159999999999997,50.33], [-0.21888000000000002,0.19836], [-80.33500000000001,84.33500000000001], 1.0, 1.0, 1.0, 1.0","DomainLength, DegitRatioInURL, NoOfOtherSpecialCharsInURL, IsHTTPS, HasTitle, HasHiddenFields, Pay",1.0,0.7164427963651452,0.9354838709677419,1,150.79963722978388,39982,38148,0.20588235294117646,0.0009470220202876824,290,310
"[-2.5,42.019999999999996], [0.6499999999999999,1.35], [-281.54,281.54], [-0.15732000000000002,0.15732000000000002], 1.0, 0.0, 1.0, [1.8232874343984244,5.278112611873064], [1.021859080283743,4.2562555789467735]","DomainLength, CharContinuationRate, NoOfDegitsInURL, DegitRatioInURL, IsHTTPS, HasFavicon, HasCopyrightInfo, NoOfImage_log, NoOfExternalRef_log",1.0,0.9375201536147749,0.9871794871794872,1,154.7752065652017,39995,38149,0.2647058823529412,0.000971988603583133,154,156
"[-4.789999999999999,40.79], [0.028062795499999998,0.067901117], 0.0, [-576.72,576.72]","DomainLength, URLCharProb, IsHTTPS, NoOfiFrame",0.0,1.0,1.0,1,190.5911628826412,39977,38153,0.11764705882352941,0.0011742909987445473,343,343
"[-3.789999999999999,41.79], 0.0, [0.8216892260333233,6.653650010533413], [-3.932358597221108,3.932358597221108], [-3.082784162788201,3.8983752453311213]","DomainLength, HasSocialNet, LineOfCode_log, NoOfCSS_log, NoOfExternalRef_log",0.0,0.5480525992135642,0.8866749688667497,1,167.3139170422137,39993,38160,0.14705882352941177,0.0009915645613050405,712,803
"0.0, [-0.025400000000000013,0.13340000000000002], 0.0, 1.0, [-1.8726705525965017,4.018335916053033]","NoOfSubDomain, SpacialCharRatioInURL, HasDescription, Pay, NoOfJS_log",1,0.0,0.0,1,92.00800000000001,38164,38164,0.14705882352941177,0.0005778104221156551,0,7
"[0.326666667,1.07], [0.30375,0.9982500000000001], [0.03577999999999998,0.32158], 1.0, 0.0, 0.0, [7.732671905177047,15.564791630868381], [-2.0217497564717366,4.794338478711517], [-4.288690978366612,2.221430236528126], [-2.7182523202724584,2.7182523202724584]","CharContinuationRate, LetterRatioInURL, DegitRatioInURL, HasTitle, Robots, HasSocialNet, LargestLineLength_log, NoOfCSS_log, NoOfSelfRef_log, NoOfEmptyRef_log",0.0,1.0,1.0,1,155.29297131125264,39993,38164,0.29411764705882354,0.0009752401672131685,68,68
"[-17.799999999999997,45.8], [-0.14446905303960045,0.24624000000000001], 1.0, 1.0, 1.0, 1.0, [-448.56000000000006,428.53000000000003], 0.0, [5.478922497204102,12.049288346599742], [1.8232874343984244,5.570884523123128], [1.3667126673688355,8.455972923936761]","DomainLength, DegitRatioInURL, IsHTTPS, HasTitle, IsResponsive, HasDescription, NoOfiFrame, Pay, LineOfCode_log, NoOfImage_log, NoOfSelfRef_log",1.0,1.0,1.0,1,171.1928608766279,39970,38165,0.3235294117647059,0.0010188742790127334,331,331
"[-15.439999999999998,49.33], [0.45294999999999996,0.77705], [-0.20862,0.267], [-28.999999999999996,28.999999999999996], [-576.72,209.2566052125244], 0.0, [-2.71001516243399,4.550180916229388], [-1.8211113387168132,3.317867758391958]","DomainLength, LetterRatioInURL, DegitRatioInURL, URLTitleMatchScore, NoOfiFrame, Pay, LineOfCode_log, NoOfJS_log",0.0,1.0,1.0,1,206.37602712501598,39993,38176,0.23529411764705882,0.0012982022221018213,329,329
"1.0, [0.54043,0.90157], 1.0, 0.0, 0.0, [3.1456632587454276,5.94092630579458], [-2.1457260568569807,1.638034313125535]","NoOfSubDomain, LetterRatioInURL, HasDescription, HasSocialNet, HasCopyrightInfo, URLLength_log, NoOfImage_log",0.0,0.28462802079628785,0.7777777777777778,1,86.01216,39512,38176,0.20588235294117646,0.0005401565350478139,7,9
"[0.25479999999999997,0.6252], [-0.041084999999999997,0.201085], 1.0, [-34.5,34.5], 1.0, 1.0, 1.0, [-1.9284252175874599,3.7572478764941755], [-0.6909504000509903,6.443249586077761]","LetterRatioInURL, SpacialCharRatioInURL, HasTitle, DomainTitleMatchScore, HasDescription, HasSocialNet, HasHiddenFields, NoOfCSS_log, NoOfJS_log",1.0,1.0,1.0,1,144.68252683405063,39911,38178,0.2647058823529412,0.0009086065548946004,81,81
"[-34.75,44.75], [0.006755806000000003,0.153169794], [-31.5,31.5], [-21.0,21.0], 1.0, 0.0, 0.0, [-1.2386706297996644,1.2386706297996644], [-2.1395962783554534,3.4240051024107983], [-1.6564350076660292,1.4015988526404863]","DomainLength, TLDLegitimateProb, DomainTitleMatchScore, URLTitleMatchScore, IsResponsive, HasHiddenFields, Pay, NoOfJS_log, NoOfSelfRef_log, NoOfEmptyRef_log",0.0,1.0,1.0,1,172.85334202368,39869,38180,0.29411764705882354,0.0010855193300452596,15,15
"[0.0201486395,0.08057626949999999], 0.0, [-1256.795,1286.795], [-352.52512190696683,189.125], [-0.0055800000000000086,0.203385], 1.0, 0.0, 1.0, 0.0, [-576.72,576.72], 0.0, [2.3450023258973975,6.7201966604091155], [-4.288690978366612,3.2402856071735804], [-1.2416527940438218,4.014241516283603]","URLCharProb, NoOfSubDomain, NoOfLettersInURL, NoOfOtherSpecialCharsInURL, SpacialCharRatioInURL, IsHTTPS, HasFavicon, IsResponsive, HasDescription, NoOfiFrame, HasSocialNet, URLLength_log, NoOfSelfRef_log, NoOfExternalRef_log",0.0,1.0,1.0,1,105.70227337625599,39738,38191,0.4117647058823529,0.0006638104860242462,18,18
"[0.875,1.125], [0.015065412500000007,0.067901117], [0.03577999999999998,0.30178000000000005], [-0.023175000000000015,0.21988999999999997], 1.0, [-37.5,37.5], [-27.364896871389046,30.5], 0.0, 0.0, 0.0, 1.0, [-3.273629521613398,5.9938196939898996]","CharContinuationRate, URLCharProb, DegitRatioInURL, SpacialCharRatioInURL, IsHTTPS, DomainTitleMatchScore, URLTitleMatchScore, Robots, HasDescription, HasSocialNet, HasSubmitButton, NoOfJS_log",0.0,1.0,1.0,1,115.33333333333333,39792,38191,0.35294117647058826,0.0007242935616178906,3,3
"0.0, [87.5,112.5], 0.0, [1.8709473007394288,5.4561759915198635], [1.3386535811573723,1.9318178103596098]","NoOfSubDomain, DomainTitleMatchScore, HasDescription, URLLength_log, NoOfJS_log",0.0,1.0,1.0,1,70.0,39116,38199,0.14705882352941177,0.00043960013855421113,1,1
"1.0, [-33.5,19.5], 0.0, 0.0, 0.0, [-2.3529563388931676,5.085769151540621]","IsHTTPS, DomainTitleMatchScore, Robots, HasDescription, HasSocialNet, LineOfCode_log",0.0,1.0,1.0,1,190.1915069229164,39993,38200,0.17647058823529413,0.0011944030399306893,242,242
"1.0, [-0.10796500000000003,0.151235], 1.0, [79.0,121.0], 1.0, [2.768926422293755,12.049288346599742], [5.445730577466069,13.774232089941453], [-0.13309579395534765,2.330320371291567]","NoOfSubDomain, SpacialCharRatioInURL, IsHTTPS, URLTitleMatchScore, HasCopyrightInfo, LineOfCode_log, LargestLineLength_log, NoOfEmptyRef_log",1.0,0.9909584680802852,0.9981851179673321,1,180.38289055690166,39995,38204,0.23529411764705882,0.0010910160347406917,550,551
"[-1478.4204959673257,949.38], 0.0, [66.5,114.5], 0.0, [-1.8768779075054056,4.074102484841625]","NoOfLettersInURL, IsHTTPS, URLTitleMatchScore, HasCopyrightInfo, LineOfCode_log",0.0,1.0,1.0,1,176.37759979506933,39933,38210,0.14705882352941177,0.0011076516758253096,105,105
"[0.326666667,1.07], [0.16576838325379284,0.9982500000000001], 1.0, 0.0, 0.0, [7.732671905177047,15.564791630868381], [-1.8726705525965017,4.018335916053033], [-1.5792258245004538,2.221430236528126], [-2.7182523202724584,2.7182523202724584]","CharContinuationRate, LetterRatioInURL, HasTitle, Robots, HasSocialNet, LargestLineLength_log, NoOfJS_log, NoOfSelfRef_log, NoOfEmptyRef_log",0.0,0.7493556402197379,0.9439252336448598,1,154.58356478677638,39993,38212,0.2647058823529412,0.0009707850928352967,101,107
"[-1051.155,1077.155], [-683.74,683.74], [-173.65,88.325], 1.0, 1.0, [5.9553203956847405,10.005122859159785], [5.445730577466069,13.106304192595584]","NoOfLettersInURL, NoOfDegitsInURL, NoOfOtherSpecialCharsInURL, IsHTTPS, HasSocialNet, LineOfCode_log, LargestLineLength_log",1.0,0.987113574369814,0.9974093264248705,1,164.51886422034403,39997,38215,0.20588235294117646,0.0009664833887482202,770,772
"[-0.0734118845,0.1305218845], [-1265.795,1277.795], [-673.6850000000001,693.7950000000001], 1.0, [-24.5,24.5], 1.0, 1.0, 1.0, [1.2053739308986744,5.3656509976038045], [1.3015555528993152,5.278112611873064], [1.3127269085473197,5.092029282797721]","TLDLegitimateProb, NoOfLettersInURL, NoOfDegitsInURL, IsHTTPS, DomainTitleMatchScore, HasSocialNet, HasSubmitButton, HasHiddenFields, URLLength_log, NoOfImage_log, NoOfJS_log",1.0,0.9382910137553188,0.9873417721518988,1,143.9062427594576,39911,38216,0.3235294117647059,0.0009037314893696214,78,79
"[0.0201486395,0.067901117], 0.0, 1.0, [2.3450023258973975,6.7201966604091155], [-2.3529563388931676,4.550180916229388], [-4.050230870053159,3.932358597221108], [-3.1854519378192867,3.1854519378192867]","URLCharProb, NoOfSubDomain, IsHTTPS, URLLength_log, LineOfCode_log, NoOfCSS_log, NoOfEmptyRef_log",0.0,1.0,1.0,1,151.59270660679988,39966,38224,0.20588235294117646,0.0009520024975451014,61,61
"[-0.048149439499999974,0.20807503949999998], [0.26283,0.85869], 1.0, [-585.6650974282111,514.64], [1.2053739308986744,5.3656509976038045], [3.548447444432011,10.80864352309539], [3.5110517270377537,13.237088941823018], [-2.081161932708601,2.081161932708601], [1.8732927545424958,6.698173616015561]","TLDLegitimateProb, LetterRatioInURL, IsHTTPS, NoOfiFrame, URLLength_log, LineOfCode_log, NoOfSelfRef_log, NoOfEmptyRef_log, NoOfExternalRef_log",1.0,0.984127306618646,0.9968051118210862,1,146.66917119435388,39997,38229,0.2647058823529412,0.0009210826854095611,312,313
"[0.326666667,0.756666667], [0.0201486395,0.089445659], [-16.5,35.0], [-576.72,576.72], 0.0, 0.0, [-1.8211113387168132,3.008200100942042], [-4.288690978366612,1.5792258245004538]","CharContinuationRate, URLCharProb, DomainTitleMatchScore, NoOfiFrame, HasSocialNet, HasHiddenFields, NoOfJS_log, NoOfSelfRef_log",0.0,0.9812035438604497,0.9962121212121212,1,186.65241092189098,39993,38240,0.23529411764705882,0.0011433717861074673,263,264
"1.0, 1.0, 1.0, 1.0, [-448.56000000000006,603.75], [3.555313754143808,10.75173929732832], [-1.404110737957979,2.7904050990778697], [1.7315274776767642,8.299671969071387]","NoOfSubDomain, IsHTTPS, HasTitle, HasFavicon, NoOfiFrame, LargestLineLength_log, NoOfCSS_log, NoOfSelfRef_log",1.0,1.0,1.0,2,161.46329909356598,39982,38253,0.23529411764705882,0.002027979675798618,348,348
"[0.012960594673685797,0.089445659], [-1908.67,1932.67], [-72.345,82.345], 1.0, [-576.72,209.2566052125244], [-2.3529563388931676,4.550180916229388]","URLCharProb, NoOfLettersInURL, NoOfOtherSpecialCharsInURL, HasTitle, NoOfiFrame, LineOfCode_log",0.0,1.0,1.0,1,184.02575898415762,39993,38258,0.17647058823529413,0.0011556821306711363,290,290
"1.0, [-86.325,88.325], [-448.56000000000006,514.64], [0.40163520686549625,2.7904050990778697], [1.7315274776767642,8.455972923936761], [0.09851581523889585,6.769458593731397]","NoOfSubDomain, NoOfOtherSpecialCharsInURL, NoOfiFrame, NoOfCSS_log, NoOfSelfRef_log, NoOfExternalRef_log",1.0,1.0,1.0,1,167.01306945667034,39995,38264,0.17647058823529413,0.0009860629060245004,603,603
"[-4.789999999999999,40.79], [-139.70999999999998,185.63], 0.0, 0.0, [-504.63,504.63], 0.0, [2.868530516392989,4.912135797637768]","DomainLength, NoOfOtherSpecialCharsInURL, IsHTTPS, HasFavicon, NoOfiFrame, HasSocialNet, URLLength_log",0.0,1.0,1.0,1,192.98692615098724,39977,38265,0.20588235294117646,0.0011930977463286186,319,319
"[0.0201486395,0.067901117], [0.44453,1.0834700000000002], 1.0, [-34.0,35.0], 0.0, 0.0, 0.0, [-2.7182523202724584,2.5908342427596867]","URLCharProb, LetterRatioInURL, IsHTTPS, DomainTitleMatchScore, Robots, HasDescription, HasSocialNet, NoOfEmptyRef_log",0.0,0.9101328130942505,0.9813432835820896,1,178.0886612364454,39993,38269,0.23529411764705882,0.0011183971450639339,263,268
"[0.0201486395,0.11523347389679411], 3.0, [0.03577999999999998,0.32158], [0.070465,0.193535], 1.0, 0.0, 1.0, 0.0, [-208.26000000000002,208.26000000000002], 0.0, 0.0, [-3.20939441753318,2.037710741290908]","URLCharProb, NoOfSubDomain, DegitRatioInURL, SpacialCharRatioInURL, HasTitle, Robots, IsResponsive, HasDescription, NoOfiFrame, HasSocialNet, HasHiddenFields, NoOfSelfRef_log",0.0,1.0,1.0,1,65.5,39962,38269,0.35294117647058826,0.00041134012964715467,2,2
"0.0, 1.0, 0.0, [-3.273629521613398,5.9938196939898996]","NoOfSubDomain, HasTitle, HasDescription, NoOfJS_log",0.0,1.0,1.0,1,161.0766930575129,39966,38274,0.11764705882352941,0.0010115619512276687,81,81
"[0.645,1.355], [-693.7950000000001,898.5964547215442], 1.0, [-535.6700000000001,514.64], 1.0, [-0.8548401418244607,4.073715966692661]","CharContinuationRate, NoOfDegitsInURL, IsHTTPS, NoOfiFrame, HasSocialNet, NoOfCSS_log",1.0,0.986301576924124,0.9972451790633609,1,162.2046745848474,39997,38275,0.17647058823529413,0.0010186456774519948,724,726
"[0.0201486395,0.067901117], 0.0, [0.46328,0.87072], [2.3450023258973975,6.7201966604091155], [-6.553118371851593,4.550180916229388], [-2.684556235400182,2.684556235400182], [-1.8211113387168132,3.008200100942042]","URLCharProb, NoOfSubDomain, LetterRatioInURL, URLLength_log, LineOfCode_log, NoOfImage_log, NoOfJS_log",0.0,1.0,1.0,1,160.6433888386976,39966,38285,0.20588235294117646,0.0010088407998758496,83,83
"[0.045316858999999994,0.081213219], [0.29335,0.85869], [-0.09918,0.23598000000000005], [-0.07817500000000001,0.13529500000000003], 1.0, 1.0, [1.2053739308986744,5.3656509976038045], [-0.6909504000509903,4.544070560803571], [1.4973107796641787,13.237088941823018], [3.36270222676931,6.698173616015561]","URLCharProb, LetterRatioInURL, DegitRatioInURL, SpacialCharRatioInURL, IsHTTPS, HasCopyrightInfo, URLLength_log, NoOfJS_log, NoOfSelfRef_log, NoOfExternalRef_log",1.0,0.9891775911365255,0.9978260869565218,1,175.23907576629372,39945,38294,0.29411764705882354,0.0010506370759076834,459,460
"1.0, [-793.605,815.605], 1.0, 1.0, 1.0, [-448.56000000000006,603.75], 0.0, [3.555313754143808,10.75173929732832], [-1.404110737957979,2.7904050990778697], [1.7315274776767642,8.299671969071387]","NoOfSubDomain, NoOfLettersInURL, IsHTTPS, HasTitle, HasFavicon, NoOfiFrame, HasSocialNet, LargestLineLength_log, NoOfCSS_log, NoOfSelfRef_log",1.0,1.0,1.0,1,133.6718904549461,39980,38307,0.29411764705882354,0.0008394597366399662,56,56
"[-1328.66,1810.03], [-0.07710000000000002,0.29910000000000003], [-0.023175000000000015,0.2051], [-37.0,37.0], 0.0, [3.715888399230118,5.422667445280858], [3.60215487329827,7.053597464280893], [-2.5691409501844573,3.955435311304348]","NoOfLettersInURL, DegitRatioInURL, SpacialCharRatioInURL, URLTitleMatchScore, HasFavicon, URLLength_log, LargestLineLength_log, NoOfCSS_log",0.0,1.0,1.0,2,195.09524265990416,39949,38313,0.23529411764705882,0.002450397020130323,138,138
"[-40.88387927227646,80.69], [0.020943425,0.065575495], [-898.335,1022.335], [-0.023175000000000015,0.23219], 0.0, 0.0, 0.0, [-2.5691409501844573,3.932358597221108], [-1.7695294711423775,1.7695294711423775]","DomainLength, URLCharProb, NoOfLettersInURL, SpacialCharRatioInURL, HasFavicon, HasDescription, HasSocialNet, NoOfCSS_log, NoOfJS_log",0.0,0.9555232151350876,0.9909420289855072,1,197.09553196701455,39993,38323,0.2647058823529412,0.001225350312149873,547,552
"1.0, [-426.365,813.8538163218911], [0.00356999999999999,0.15443], [-33.5,35.0], [-30.5,32.636942675], 1.0, [-576.72,209.2566052125244], 0.0, 0.0, [-2.71001516243399,4.8615066617032685], [-5.925585524048861,1.5792258245004538]","NoOfSubDomain, NoOfDegitsInURL, SpacialCharRatioInURL, DomainTitleMatchScore, URLTitleMatchScore, IsResponsive, NoOfiFrame, HasSocialNet, HasCopyrightInfo, LineOfCode_log, NoOfSelfRef_log",0.0,1.0,1.0,1,157.59015842510703,39993,38323,0.3235294117647059,0.0009896665068351018,69,69
"1.0, [-576.72,209.2566052125244], 0.0, [-2.71001516243399,4.8615066617032685], [-1.8211113387168132,3.317867758391958]","NoOfSubDomain, NoOfiFrame, HasSocialNet, LineOfCode_log, NoOfJS_log",0.0,0.9864500648838873,0.997275204359673,1,193.62100957630196,39993,38324,0.14705882352941177,0.0012159403233821225,366,367
"[-8.850000000000001,38.85], [-1328.66,3098.7495486884895], 0.0, 0.0, 0.0, 0.0, [1.1119680461947792,4.912135797637768], [-3.20939441753318,3.20939441753318]","DomainLength, NoOfLettersInURL, Robots, HasDescription, HasSocialNet, HasHiddenFields, URLLength_log, NoOfSelfRef_log",0.0,0.900084126633381,0.9791666666666666,1,185.3630343820432,39977,38341,0.23529411764705882,0.0011332501770795096,517,528
"[0.05857142900000001,0.798571429], [0.012960594673685797,0.089445659], 1.0, [-34.0,19.5], [-27.364896871389046,20.5], 0.0, 0.0, 0.0, 0.0, [-6.553118371851593,4.8615066617032685]","CharContinuationRate, URLCharProb, IsHTTPS, DomainTitleMatchScore, URLTitleMatchScore, Robots, HasSocialNet, HasSubmitButton, HasCopyrightInfo, LineOfCode_log",0.0,1.0,1.0,2,186.80447880480395,39993,38341,0.29411764705882354,0.002346264993289686,141,141
"[-0.07904000000000001,0.17504000000000003], 0.0, 0.0","SpacialCharRatioInURL, IsHTTPS, HasSocialNet",0.0,1.0,1.0,4,189.69180205723,39977,38344,0.08823529411764706,0.004668924056159546,353,353
"[0.71,1.29], [0.32454000000000005,0.71346], 1.0, [67.5,132.5], [69.0,131.0], 0.0, 1.0, [-535.6700000000001,428.53000000000003], 0.0, [1.4120726386451175,5.179601093363541], [-0.9900412211550711,3.187265798491291], [1.1919268423539144,7.236939336887557]","CharContinuationRate, LetterRatioInURL, IsHTTPS, DomainTitleMatchScore, URLTitleMatchScore, Robots, HasDescription, NoOfiFrame, HasSocialNet, URLLength_log, NoOfSelfRef_log, NoOfExternalRef_log",1.0,1.0,1.0,1,112.18260011155456,39847,38346,0.35294117647058826,0.0007045069507487292,18,18
"[-16.74,40.019999999999996], 1.0, [-1051.155,1077.155], [67.5,130.5], 1.0, [1.2859169356868811,8.455972923936761]","DomainLength, NoOfSubDomain, NoOfLettersInURL, DomainTitleMatchScore, HasSubmitButton, NoOfSelfRef_log",1.0,1.0,1.0,1,161.9501208026158,39995,38352,0.17647058823529413,0.0010170470791957306,462,462
"[-16.74,44.739999999999995], [-1051.155,1077.155], [0.29335,0.7233100000000001], [-535.6700000000001,377.47], 1.0, [1.9454846253305749,5.278112611873064], [1.437830921304833,5.153842810703825], [3.36270222676931,6.698173616015561]","DomainLength, NoOfLettersInURL, LetterRatioInURL, NoOfiFrame, HasSocialNet, NoOfImage_log, NoOfJS_log, NoOfExternalRef_log",1.0,1.0,1.0,1,189.94174939663372,39967,38359,0.23529411764705882,0.0011660531002829482,429,429
"[0.023527761499999997,0.0692956205], [-702.85,704.85], [-0.07134000000000001,0.2520217674008579], 0.0, 0.0","URLCharProb, NoOfDegitsInURL, DegitRatioInURL, HasFavicon, HasSocialNet",0.0,0.5066912459311255,0.8728682170542635,1,164.9975420905805,39993,38360,0.14705882352941177,0.000973381012203586,563,645
"[-16.159999999999997,48.67], [0.32468673781725566,1.355], 1.0, [-673.6850000000001,392.14500000000004], 1.0, 1.0, [66.5,133.5], [-257.33,271.33], 1.0, [1.9768125311432616,5.428651795462068], [3.4157153794520694,8.997973224539482]","DomainLength, CharContinuationRate, NoOfSubDomain, NoOfDegitsInURL, IsHTTPS, HasTitle, URLTitleMatchScore, NoOfiFrame, HasSocialNet, URLLength_log, LargestLineLength_log",1.0,1.0,1.0,1,193.33898356603282,39995,38369,0.3235294117647059,0.0011927213969181076,342,342
"[0.32468673781725566,1.225], 1.0, [0.29335,0.60465], [-0.12654,0.23598000000000005], 1.0, 1.0, 1.0, [1.2053739308986744,5.3656509976038045], [-0.4230125668842648,7.6864046360555545]","CharContinuationRate, NoOfSubDomain, LetterRatioInURL, DegitRatioInURL, IsHTTPS, HasTitle, HasSocialNet, URLLength_log, NoOfExternalRef_log",1.0,1.0,1.0,1,182.2073523157474,39995,38380,0.2647058823529412,0.001105338064061682,548,548
"1.0, [-291.59499999999997,291.59499999999997], [-86.325,130.74], 1.0, 1.0, 1.0, [-360.45,603.75], 0.0, [2.795051276004961,9.299693082087593], [1.3366648609668677,4.079435541237553]","NoOfSubDomain, NoOfDegitsInURL, NoOfOtherSpecialCharsInURL, IsHTTPS, HasTitle, HasFavicon, NoOfiFrame, HasSocialNet, LargestLineLength_log, NoOfJS_log",1.0,0.9153050461492129,0.9824561403508771,1,125.48127105880917,39980,38388,0.29411764705882354,0.0007880226306201576,56,57
"[-40.88387927227646,80.69], [0.020943425,0.065575495], 1.0, 0.0, 0.0, 0.0, [2.5039527813729796,5.238449240442803]","DomainLength, URLCharProb, IsHTTPS, HasFavicon, HasDescription, HasSocialNet, URLLength_log",0.0,0.6542389172763589,0.9186440677966101,1,176.83487469466314,39993,38392,0.20588235294117646,0.001110523363099864,271,295
"[-40.88387927227646,41.37], [-0.043571428999999995,0.686428571], [0.023527761499999997,0.0692956205], [-898.335,1022.335], [-362.03499999999997,382.03499999999997], [-33.5,35.0], [-30.5,32.636942675], 1.0, 0.0, 0.0, [-2.888544574204401,4.550180916229388], [-2.5691409501844573,3.932358597221108], [-2.7870089170492442,3.008200100942042], [-2.7220953512523423,4.919319928588562]","DomainLength, CharContinuationRate, URLCharProb, NoOfLettersInURL, NoOfDegitsInURL, DomainTitleMatchScore, URLTitleMatchScore, IsResponsive, HasDescription, HasSocialNet, LineOfCode_log, NoOfCSS_log, NoOfJS_log, NoOfSelfRef_log",0.0,1.0,1.0,1,194.71491257990832,39993,38398,0.4117647058823529,0.0012228100364099828,27,27
"[-1435.4800000000002,1471.4800000000002], 1.0, 0.0, 1.0, [1.2053739308986744,5.3656509976038045]","NoOfLettersInURL, IsHTTPS, HasSocialNet, HasCopyrightInfo, URLLength_log",1.0,0.4101463806480264,0.8367346938775511,1,109.59368511101587,39980,38412,0.14705882352941177,0.000688248559420988,123,147
"[0.012064840000000004,0.05693529], [-1616.03,901.47], [0.16514239838987474,1.04217], [-318.76,324.76], 0.0, 0.0, 0.0, 0.0, 0.0, [2.5831044466761095,4.892234789890628], [-2.71001516243399,10.682106423750714], [-2.7870089170492442,2.7870089170492442], [-3.056566111936362,1.5792258245004538], [-1.2416527940438218,4.014241516283603]","URLCharProb, NoOfLettersInURL, LetterRatioInURL, NoOfDegitsInURL, IsHTTPS, HasFavicon, HasDescription, HasSocialNet, HasHiddenFields, URLLength_log, LineOfCode_log, NoOfJS_log, NoOfSelfRef_log, NoOfExternalRef_log",0.0,1.0,1.0,1,198.15995505881995,39908,38415,0.4117647058823529,0.0012444449099964785,148,148
"[0.471666667,1.225], [0.037038199,0.08729310300000001], [0.02742,0.63858], [-0.10796500000000003,0.211905], 1.0, 1.0, 0.0, 1.0, [2.124090041445493,3.7647879168873875]","CharContinuationRate, URLCharProb, LetterRatioInURL, SpacialCharRatioInURL, IsHTTPS, HasTitle, Robots, HasDescription, URLLength_log",1.0,0.9579892537473107,0.9914529914529915,1,164.81431529351835,39995,38424,0.2647058823529412,0.0009688026804036386,348,351
"0.0, [-2.888544574204401,4.550180916229388], [-1.7831876387289372,3.169481999848828]","HasSocialNet, LineOfCode_log, NoOfExternalRef_log",0.0,1.0,1.0,3,192.29914814145866,39993,38437,0.08823529411764706,0.003563096061756393,484,484
"[0.2905,0.7535000000000001], [-21.5,21.5], 0.0, 0.0, 0.0, [3.025073372371975,6.357622392086312], [-2.1457260568569807,5.4957662135288565], [-3.932358597221108,3.932358597221108]","LetterRatioInURL, DomainTitleMatchScore, HasDescription, Pay, HasCopyrightInfo, LineOfCode_log, NoOfImage_log, NoOfCSS_log",0.0,0.9333578437587512,0.9863013698630136,1,163.73763452487182,39993,38442,0.23529411764705882,0.0010282726689096063,144,146
"[0.024204805499999996,0.0609985745], [-0.24624000000000001,0.24624000000000001], 0.0, 0.0, 0.0, [2.3816949800110834,6.027690258770848], [-4.288690978366612,1.375454750371363]","URLCharProb, DegitRatioInURL, HasSocialNet, HasHiddenFields, Pay, URLLength_log, NoOfSelfRef_log",0.0,0.9390430905151369,0.9875,1,191.84533940741503,39993,38462,0.20588235294117646,0.0011841362875670831,395,400
"[0.020943425,0.072415672], [-898.335,1022.335], [-699.85,707.85], [-0.023175000000000015,0.203385], [-33.5,35.0], 0.0, 0.0, [2.740163557042993,6.429771400298152], [-0.9347242325664487,4.826544530677075]","URLCharProb, NoOfLettersInURL, NoOfDegitsInURL, SpacialCharRatioInURL, DomainTitleMatchScore, HasDescription, HasSocialNet, LineOfCode_log, NoOfExternalRef_log",0.0,0.8550354442468012,0.9691629955947136,1,149.7058196514066,39993,38480,0.2647058823529412,0.0009401528437304298,220,227
"[-40.88387927227646,80.69], [0.036519312,0.065575495], [-0.07717500000000001,0.23219], [-30.5,34.76365430588269], 1.0, 0.0, 0.0, [-6.553118371851593,4.8615066617032685], [-2.5691409501844573,3.932358597221108], [-1.9464824182566152,1.9464824182566152], [-5.925585524048861,1.5792258245004538]","DomainLength, URLCharProb, SpacialCharRatioInURL, URLTitleMatchScore, IsResponsive, HasDescription, HasSocialNet, LineOfCode_log, NoOfCSS_log, NoOfJS_log, NoOfSelfRef_log",0.0,1.0,1.0,1,166.0490289714666,39993,38480,0.3235294117647059,0.0010427882306092706,74,74
"[0.036053367499999996,0.0872056805], 1.0, [0.29335,0.60465], 0.0, [1.5246961435682502,5.278112611873064], [-0.6909504000509903,4.544070560803571], [1.2859169356868811,8.455972923936761], [-0.13309579395534765,2.930615782793744], [-1.541173576065767,6.698173616015561]","URLCharProb, NoOfSubDomain, LetterRatioInURL, HasDescription, NoOfImage_log, NoOfJS_log, NoOfSelfRef_log, NoOfEmptyRef_log, NoOfExternalRef_log",1.0,1.0,1.0,1,172.8936198427037,39719,38482,0.2647058823529412,0.0010857722748284521,144,144
"2.0, [-1757.94,1771.94], [-734.015,734.015], [-0.12654,0.23598000000000005], [2.5362545162627113,4.055419215745947], [-0.6909504000509903,4.6010210380577234], [4.770245472559468,8.619495375896841]","NoOfSubDomain, NoOfLettersInURL, NoOfDegitsInURL, DegitRatioInURL, URLLength_log, NoOfJS_log, NoOfExternalRef_log",1.0,1.0,1.0,1,152.25370457597785,39911,38491,0.20588235294117646,0.0009561535660998827,25,25
"[0.012960594673685797,0.089445659], 1.0, 0.0, [-2.3529563388931676,4.550180916229388], [-2.593554329115431,2.593554329115431]","URLCharProb, HasTitle, HasSocialNet, LineOfCode_log, NoOfImage_log",0.0,1.0,1.0,1,184.02575898416325,39993,38494,0.14705882352941177,0.0011556821306711717,246,246
"1.0, [0.4052959831789052,0.7258300000000001], [-0.23598000000000005,0.23598000000000005], [-0.051385000000000014,0.11138500000000001], 1.0, [1.2053739308986744,5.0759085180890615], [-1.1243450020572263,5.5187941567296654], [-2.84567039778523,2.84567039778523], [-0.4230125668842648,8.619495375896841]","NoOfSubDomain, LetterRatioInURL, DegitRatioInURL, SpacialCharRatioInURL, IsHTTPS, URLLength_log, NoOfImage_log, NoOfEmptyRef_log, NoOfExternalRef_log",1.0,0.5055445602456022,0.8724727838258165,1,167.86173787645876,39995,38498,0.2647058823529412,0.0009927249552196,561,643
"[-12.689999999999998,64.69], [0.471666667,1.225], [-746.6949999999999,758.6949999999999], [-553.0250000000001,553.0250000000001], [-0.21888000000000002,0.23598000000000005], 1.0, [-34.5,34.5], [-14.000000000000002,14.000000000000002], 0.0, 1.0, [-535.6700000000001,537.6700000000001], 1.0, 1.0, [-1.8375487972569846,3.7572478764941755], [-1.7841940790393833,3.170488440159274]","DomainLength, CharContinuationRate, NoOfLettersInURL, NoOfDegitsInURL, DegitRatioInURL, HasTitle, DomainTitleMatchScore, URLTitleMatchScore, Robots, IsResponsive, NoOfiFrame, HasSocialNet, HasCopyrightInfo, NoOfCSS_log, NoOfJS_log",1.0,1.0,1.0,1,145.0700263971137,39997,38498,0.4411764705882353,0.0009110400529176321,56,56
"[-1435.4800000000002,1471.4800000000002], [0.26283,0.8091700000000001], 1.0, 1.0, [1.5246961435682502,5.278112611873064], [-0.6909504000509903,6.443249586077761]","NoOfLettersInURL, LetterRatioInURL, IsHTTPS, HasTitle, NoOfImage_log, NoOfJS_log",1.0,0.8105127622351411,0.9588528678304239,1,154.7369099238506,39997,38504,0.17647058823529413,0.0008896950233184083,769,802
"[0.47500000000000003,0.885], [0.0201486395,0.067901117], 1.0, [-1256.795,1286.795], [0.44201999999999997,1.0834700000000002], [-352.52512190696683,189.125], [-0.023175000000000015,0.23219], 0.0, 0.0, 1.0, 0.0","CharContinuationRate, URLCharProb, NoOfSubDomain, NoOfLettersInURL, LetterRatioInURL, NoOfOtherSpecialCharsInURL, SpacialCharRatioInURL, HasDescription, HasSocialNet, HasHiddenFields, HasCopyrightInfo",0.0,1.0,1.0,1,110.65469527048847,39935,38522,0.3235294117647059,0.000694911705322582,20,20
"[-153.185,161.185], [-27.364896871389046,30.5], 0.0, [-208.26000000000002,208.26000000000002], 0.0, 0.0, [0.8890316598906236,10.682106423750714], [-4.288690978366612,1.5792258245004538], [-1.718273139914735,4.014241516283603]","NoOfOtherSpecialCharsInURL, URLTitleMatchScore, HasDescription, NoOfiFrame, HasSocialNet, HasSubmitButton, LineOfCode_log, NoOfSelfRef_log, NoOfExternalRef_log",0.0,1.0,1.0,1,196.1924391236633,39993,38522,0.2647058823529412,0.0012182610310951492,441,441
"[0.0019273258717266636,0.0731952905], [-0.23598000000000005,0.23598000000000005], [-186.125,188.125], 1.0, 1.0, 1.0, 1.0, 1.0, [2.221134581289741,5.570884523123128], [1.2859169356868811,7.473278518347058], [-2.0386892402043437,3.793653733370718]","URLCharProb, DegitRatioInURL, NoOfOtherSpecialCharsInURL, IsHTTPS, HasTitle, IsResponsive, HasSocialNet, HasCopyrightInfo, NoOfImage_log, NoOfSelfRef_log, NoOfEmptyRef_log",1.0,1.0,1.0,1,166.02751952183684,39997,38524,0.3235294117647059,0.0009783263365976272,436,436
"[0.32468673781725566,1.1752815479305077], [0.014863705500000001,0.0872056805], [-623.41,653.575], 1.0, 1.0, 1.0, 1.0, [5.309079826932648,13.145102511196534]","CharContinuationRate, URLCharProb, NoOfDegitsInURL, IsHTTPS, HasTitle, HasDescription, HasCopyrightInfo, LargestLineLength_log",1.0,0.9802377777918309,0.9960159362549801,1,166.49991296708464,39995,38524,0.23529411764705882,0.0009820346263116101,500,502
"[-1447.4350000000002,1511.4350000000002], [-538.97,578.0250000000001], [-58.375,278.1951030901971], 0.0, [-1.2386706297996644,1.2386706297996644], [-3.0580338603065154,3.0580338603065154], [-3.082784162788201,2.1587330940166307]","NoOfLettersInURL, NoOfDegitsInURL, NoOfOtherSpecialCharsInURL, IsHTTPS, NoOfJS_log, NoOfEmptyRef_log, NoOfExternalRef_log",0.0,1.0,1.0,1,189.69164747204772,39977,38526,0.20588235294117646,0.001167229800545823,301,301
"[-1328.66,1810.03], 0.0, 1.0, 0.0, [3.765602617970527,7.084297416992278]","NoOfLettersInURL, IsHTTPS, HasTitle, HasSocialNet, LargestLineLength_log",0.0,1.0,1.0,1,183.22703581055276,39933,38526,0.14705882352941177,0.0011506661475599485,128,128
"[-1447.4350000000002,1511.4350000000002], [-538.97,578.0250000000001], [-58.375,278.1951030901971], [0.018419999999999985,0.12958], 0.0, [-472.59,472.59], [2.5422388664439213,4.122170153906486], [-1.2386706297996644,1.2386706297996644], [-3.0580338603065154,3.0580338603065154], [-3.082784162788201,2.1587330940166307]","NoOfLettersInURL, NoOfDegitsInURL, NoOfOtherSpecialCharsInURL, SpacialCharRatioInURL, IsHTTPS, NoOfiFrame, URLLength_log, NoOfJS_log, NoOfEmptyRef_log, NoOfExternalRef_log",0.0,1.0,1.0,1,193.16835502619313,39977,38529,0.29411764705882354,0.001194521963447873,264,264
"[-0.14706,0.14706], [-33.5,35.0], [-30.5,32.636942675], 0.0, 0.0, 0.0, 0.0, [1.6855222845520996,4.906151447456558], [-1.865539078837415,1.865539078837415], [-2.1496893664808723,1.5729434388884431], [-3.1854519378192867,3.1854519378192867], [-1.2416527940438218,4.014241516283603]","DegitRatioInURL, DomainTitleMatchScore, URLTitleMatchScore, HasFavicon, HasDescription, HasSocialNet, HasHiddenFields, URLLength_log, NoOfImage_log, NoOfCSS_log, NoOfEmptyRef_log, NoOfExternalRef_log",0.0,1.0,1.0,1,204.77396570504135,39993,38540,0.35294117647058826,0.0012856260359912284,321,321
"[-40.88387927227646,80.69], [0.024204805499999996,0.0609985745], [-1708.94,1820.94], 0.0, 0.0, 0.0, 0.0, [-2.71001516243399,4.8615066617032685], [-2.7870089170492442,2.7870089170492442], [-5.925585524048861,1.5792258245004538], [-1.2416527940438218,4.014241516283603]","DomainLength, URLCharProb, NoOfLettersInURL, HasDescription, HasSocialNet, HasHiddenFields, Pay, LineOfCode_log, NoOfJS_log, NoOfSelfRef_log, NoOfExternalRef_log",0.0,1.0,1.0,1,200.52393481310278,39993,38540,0.3235294117647059,0.0012522632829741593,356,356
"[0.037038199,0.08729310300000001], [0.02742,0.85869], [-0.09918,0.18468000000000004], [-0.10796500000000003,0.211905], 1.0, 1.0, [67.5,132.5], 0.0, [1.4120726386451175,5.179601093363541], [-0.8548401418244607,4.034773374593204]","URLCharProb, LetterRatioInURL, DegitRatioInURL, SpacialCharRatioInURL, IsHTTPS, HasTitle, DomainTitleMatchScore, Robots, URLLength_log, NoOfCSS_log",1.0,0.8911175930396301,0.9772079772079773,1,169.1866935882472,39995,38544,0.29411764705882354,0.0010031258608353213,343,351
"2.0, 1.0, 1.0, [2.3681435931575887,4.069608056578812], [-0.9462141818868666,3.143438759223086], [-0.6909504000509903,3.9098262249191906]","NoOfSubDomain, IsHTTPS, HasSocialNet, URLLength_log, NoOfCSS_log, NoOfJS_log",1.0,0.9431969166304958,0.9883720930232558,2,131.60700596624912,39997,38549,0.17647058823529413,0.0016529845159276573,85,86
"1.0, [0.26283,0.8091700000000001], 1.0, 1.0, 1.0, 1.0, [2.5362545162627113,5.36190085730153], [6.7847538108758005,14.218630160684524], [-0.6909504000509903,6.443249586077761], [1.4973107796641787,8.299671969071387], [-0.609922186580196,3.3825109088199774]","NoOfSubDomain, LetterRatioInURL, IsHTTPS, HasTitle, HasHiddenFields, HasCopyrightInfo, URLLength_log, LargestLineLength_log, NoOfJS_log, NoOfSelfRef_log, NoOfEmptyRef_log",1.0,1.0,1.0,1,176.39873381202656,39980,38552,0.3235294117647059,0.0011077843974936325,283,283
"[-8.850000000000001,38.85], [-1328.66,3098.7495486884895], [-0.08721912118904873,0.9982500000000001], 0.0, 0.0, [1.1119680461947792,4.912135797637768], [-3.0934554298139383,3.0934554298139383], [-3.20939441753318,3.20939441753318]","DomainLength, NoOfLettersInURL, LetterRatioInURL, HasSocialNet, HasCopyrightInfo, URLLength_log, NoOfCSS_log, NoOfSelfRef_log",0.0,0.8340419893370379,0.9643564356435643,1,175.52625188806738,39977,38560,0.23529411764705882,0.0010560314101638057,487,505
"[0.0201486395,0.067901117], [0.44453,1.0834700000000002], [0.03577999999999998,0.32158], 1.0, 1.0, 0.0, 0.0, 0.0, 0.0, [-1.9358252042263626,1.5792258245004538], [-2.7182523202724584,3.1854519378192867]","URLCharProb, LetterRatioInURL, DegitRatioInURL, IsHTTPS, HasTitle, HasDescription, HasSocialNet, HasSubmitButton, HasCopyrightInfo, NoOfSelfRef_log, NoOfEmptyRef_log",0.0,1.0,1.0,1,182.62928669517527,39993,38564,0.3235294117647059,0.0011469122819322255,87,87
"[-623.41,593.245], 1.0, 1.0, 1.0, [1.2053739308986744,5.3656509976038045], [6.341318655836724,12.713212669958487], [1.013682442763867,4.26443221646665], [-0.6909504000509903,6.443249586077761]","NoOfDegitsInURL, IsHTTPS, HasTitle, HasCopyrightInfo, URLLength_log, LargestLineLength_log, NoOfCSS_log, NoOfJS_log",1.0,0.9143383108678216,0.9822485207100592,1,168.81982897375212,39995,38566,0.23529411764705882,0.0010601888601079951,498,507
"[-21.92,45.92], [0.645,1.29], 1.0, 1.0, 1.0, 0.0, [1.4120726386451175,5.179601093363541], [1.3366648609668677,3.334729146797918], [2.1712576019268566,8.455972923936761], [-0.8828668448252408,5.488037030813333]","DomainLength, CharContinuationRate, IsHTTPS, HasTitle, HasSocialNet, HasSubmitButton, URLLength_log, NoOfJS_log, NoOfSelfRef_log, NoOfEmptyRef_log",1.0,1.0,1.0,1,168.8499671877309,39982,38570,0.29411764705882354,0.0010603781281514357,138,138
"[0.44939,0.8846100000000001], [0.07815999999999998,0.43384], 0.0, [-200.25,200.25], 0.0, 0.0, [-2.71001516243399,4.550180916229388], [-2.1457260568569807,5.4957662135288565], [-3.932358597221108,3.932358597221108], [-1.2386706297996644,1.2386706297996644], [-1.9358252042263626,1.375454750371363], [-2.335998087734144,1.5290169301532577]","LetterRatioInURL, DegitRatioInURL, HasDescription, NoOfiFrame, HasSocialNet, HasHiddenFields, LineOfCode_log, NoOfImage_log, NoOfCSS_log, NoOfJS_log, NoOfSelfRef_log, NoOfEmptyRef_log",0.0,1.0,1.0,1,182.51468404064707,39949,38574,0.35294117647058826,0.0011461925770349503,69,69
"[8.69,37.31], 0.0, [-502.75,502.75], [-0.05186000000000002,0.1738], [-181.63,187.63], 1.0, 1.0, 0.0, [-2.502552422830679,3.5703401119539375], [-2.9770541768464223,3.932358597221108], [-3.273629521613398,1.9907206550351746], [-4.288690978366612,3.2402856071735804]","DomainLength, NoOfSubDomain, NoOfDegitsInURL, DegitRatioInURL, NoOfOtherSpecialCharsInURL, HasTitle, IsResponsive, HasSocialNet, NoOfImage_log, NoOfCSS_log, NoOfJS_log, NoOfSelfRef_log",0.0,1.0,1.0,1,124.2374614076621,39963,38584,0.35294117647058826,0.0007802115035490245,18,18
"[0.73,1.27], 1.0, [0.15737999999999996,0.84262], [-593.245,593.245], [-173.65,145.70999999999998], 1.0, 1.0, [78.5,117.0], [-263.8842454454971,514.64], 0.0, [1.013682442763867,4.26443221646665], [-1.541173576065767,8.735654709207758]","CharContinuationRate, NoOfSubDomain, LetterRatioInURL, NoOfDegitsInURL, NoOfOtherSpecialCharsInURL, IsHTTPS, HasTitle, DomainTitleMatchScore, NoOfiFrame, Pay, NoOfCSS_log, NoOfExternalRef_log",1.0,1.0,1.0,1,158.2953761845037,39945,38585,0.35294117647058826,0.000994095275759983,290,290
"[-40.88387927227646,80.69], [-1519.345,1543.345], [-362.03499999999997,382.03499999999997], 1.0, [-33.5,35.0], [-30.5,32.636942675], 0.0, 1.0, 0.0, 0.0, [-2.7870089170492442,3.008200100942042], [-2.7182523202724584,2.5908342427596867]","DomainLength, NoOfLettersInURL, NoOfDegitsInURL, HasTitle, DomainTitleMatchScore, URLTitleMatchScore, Robots, IsResponsive, HasDescription, HasSocialNet, NoOfJS_log, NoOfEmptyRef_log",0.0,0.729136364085478,0.9387755102040817,1,148.3819908355669,39993,38591,0.35294117647058826,0.0009318391961466414,92,98
"[-22.22,44.739999999999995], 1.0, [-1487.3899999999999,1523.3899999999999], [-0.23598000000000005,0.23598000000000005], [-0.10796500000000003,0.09553500000000001], 1.0, [67.5,132.0], [69.0,131.0], [-535.6700000000001,514.64], 0.0, [2.5362545162627113,4.055419215745947], [4.645162333090265,9.472367816920077], [-0.8548401418244607,5.5028890596539295], [-0.8482161342007344,13.237088941823018]","DomainLength, NoOfSubDomain, NoOfLettersInURL, DegitRatioInURL, SpacialCharRatioInURL, IsHTTPS, DomainTitleMatchScore, URLTitleMatchScore, NoOfiFrame, Pay, URLLength_log, LineOfCode_log, NoOfCSS_log, NoOfSelfRef_log",1.0,1.0,1.0,1,169.98879923074753,39980,38596,0.4117647058823529,0.0010094223921135045,362,362
"[-0.017359999999999987,0.60465], [68.0,132.5], [4.310294372871142,11.229952500188748], [4.434001624277516,13.85909485349929], [-0.8828668448252408,1.3166534676319719], [2.5339244971307413,8.619495375896841]","LetterRatioInURL, DomainTitleMatchScore, LineOfCode_log, LargestLineLength_log, NoOfEmptyRef_log, NoOfExternalRef_log",1.0,0.9856324229009259,0.9971098265895953,1,172.98849434093952,39995,38596,0.17647058823529413,0.0010863680868651625,345,346
"[0.665,1.335], 1.0, [-0.017359999999999987,1.037085470601629], [-0.028444999999999998,0.147175], 1.0, 1.0, 1.0, 1.0, [5.478922497204102,11.185917546343594], [-0.057327685070549084,4.451776839742989], [1.3366648609668677,4.079435541237553], [0.9926561133363743,13.237088941823018], [-0.8828668448252408,1.1467626976149434]","CharContinuationRate, NoOfSubDomain, LetterRatioInURL, SpacialCharRatioInURL, IsHTTPS, HasTitle, IsResponsive, HasDescription, LineOfCode_log, NoOfCSS_log, NoOfJS_log, NoOfSelfRef_log, NoOfEmptyRef_log",1.0,1.0,1.0,1,160.5685967747469,39995,38597,0.38235294117647056,0.0010083711055662,266,266
"[0.039335087500000004,0.0994614905], 1.0, 1.0, 1.0, 0.0, [1.4654821926312647,5.0507108834117], [0.9062392838145867,6.62772158459763], [-0.9462141818868666,3.143438759223086], [-0.11585332192971776,4.079435541237553], [-1.7963991464762445,5.3799180849323545]","URLCharProb, IsHTTPS, HasTitle, IsResponsive, HasCopyrightInfo, URLLength_log, NoOfImage_log, NoOfCSS_log, NoOfJS_log, NoOfExternalRef_log",1.0,0.4081962777709123,0.8359375,1,120.33801119782622,39970,38597,0.29411764705882354,0.0007557229485128945,107,128
"[-0.09918,0.23598000000000005], 1.0, 1.0, [-0.46564036749061377,4.350445728625416], [1.6551306448147742,7.323041110608129], [-1.9112711626915722,4.085284864457941], [-1.9352187666444407,7.236939336887557]","DegitRatioInURL, HasSocialNet, HasSubmitButton, NoOfImage_log, NoOfSelfRef_log, NoOfEmptyRef_log, NoOfExternalRef_log",1.0,0.9861113269407151,0.9972067039106145,1,163.32568235042407,39997,38599,0.20588235294117646,0.0010256856084386785,357,358
"[0.0447161435,0.0994614905], 1.0, [-0.017359999999999987,0.72224], 1.0, [-16.0,16.0], 1.0, [-448.56000000000006,428.53000000000003], 1.0, [2.459293475126583,3.978458174609818]","URLCharProb, NoOfSubDomain, LetterRatioInURL, IsHTTPS, DomainTitleMatchScore, HasDescription, NoOfiFrame, HasSocialNet, URLLength_log",1.0,1.0,1.0,1,138.7259157301693,39901,38599,0.2647058823529412,0.000871199025372032,50,50
"[-3.030000000000001,44.739999999999995], 1.0, [0.15737999999999996,0.63858], 1.0, [78.5,117.0], 1.0, 0.0, 0.0","DomainLength, NoOfSubDomain, LetterRatioInURL, IsHTTPS, DomainTitleMatchScore, HasDescription, HasSocialNet, Pay",1.0,1.0,1.0,2,133.94138006185767,39980,38602,0.23529411764705882,0.001682304263809568,53,53
"[0.0201486395,0.067901117], [-0.08721912118904873,1.05606], 0.0, 0.0, [-576.72,576.72], 0.0, 0.0, [1.886407014911672,6.562591763534959], [-4.288690978366612,2.4452528895490895], [-1.2416527940438218,4.014241516283603]","URLCharProb, LetterRatioInURL, Robots, HasDescription, NoOfiFrame, HasSocialNet, HasCopyrightInfo, LineOfCode_log, NoOfSelfRef_log, NoOfExternalRef_log",0.0,1.0,1.0,3,193.43167865972333,39993,38608,0.29411764705882354,0.0036442539745537724,287,287
"[-0.07577682949999999,0.07586622949999998], [-1117.02,1286.795], [-319.76,323.76], [0.03577999999999998,0.30178000000000005], [-352.52512190696683,189.125], [-0.023175000000000015,0.203385], [-27.364896871389046,30.5], 0.0, [-448.56000000000006,209.2566052125244], 0.0, 0.0, [-2.411550516545927,2.411550516545927], [-1.5729434388884431,1.5729434388884431], [-2.4452528895490895,1.5792258245004538], [-2.7607250127767156,2.7607250127767156], [-1.2416527940438218,3.8836229505565436]","TLDLegitimateProb, NoOfLettersInURL, NoOfDegitsInURL, DegitRatioInURL, NoOfOtherSpecialCharsInURL, SpacialCharRatioInURL, URLTitleMatchScore, HasDescription, NoOfiFrame, HasSocialNet, HasSubmitButton, NoOfImage_log, NoOfCSS_log, NoOfSelfRef_log, NoOfEmptyRef_log, NoOfExternalRef_log",0.0,1.0,1.0,1,186.22825106041256,39949,38608,0.47058823529411764,0.0011695137852695112,97,97
"[0.0386641413272556,0.089445659], [-662.7850000000001,738.7850000000001], [-593.245,574.1350000000001], [-0.14314000000000004,0.267], [-27.364896871389046,30.5], [-576.72,448.56000000000006], 0.0, 0.0, 0.0, [-2.71001516243399,4.550180916229388], [2.578857716977249,8.259865284699352], [-1.2386706297996644,3.317867758391958], [-1.2416527940438218,4.014241516283603]","URLCharProb, NoOfLettersInURL, NoOfDegitsInURL, DegitRatioInURL, URLTitleMatchScore, NoOfiFrame, HasSocialNet, HasSubmitButton, Pay, LineOfCode_log, LargestLineLength_log, NoOfJS_log, NoOfExternalRef_log",0.0,1.0,1.0,1,203.37017422694018,39993,38610,0.38235294117647056,0.0012746062694148983,247,247
"[-572.1350000000001,593.245], [-0.07717500000000001,0.203385], 0.0, 0.0, 0.0, [0.8890316598906236,3.3599848377599812], [-1.865539078837415,6.044296134093182], [-3.7750642533322636,3.7750642533322636], [-2.208580010221372,3.1854519378192867]","NoOfDegitsInURL, SpacialCharRatioInURL, Robots, HasSocialNet, Pay, LineOfCode_log, NoOfImage_log, NoOfCSS_log, NoOfEmptyRef_log",0.0,1.0,1.0,1,191.83124709597064,39977,38610,0.2647058823529412,0.0011840256628873776,360,360
"[8.69,37.31], 0.0, 1.0, [-576.72,448.56000000000006], 0.0, 1.0, [-2.9770541768464223,3.932358597221108], [-1.2386706297996644,1.9907206550351746], [-4.288690978366612,3.2402856071735804]","DomainLength, NoOfSubDomain, IsResponsive, NoOfiFrame, HasSocialNet, HasSubmitButton, NoOfCSS_log, NoOfJS_log, NoOfSelfRef_log",0.0,1.0,1.0,1,85.984,39478,38613,0.2647058823529412,0.0005399796901920755,7,7
"[-80.33500000000001,84.33500000000001], 1.0, 1.0, [75.0,125.0], 1.0, 1.0, [1.229772874707129,4.055419215745947], [5.9553203956847405,12.049288346599742], [0.15310275116592376,4.97679596375715], [1.8732927545424958,8.619495375896841]","NoOfOtherSpecialCharsInURL, IsHTTPS, HasTitle, URLTitleMatchScore, HasHiddenFields, Pay, URLLength_log, LineOfCode_log, NoOfCSS_log, NoOfExternalRef_log",1.0,1.0,1.0,1,175.46876583043536,39920,38616,0.29411764705882354,0.0011019441967285116,157,157
"[-683.74,683.74], [-0.19836,0.26258000000000004], 1.0, [-448.56000000000006,213.26000000000002], 1.0, [3.5110517270377537,13.237088941823018]","NoOfDegitsInURL, DegitRatioInURL, IsHTTPS, NoOfiFrame, HasSocialNet, NoOfSelfRef_log",1.0,0.9909910497505353,0.9981916817359855,1,163.59892381848937,39997,38616,0.17647058823529413,0.0009592618543175609,552,553
"[0.37785714299999995,0.907857143], [-0.07717500000000001,0.203385], [-24.5,24.5], [-232.29,448.56000000000006], 0.0, [-6.553118371851593,4.550180916229388], [-2.1457260568569807,6.044296134093182], [-1.2386706297996644,3.008200100942042]","CharContinuationRate, SpacialCharRatioInURL, URLTitleMatchScore, NoOfiFrame, HasSocialNet, LineOfCode_log, NoOfImage_log, NoOfJS_log",0.0,1.0,1.0,1,198.2860622578152,39993,38620,0.23529411764705882,0.001234695977878247,163,163
"[0.75,1.25], [0.07078999999999996,0.85869], [-0.21888000000000002,0.12654], 1.0, [67.5,132.5], 0.0, [4.204234421165548,10.57612843528731], [-2.3888647860422094,3.334729146797918]","CharContinuationRate, LetterRatioInURL, DegitRatioInURL, HasTitle, DomainTitleMatchScore, HasSocialNet, LargestLineLength_log, NoOfJS_log",1.0,0.10808495340997812,0.6408450704225352,1,129.32037591172036,39893,38630,0.23529411764705882,0.0008121322166953562,91,142
"[-1051.155,1077.155], [-683.74,683.74], [-173.65,88.325], 1.0, 1.0, [5.445730577466069,13.106304192595584]","NoOfLettersInURL, NoOfDegitsInURL, NoOfOtherSpecialCharsInURL, IsHTTPS, HasSocialNet, LargestLineLength_log",1.0,0.984591974427424,0.9968992248062015,1,164.51865049727817,39997,38642,0.17647058823529413,0.0009664817110216245,643,645
"1.0, [-0.017359999999999987,0.60465], [-0.23598000000000005,0.23598000000000005], 1.0, 1.0, [-19.0,19.0], [-448.56000000000006,603.75], 1.0, [3.555313754143808,8.997973224539482], [1.1703658729338757,6.352034358453249]","NoOfSubDomain, LetterRatioInURL, DegitRatioInURL, IsHTTPS, HasTitle, URLTitleMatchScore, NoOfiFrame, HasSubmitButton, LargestLineLength_log, NoOfEmptyRef_log",1.0,1.0,1.0,1,147.75435520000002,39759,38648,0.29411764705882354,0.0009278976431129734,11,11
"0.0, [80.0,120.0], [-296.37,272.34000000000003], 0.0, [-3.082784162788201,2.1587330940166307]","IsHTTPS, DomainTitleMatchScore, NoOfiFrame, HasSocialNet, NoOfExternalRef_log",0.0,1.0,1.0,1,175.94625976863796,39933,38650,0.14705882352941177,0.0011049428596055495,79,79
"[-0.23598000000000005,0.23598000000000005], 1.0, 1.0, [-26.0,26.0], [-549.9455628810169,537.6700000000001], 1.0, 1.0, [5.445730577466069,13.106304192595584], [0.1632409183150776,3.7285793797955487], [1.2859169356868811,7.610443003536902]","DegitRatioInURL, IsHTTPS, HasTitle, DomainTitleMatchScore, NoOfiFrame, HasSocialNet, HasSubmitButton, LargestLineLength_log, NoOfCSS_log, NoOfSelfRef_log",1.0,0.9509900498999999,0.99,1,139.44724522297443,39997,38653,0.29411764705882354,0.0008757289760146087,99,100
"[0.23608999999999997,0.60465], [-168.66000000000003,170.66000000000003], [6.180300686521298,10.657923183718385], [-1.4391259481050904,4.658001772973291], [-1.9284252175874599,3.7572478764941755], [-0.6909504000509903,6.443249586077761], [-2.420943472742658,2.420943472742658], [1.8732927545424958,8.619495375896841]","LetterRatioInURL, NoOfOtherSpecialCharsInURL, LineOfCode_log, NoOfImage_log, NoOfCSS_log, NoOfJS_log, NoOfEmptyRef_log, NoOfExternalRef_log",1.0,1.0,1.0,1,177.60595484405513,39995,38653,0.23529411764705882,0.001069217082524201,444,444
"[-1051.155,1077.155], [0.29335,0.7233100000000001], [-281.54,281.54], [-161.67000000000002,167.67000000000002], [-0.023444999999999994,0.13529500000000003], [1.2053739308986744,5.3656509976038045], [5.478922497204102,12.049288346599742], [1.9454846253305749,5.278112611873064], [3.36270222676931,6.698173616015561]","NoOfLettersInURL, LetterRatioInURL, NoOfDegitsInURL, NoOfOtherSpecialCharsInURL, SpacialCharRatioInURL, URLLength_log, LineOfCode_log, NoOfImage_log, NoOfExternalRef_log",1.0,1.0,1.0,1,188.97211848557757,39967,38664,0.2647058823529412,0.0011584414952321134,425,425
"[0.0201486395,0.04617677496549726], [-1256.795,1286.795], [0.44201999999999997,1.0834700000000002], [-352.52512190696683,178.16500000000002], [-0.023175000000000015,0.23219], [-27.364896871389046,37.0], 0.0, 0.0, 1.0, 0.0, [2.128870967254479,4.802600838344974], [-1.0399325090235612,3.2371570863597805], [-4.288690978366612,1.5792258245004538], [-0.5131347898135135,4.014241516283603]","URLCharProb, NoOfLettersInURL, LetterRatioInURL, NoOfOtherSpecialCharsInURL, SpacialCharRatioInURL, URLTitleMatchScore, Robots, HasDescription, Pay, HasCopyrightInfo, URLLength_log, NoOfImage_log, NoOfSelfRef_log, NoOfExternalRef_log",0.0,1.0,1.0,1,121.71747123200001,39896,38665,0.4117647058823529,0.0007643859602579344,13,13
"[0.4575437125,0.5882704875], [-561.08,565.08], [-0.023175000000000015,0.23219], 1.0, [-21.5,21.5], [-30.5,30.5], 0.0, 0.0, 0.0, [0.8890316598906236,10.682106423750714], [4.155490177269684,11.722114319039278], [-3.932358597221108,3.955435311304348], [-4.288690978366612,1.5792258245004538]","TLDLegitimateProb, NoOfDegitsInURL, SpacialCharRatioInURL, IsHTTPS, DomainTitleMatchScore, URLTitleMatchScore, HasDescription, Pay, HasCopyrightInfo, LineOfCode_log, LargestLineLength_log, NoOfCSS_log, NoOfSelfRef_log",0.0,1.0,1.0,1,163.0087963054969,39993,38669,0.38235294117647056,0.0010236955634493087,72,72
"1.0, [-80.33500000000001,84.33500000000001], 1.0, 1.0, [63.5,136.5], 1.0, 0.0, [5.340275076089389,10.119195586680712], [-2.395281261287323,5.278112611873064], [3.8589328504135847,13.237088941823018]","NoOfSubDomain, NoOfOtherSpecialCharsInURL, IsHTTPS, HasTitle, URLTitleMatchScore, HasFavicon, Pay, LargestLineLength_log, NoOfImage_log, NoOfSelfRef_log",1.0,1.0,1.0,1,185.78775908587153,39980,38676,0.29411764705882354,0.0011667474947975073,103,103
"[0.7949999999999999,1.205], [-0.092596543,0.252522143], [0.037531145,0.078811959], 1.0, [-1051.155,917.4250000000001], [-0.18468000000000004,0.23598000000000005], [-138.72000000000003,98.305], [-0.07817500000000001,0.13529500000000003], 1.0, 1.0, [67.5,132.5], 0.0, [5.478922497204102,12.049288346599742], [0.40163520686549625,3.7572478764941755], [-0.28995751949659043,7.236939336887557]","CharContinuationRate, TLDLegitimateProb, URLCharProb, NoOfSubDomain, NoOfLettersInURL, DegitRatioInURL, NoOfOtherSpecialCharsInURL, SpacialCharRatioInURL, IsHTTPS, HasTitle, DomainTitleMatchScore, Robots, LineOfCode_log, NoOfCSS_log, NoOfExternalRef_log",1.0,1.0,1.0,1,174.80801003343635,39880,38685,0.4411764705882353,0.0010977946490154935,101,101
"1.0, [-0.017359999999999987,0.85869], [-0.23598000000000005,0.18468000000000004], 1.0, 1.0, [75.0,115.0], [-535.6700000000001,162.8696806890419], 0.0, [4.803415297737883,13.299273983233569], [1.9454846253305749,5.570884523123128], [0.04643501728751476,4.5587351687005775]","NoOfSubDomain, LetterRatioInURL, DegitRatioInURL, IsHTTPS, HasTitle, URLTitleMatchScore, NoOfiFrame, HasHiddenFields, LargestLineLength_log, NoOfImage_log, NoOfJS_log",1.0,1.0,1.0,1,181.11926148956675,39995,38685,0.3235294117647059,0.0010967965483840284,183,183
"[4.219999999999999,31.78], 1.0, [-392.14500000000004,392.14500000000004], [-0.18468000000000004,0.18468000000000004], [-138.72000000000003,98.305], 1.0, 1.0, 0.0, 1.0, [1.9768125311432616,5.428651795462068], [3.4157153794520694,8.997973224539482], [1.9454846253305749,5.570884523123128], [0.40163520686549625,3.7572478764941755]","DomainLength, NoOfSubDomain, NoOfDegitsInURL, DegitRatioInURL, NoOfOtherSpecialCharsInURL, IsHTTPS, HasTitle, HasFavicon, HasSocialNet, URLLength_log, LargestLineLength_log, NoOfImage_log, NoOfCSS_log",1.0,1.0,1.0,1,192.72079928681737,39995,38691,0.38235294117647056,0.0011878686487967658,109,109
"[-40.88387927227646,72.22], [-0.09632000000000002,0.49632000000000004], [-144.20499999999998,278.1951030901971], 0.0, 0.0, 0.0, [-6.553118371851593,6.562591763534959], [-2.2545522624067686,2.2545522624067686]","DomainLength, LetterRatioInURL, NoOfOtherSpecialCharsInURL, IsHTTPS, HasDescription, HasSocialNet, LineOfCode_log, NoOfCSS_log",0.0,1.0,1.0,2,197.8125182933972,39977,38699,0.23529411764705882,0.002484526012843852,99,99
"[-12.689999999999998,64.69], [0.471666667,1.225], [-746.6949999999999,758.6949999999999], 1.0, [-535.6700000000001,289.36], 1.0, [6.22470781923207,11.401871705706004], [-1.8375487972569846,3.7572478764941755], [1.8543985209974485,6.807068159575214]","DomainLength, CharContinuationRate, NoOfLettersInURL, HasTitle, NoOfiFrame, HasCopyrightInfo, LargestLineLength_log, NoOfCSS_log, NoOfExternalRef_log",1.0,0.9789923462513578,0.9957627118644068,1,173.4305564092144,39995,38702,0.2647058823529412,0.0010891442375289225,470,472
"[-1592.21,1626.21], [0.44958,0.76442], 0.0, 0.0, [2.3450023258973975,6.7201966604091155]","NoOfLettersInURL, LetterRatioInURL, Robots, HasSocialNet, URLLength_log",0.0,0.4901369015437567,0.8670886075949367,1,167.65682829295525,39993,38715,0.14705882352941177,0.0009942564154717868,411,474
"[0.6499999999999999,1.35], 1.0, [0.38069000000000003,0.60465], [-0.10796500000000003,0.147175], 1.0, 1.0, [-432.54,432.54], [1.9809290443218908,4.290059387536409], [-0.11585332192971776,4.079435541237553], [1.4973107796641787,13.237088941823018], [-0.8828668448252408,1.1467626976149434], [-1.7963991464762445,8.619495375896841]","CharContinuationRate, NoOfSubDomain, LetterRatioInURL, SpacialCharRatioInURL, IsHTTPS, HasTitle, NoOfiFrame, URLLength_log, NoOfJS_log, NoOfSelfRef_log, NoOfEmptyRef_log, NoOfExternalRef_log",1.0,1.0,1.0,2,177.60259216686444,39995,38718,0.35294117647058826,0.002230689260689733,297,297
"1.0, [0.03577999999999998,0.32158], 1.0, 1.0, 0.0, [-208.26000000000002,208.26000000000002], 0.0, [-5.925585524048861,3.2571675010367565], [-2.1225727022476137,7.41437213400603]","NoOfSubDomain, DegitRatioInURL, IsHTTPS, IsResponsive, HasDescription, NoOfiFrame, HasCopyrightInfo, NoOfSelfRef_log, NoOfExternalRef_log",0.0,1.0,1.0,1,155.64577876938432,39993,38720,0.2647058823529412,0.0009774557987485635,46,46
"1.0, 0.0, 0.0, 0.0, 0.0, [4.155490177269684,11.722114319039278], [-2.1457260568569807,5.4957662135288565], [-3.932358597221108,3.932358597221108]","IsHTTPS, HasDescription, HasSocialNet, Pay, HasCopyrightInfo, LargestLineLength_log, NoOfImage_log, NoOfCSS_log",0.0,0.7905469653581656,0.9540816326530612,1,182.004586271285,39993,38725,0.23529411764705882,0.0011429891620336966,187,196
"[-16.74,40.019999999999996], [0.645,1.355], 1.0, [-1048.0586399407848,1077.155], 1.0, 1.0, [-535.6700000000001,514.64], 1.0, 1.0, [0.40163520686549625,3.7572478764941755], [1.2859169356868811,8.455972923936761]","DomainLength, CharContinuationRate, NoOfSubDomain, NoOfLettersInURL, HasTitle, HasFavicon, NoOfiFrame, HasSocialNet, HasSubmitButton, NoOfCSS_log, NoOfSelfRef_log",1.0,1.0,1.0,1,182.7169824204253,39967,38730,0.3235294117647059,0.001147463011260376,178,178
"[-20.510000000000005,50.510000000000005], 1.0, [0.03145,0.15055], 1.0, [67.5,130.5], 1.0, [1.9768125311432616,5.0759085180890615], [4.988545889051416,9.273251771541277], [2.72406882856974,5.6552406554831105]","DomainLength, NoOfSubDomain, SpacialCharRatioInURL, IsHTTPS, DomainTitleMatchScore, HasSubmitButton, URLLength_log, LineOfCode_log, NoOfExternalRef_log",1.0,1.0,1.0,1,177.66876446805475,39995,38730,0.2647058823529412,0.0011157601925273195,258,258
"[0.2561599999999999,0.88584], [-139.70999999999998,185.63], 0.0, [-2.71001516243399,4.995421933929881], [1.028031013236534,9.656637490693088], [-3.0940648136815665,3.0940648136815665], [-1.718273139914735,2.1587330940166307]","LetterRatioInURL, NoOfOtherSpecialCharsInURL, IsHTTPS, LineOfCode_log, LargestLineLength_log, NoOfImage_log, NoOfExternalRef_log",0.0,1.0,1.0,1,193.99554379811553,39977,38741,0.20588235294117646,0.0012010153973540797,250,250
"[-17.799999999999997,45.8], [-1051.155,1077.155], [-281.54,281.54], [-161.67000000000002,167.67000000000002], 1.0, [-448.56000000000006,428.53000000000003], 0.0, [5.478922497204102,16.733753030969247], [1.9454846253305749,5.570884523123128], [-0.6909504000509903,4.544070560803571]","DomainLength, NoOfLettersInURL, NoOfDegitsInURL, NoOfOtherSpecialCharsInURL, HasTitle, NoOfiFrame, Pay, LineOfCode_log, NoOfImage_log, NoOfJS_log",1.0,0.9738234436262323,0.9947089947089947,1,156.59895195898983,39997,38747,0.29411764705882354,0.0009043120579012828,376,378
"[0.29335,0.7233100000000001], [-0.14446905303960045,0.24624000000000001], [-0.023444999999999994,0.13529500000000003], 1.0, 1.0, 1.0, 1.0, [-336.42,336.42], [1.2053739308986744,5.3656509976038045], [5.478922497204102,12.049288346599742], [1.8232874343984244,5.278112611873064], [1.3667126673688355,8.455972923936761], [3.36270222676931,6.698173616015561]","LetterRatioInURL, DegitRatioInURL, SpacialCharRatioInURL, IsHTTPS, HasTitle, IsResponsive, HasDescription, NoOfiFrame, URLLength_log, LineOfCode_log, NoOfImage_log, NoOfSelfRef_log, NoOfExternalRef_log",1.0,1.0,1.0,1,192.51415057760636,39967,38747,0.38235294117647056,0.0011862464559181727,257,257
"[-33.5,33.5], 0.0, 0.0, 0.0, 0.0, [-1.520511990925495,1.520511990925495]","DomainTitleMatchScore, HasDescription, HasSocialNet, HasSubmitButton, HasCopyrightInfo, NoOfCSS_log",0.0,1.0,1.0,1,195.56608452125334,39993,38752,0.17647058823529413,0.0012133441459165155,386,386
"[0.0447161435,0.04897856754879305], [-472.58500000000004,472.58500000000004], [-0.21888000000000002,0.23598000000000005], [-131.235,133.235], 1.0, 1.0, [1.2053739308986744,5.0759085180890615], [2.992102545918886,10.657923183718385], [-1.8375487972569846,3.7572478764941755], [1.3127269085473197,3.9098262249191906], [2.72406882856974,7.236939336887557]","URLCharProb, NoOfDegitsInURL, DegitRatioInURL, NoOfOtherSpecialCharsInURL, IsHTTPS, HasCopyrightInfo, URLLength_log, LineOfCode_log, NoOfCSS_log, NoOfJS_log, NoOfExternalRef_log",1.0,1.0,1.0,1,169.456605184,39660,38756,0.3235294117647059,0.0010641878159687523,13,13
"1.0, [-0.028444999999999998,0.147175], 1.0, 0.0, [5.478922497204102,11.185917546343594], [-1.3541274085488313,4.937646347004941], [-0.6929027674724029,3.465491489712184], [-1.7963991464762445,5.3799180849323545]","NoOfSubDomain, SpacialCharRatioInURL, HasTitle, HasHiddenFields, LineOfCode_log, NoOfCSS_log, NoOfJS_log, NoOfExternalRef_log",1.0,0.9514656876067488,0.9900990099009901,1,170.47348019563424,39995,38761,0.23529411764705882,0.0010132271388870542,200,202
"[0.665,1.335], 1.0, 1.0, 1.0, [66.5,112.5], [75.0,125.0], 1.0, [5.478922497204102,12.049288346599742], [2.047357452017451e-06,7.051906516476539], [-0.11585332192971776,4.079435541237553], [-0.8828668448252408,1.1467626976149434]","CharContinuationRate, NoOfSubDomain, IsHTTPS, HasTitle, DomainTitleMatchScore, URLTitleMatchScore, HasSocialNet, LineOfCode_log, NoOfImage_log, NoOfJS_log, NoOfEmptyRef_log",1.0,1.0,1.0,1,181.52403803179783,39995,38761,0.3235294117647059,0.001139971318138546,263,263
"[4.6899999999999995,33.31], [0.407867538,0.6379466619999999], 1.0, [-318.76,324.76], [-283.957214011989,185.63], 1.0, [-33.5,35.0], [-27.364896871389046,30.5], 0.0, 1.0, [-208.26000000000002,208.26000000000002], 0.0, [1.719513340987235,9.81712865060031], [-2.7870089170492442,2.7870089170492442], [-3.056566111936362,1.5792258245004538], [-1.1892353901192005,1.1892353901192005]","DomainLength, TLDLegitimateProb, NoOfSubDomain, NoOfDegitsInURL, NoOfOtherSpecialCharsInURL, HasTitle, DomainTitleMatchScore, URLTitleMatchScore, Robots, IsResponsive, NoOfiFrame, HasSocialNet, LargestLineLength_log, NoOfJS_log, NoOfSelfRef_log, NoOfEmptyRef_log",0.0,1.0,1.0,1,155.507821084672,39786,38786,0.47058823529411764,0.000976589424215504,16,16
"[0.29335,0.85869], [-623.41,653.575], 1.0, 1.0, 0.0, 1.0, [-1.3541274085488313,4.937646347004941], [1.2859169356868811,13.237088941823018], [-2.407359372250827,3.793653733370718], [3.36270222676931,6.698173616015561]","LetterRatioInURL, NoOfDegitsInURL, Robots, HasDescription, HasHiddenFields, HasCopyrightInfo, NoOfCSS_log, NoOfSelfRef_log, NoOfEmptyRef_log, NoOfExternalRef_log",1.0,1.0,1.0,1,166.14164294434144,39840,38787,0.29411764705882354,0.0010433698465422395,45,45
"[0.2561599999999999,0.88584], 0.0, [-33.5,33.5], 0.0, 0.0, 0.0, [1.028031013236534,9.656637490693088], [-2.037710741290908,1.375454750371363], [-1.718273139914735,2.1587330940166307]","LetterRatioInURL, IsHTTPS, URLTitleMatchScore, HasFavicon, HasSocialNet, HasCopyrightInfo, LargestLineLength_log, NoOfSelfRef_log, NoOfExternalRef_log",0.0,1.0,1.0,1,205.72974345547763,39977,38791,0.2647058823529412,0.0012931288936969217,155,155
"[-15.5,37.5], 0.0, [-0.14706,0.1738], [-0.025400000000000013,0.16908499999999999], [-33.5,35.0], 0.0, 0.0, 1.0, 0.0, [1.6855222845520996,4.906151447456558]","DomainLength, NoOfSubDomain, DegitRatioInURL, SpacialCharRatioInURL, DomainTitleMatchScore, HasFavicon, HasDescription, HasSubmitButton, HasHiddenFields, URLLength_log",0.0,1.0,1.0,1,131.75,39966,38793,0.29411764705882354,0.0008273902607788188,4,4
"[-17.799999999999997,64.69], [-746.6949999999999,758.6949999999999], [-0.10796500000000003,0.30991083406463593], 1.0, [67.5,132.5], 0.0, 1.0, [4.828605886608512,12.049288346599742], [6.22470781923207,11.401871705706004], [1.8543985209974485,8.619495375896841]","DomainLength, NoOfLettersInURL, SpacialCharRatioInURL, HasTitle, DomainTitleMatchScore, Pay, HasCopyrightInfo, LineOfCode_log, LargestLineLength_log, NoOfExternalRef_log",1.0,1.0,1.0,1,178.46442268436726,39980,38797,0.29411764705882354,0.001120756927700645,196,196
"[-40.88387927227646,80.69], [-679.6949999999999,825.6949999999999], [-173.64,155.195], [-0.023175000000000015,0.23219], 0.0, 0.0, [-224.28000000000003,448.56000000000006], 0.0, [-2.3529563388931676,4.8615066617032685], [-4.050230870053159,3.932358597221108], [-1.7695294711423775,1.7695294711423775], [-4.288690978366612,1.5792258245004538]","DomainLength, NoOfLettersInURL, NoOfOtherSpecialCharsInURL, SpacialCharRatioInURL, HasFavicon, HasDescription, NoOfiFrame, HasSocialNet, LineOfCode_log, NoOfCSS_log, NoOfJS_log, NoOfSelfRef_log",0.0,1.0,1.0,1,195.3693126925648,39993,38812,0.35294117647058826,0.001211799486574461,385,385
"[-1051.155,1077.155], [-0.09918,0.23598000000000005], [-0.07817500000000001,0.13529500000000003], 1.0, [1.2053739308986744,5.3656509976038045], [5.478922497204102,12.049288346599742], [-0.46564036749061377,5.2215532515816445], [1.6551306448147742,7.323041110608129]","NoOfLettersInURL, DegitRatioInURL, SpacialCharRatioInURL, IsHTTPS, URLLength_log, LineOfCode_log, NoOfImage_log, NoOfSelfRef_log",1.0,0.9916248378148319,0.9983193277310924,1,155.81535246595936,39997,38816,0.23529411764705882,0.0008981607999422256,594,595
"[0.036053367499999996,0.1090471704130246], [-0.040444999999999995,0.106445], 0.0, 1.0, [-0.6909504000509903,5.248817193056657], [1.3667126673688355,8.455972923936761]","URLCharProb, SpacialCharRatioInURL, HasDescription, HasSubmitButton, NoOfJS_log, NoOfSelfRef_log",1.0,1.0,1.0,1,145.58877452271844,39997,38819,0.17647058823529413,0.0009142977921732118,125,125
"[12.75,42.019999999999996], [0.41832568,0.62748852], 1.0, [-0.07817500000000001,0.149927393695798], 1.0, 1.0, [-488.61,488.61], [5.340275076089389,10.119195586680712]","DomainLength, TLDLegitimateProb, NoOfSubDomain, SpacialCharRatioInURL, IsHTTPS, HasTitle, NoOfiFrame, LargestLineLength_log",1.0,0.6067671768751,0.9049079754601227,1,181.39546322789795,39995,38827,0.23529411764705882,0.001098964732713302,295,326
"2.0, [0.23608999999999997,0.60465], [-0.23598000000000005,0.23598000000000005], 1.0, 1.0, [-535.6700000000001,377.47], 1.0, 0.0, [6.180300686521298,12.049288346599742], [-1.4391259481050904,5.278112611873064], [1.013682442763867,3.7572478764941755], [0.8106250137973157,5.8537840065530915], [1.8732927545424958,6.698173616015561]","NoOfSubDomain, LetterRatioInURL, DegitRatioInURL, IsHTTPS, HasTitle, NoOfiFrame, HasSocialNet, Pay, LineOfCode_log, NoOfImage_log, NoOfCSS_log, NoOfJS_log, NoOfExternalRef_log",1.0,1.0,1.0,1,147.96568962307146,39911,38837,0.38235294117647056,0.0009292248237081659,35,35
"[-30.5,30.5], 0.0, 0.0, 0.0, 0.0, [1.6855222845520996,4.906151447456558], [0.7848924398784538,6.926235600850767], [-3.1850667199663185,1.865539078837415]","URLTitleMatchScore, Robots, HasDescription, HasSocialNet, HasHiddenFields, URLLength_log, LargestLineLength_log, NoOfImage_log",0.0,0.9816181485802371,0.9962962962962963,1,193.90552051645457,39977,38842,0.23529411764705882,0.001200308714370307,269,270
"[-4.789999999999999,40.79], [0.023527761499999997,0.0692956205], [-352.52512190696683,185.63], 0.0, 0.0, 0.0, 0.0, 0.0, [2.583082653820143,4.527613469158684], [-2.888544574204401,4.550180916229388], [-3.056566111936362,1.5792258245004538]","DomainLength, URLCharProb, NoOfOtherSpecialCharsInURL, IsHTTPS, HasFavicon, HasDescription, HasSocialNet, HasHiddenFields, URLLength_log, LineOfCode_log, NoOfSelfRef_log",0.0,1.0,1.0,1,193.92337260840964,39977,38848,0.3235294117647059,0.0012004488533363237,192,192
"[-12.689999999999998,64.69], [0.29335,0.85869], [-0.09918,0.23598000000000005], 1.0, 1.0, [-535.6700000000001,289.36], 1.0, [1.2053739308986744,5.3656509976038045]","DomainLength, LetterRatioInURL, DegitRatioInURL, IsHTTPS, IsResponsive, NoOfiFrame, HasCopyrightInfo, URLLength_log",1.0,0.9059277249543627,0.9804347826086957,1,156.34318788761374,39997,38851,0.23529411764705882,0.0009023043093081736,451,460
"[0.0201486395,0.04729245071741309], [-0.023175000000000015,0.203385], [-16.5,35.0], [-30.5,30.5], 0.0, [-536.6700000000001,536.6700000000001], 0.0, 0.0, [0.8890316598906236,10.682106423750714], [-1.865539078837415,4.78346958012491], [-1.9358252042263626,1.5792258245004538], [-1.2416527940438218,4.014241516283603]","URLCharProb, SpacialCharRatioInURL, DomainTitleMatchScore, URLTitleMatchScore, HasDescription, NoOfiFrame, HasSocialNet, HasCopyrightInfo, LineOfCode_log, NoOfImage_log, NoOfSelfRef_log, NoOfExternalRef_log",0.0,1.0,1.0,2,166.04764996656863,39949,38860,0.35294117647058826,0.0020855591409115635,114,114
"1.0, [0.07078999999999996,0.85869], [-86.325,130.74], 1.0, 1.0, 1.0, 0.0, 0.0, [1.4120726386451175,5.179601093363541], [2.795051276004961,9.299693082087593], [-0.8548401418244607,4.034773374593204], [-2.3888647860422094,4.079435541237553]","NoOfSubDomain, LetterRatioInURL, NoOfOtherSpecialCharsInURL, IsHTTPS, HasTitle, HasFavicon, HasSocialNet, HasCopyrightInfo, URLLength_log, LargestLineLength_log, NoOfCSS_log, NoOfJS_log",1.0,0.06092699470458736,0.5714285714285714,1,124.47375063039999,39970,38862,0.35294117647058826,0.0007816954003355166,8,14
"[-0.082917007,0.094871407], 1.0, [-291.59499999999997,291.59499999999997], [-0.09918,0.18468000000000004], 1.0, 1.0, [67.5,132.5], [-360.45,603.75], 0.0, [4.830603110889394,11.229952500188748], [1.1919268423539144,4.224173559850506]","TLDLegitimateProb, NoOfSubDomain, NoOfDegitsInURL, DegitRatioInURL, IsHTTPS, HasTitle, DomainTitleMatchScore, NoOfiFrame, HasSocialNet, LineOfCode_log, NoOfExternalRef_log",1.0,1.0,1.0,1,146.9069803737409,39795,38862,0.3235294117647059,0.0009225761275268182,21,21
"1.0, [-1134.02,1150.02], 1.0, 0.0, [-448.56000000000006,514.64], 1.0, [5.478922497204102,12.049288346599742], [1.2859169356868811,8.455972923936761]","NoOfSubDomain, NoOfLettersInURL, IsHTTPS, HasFavicon, NoOfiFrame, HasCopyrightInfo, LineOfCode_log, NoOfSelfRef_log",1.0,1.0,1.0,2,168.87399978706995,39995,38863,0.23529411764705882,0.0020013424274448366,193,193
"[0.036053367499999996,0.0872056805], 1.0, [0.23608999999999997,0.7639100000000001], 1.0, 0.0, 0.0, 1.0, [1.5246961435682502,5.278112611873064], [-1.8375487972569846,4.034773374593204], [-0.6909504000509903,4.544070560803571], [-2.84567039778523,2.930615782793744], [-1.541173576065767,6.698173616015561]","URLCharProb, NoOfSubDomain, LetterRatioInURL, HasTitle, HasDescription, HasSocialNet, HasSubmitButton, NoOfImage_log, NoOfCSS_log, NoOfJS_log, NoOfEmptyRef_log, NoOfExternalRef_log",1.0,1.0,1.0,1,147.2021428076544,39452,38863,0.35294117647058826,0.0009244297481960235,17,17
"[-12.689999999999998,64.69], [-746.6949999999999,758.6949999999999], 1.0, [-535.6700000000001,213.26000000000002], 1.0, [6.22470781923207,11.401871705706004], [3.5110517270377537,13.237088941823018], [1.8543985209974485,6.807068159575214]","DomainLength, NoOfLettersInURL, HasTitle, NoOfiFrame, HasCopyrightInfo, LargestLineLength_log, NoOfSelfRef_log, NoOfExternalRef_log",1.0,0.9860726410407686,0.9971988795518207,1,160.2963936972564,39982,38871,0.23529411764705882,0.0010066616697007756,356,357
"[0.471666667,1.225], [-683.74,683.74], [-0.19836,0.26258000000000004], 1.0, [-448.56000000000006,289.36], 1.0, [-1.8375487972569846,3.7572478764941755]","CharContinuationRate, NoOfDegitsInURL, DegitRatioInURL, IsHTTPS, NoOfiFrame, HasSocialNet, NoOfCSS_log",1.0,0.9709884428041023,0.9941291585127201,1,171.16533811253163,39997,38871,0.20588235294117646,0.0010186582252464812,508,511
"[0.665,1.335], 1.0, [-0.017359999999999987,1.037085470601629], [-0.028444999999999998,0.147175], 1.0, 1.0, 1.0, [5.478922497204102,11.185917546343594], [-0.057327685070549084,4.451776839742989], [1.3366648609668677,4.079435541237553], [0.9926561133363743,13.237088941823018], [-0.8828668448252408,1.1467626976149434]","CharContinuationRate, NoOfSubDomain, LetterRatioInURL, SpacialCharRatioInURL, HasTitle, IsResponsive, HasDescription, LineOfCode_log, NoOfCSS_log, NoOfJS_log, NoOfSelfRef_log, NoOfEmptyRef_log",1.0,1.0,1.0,1,160.5685967747469,39995,38883,0.35294117647058826,0.0010083711055662,203,203
"[-253.11591594563575,79.345], 0.0, 0.0, 0.0, [-2.71001516243399,4.8615066617032685], [-2.8210590948273104,3.5703401119539375], [-3.7750642533322636,3.7750642533322636], [-1.8211113387168132,3.317867758391958]","NoOfOtherSpecialCharsInURL, Robots, Pay, HasCopyrightInfo, LineOfCode_log, NoOfImage_log, NoOfCSS_log, NoOfJS_log",0.0,1.0,1.0,1,193.27453109575583,39993,38887,0.23529411764705882,0.001195355445856639,370,370
"[0.3615400000000001,1.072706952383665], [-114.75999999999999,124.75999999999999], [-0.0457318556478929,0.16416000000000003], [-33.5,35.0], 0.0, 0.0, 0.0, 0.0, [-2.1457260568569807,2.8210590948273104], [-2.037710741290908,1.375454750371363]","LetterRatioInURL, NoOfOtherSpecialCharsInURL, SpacialCharRatioInURL, DomainTitleMatchScore, HasFavicon, IsResponsive, HasDescription, HasSocialNet, NoOfImage_log, NoOfSelfRef_log",0.0,1.0,1.0,1,194.51935573648092,39977,38887,0.29411764705882354,0.0012051273223662542,256,256
"[-538.97,578.0250000000001], [-58.375,278.1951030901971], 1.0, [-2.3529563388931676,4.550180916229388], [-1.2386706297996644,1.2386706297996644]","NoOfDegitsInURL, NoOfOtherSpecialCharsInURL, HasTitle, LineOfCode_log, NoOfJS_log",0.0,1.0,1.0,1,180.68030850853893,39966,38889,0.14705882352941177,0.0011346726950624475,191,191
"[-15.27,47.269999999999996], [0.665,1.335], 1.0, [-0.17442000000000002,0.17442000000000002], [-0.07817500000000001,0.13529500000000003], 1.0, [66.5,112.5], [75.0,125.0], [-448.56000000000006,428.53000000000003], 1.0, [5.478922497204102,12.049288346599742], [1.4973107796641787,8.455972923936761]","DomainLength, CharContinuationRate, NoOfSubDomain, DegitRatioInURL, SpacialCharRatioInURL, IsHTTPS, DomainTitleMatchScore, URLTitleMatchScore, NoOfiFrame, HasSocialNet, LineOfCode_log, NoOfSelfRef_log",1.0,1.0,1.0,1,178.52354830876223,39995,38893,0.35294117647058826,0.0011211282367388753,323,323
"0.0, [-496.62,496.62], 0.0, [-2.71001516243399,4.550180916229388], [-2.1457260568569807,1.638034313125535]","NoOfSubDomain, NoOfiFrame, HasSocialNet, LineOfCode_log, NoOfImage_log",0.0,1.0,1.0,1,156.51628809938705,39966,38894,0.14705882352941177,0.0009829225990640195,47,47
"[0.0201486395,0.067901117], [0.41384000000000004,0.7101600000000001], [-318.76,324.76], [-75.345,79.345], [0.06385499999999997,0.290145], 0.0, [2.3450023258973975,6.7201966604091155], [-3.932358597221108,3.932358597221108]","URLCharProb, LetterRatioInURL, NoOfDegitsInURL, NoOfOtherSpecialCharsInURL, SpacialCharRatioInURL, Robots, URLLength_log, NoOfCSS_log",0.0,0.3392169036785128,0.8055555555555556,1,163.7276217074424,39977,38894,0.23529411764705882,0.0008792750651362728,203,252
"1.0, [0.09307999999999998,0.32558], 1.0, 0.0, 1.0, 0.0, [-4.288690978366612,2.221430236528126]","NoOfSubDomain, DegitRatioInURL, HasTitle, HasSocialNet, Pay, HasCopyrightInfo, NoOfSelfRef_log",0.0,1.0,1.0,1,118.2242304,39896,38897,0.20588235294117646,0.0007424484009186425,11,11
"1.0, [0.47002,0.8959800000000001], [-281.54,281.54], 1.0, [5.478922497204102,11.185917546343594], [-1.1941879799335622,5.353071063293234]","NoOfSubDomain, LetterRatioInURL, NoOfDegitsInURL, IsHTTPS, LineOfCode_log, NoOfJS_log",1.0,0.8541646815597704,0.9689655172413794,1,153.76206052163315,39970,38909,0.17647058823529413,0.0008820424530990461,281,290
"0.0, 0.0, 0.0","NoOfSubDomain, HasFavicon, HasDescription",0.0,1.0,1.0,2,167.81470588164544,39966,38911,0.08823529411764706,0.002107753370200158,52,52
"[-17.799999999999997,45.8], [0.29335,0.60465], [-754.125,754.125], [-0.23598000000000005,0.24624000000000001], 1.0, 1.0, 1.0, [1.8232874343984244,5.570884523123128]","DomainLength, LetterRatioInURL, NoOfDegitsInURL, DegitRatioInURL, IsHTTPS, IsResponsive, HasHiddenFields, NoOfImage_log",1.0,0.8231827238589929,0.9618320610687023,1,176.08722844268658,39945,38915,0.23529411764705882,0.0011058281431576007,252,262
"[-1435.4800000000002,1471.4800000000002], [-173.65,175.65], 1.0, 1.0, 1.0, 1.0, [-448.56000000000006,428.53000000000003], 0.0, [5.478922497204102,12.049288346599742], [1.3667126673688355,8.455972923936761], [-0.5385609020635121,1.9248552631834026], [3.36270222676931,6.698173616015561]","NoOfLettersInURL, NoOfOtherSpecialCharsInURL, IsHTTPS, HasTitle, Robots, HasDescription, NoOfiFrame, Pay, LineOfCode_log, NoOfSelfRef_log, NoOfEmptyRef_log, NoOfExternalRef_log",1.0,1.0,1.0,1,186.76916839617698,39945,38915,0.35294117647058826,0.0011729107472087741,76,76
"[5.899999999999999,80.1], [0.449700106,0.5961140939999999], [0.0201486395,0.067901117], 0.0, [-181.63,189.125], 0.0, [-2.502552422830679,3.5703401119539375], [-4.288690978366612,3.2402856071735804]","DomainLength, TLDLegitimateProb, URLCharProb, NoOfSubDomain, NoOfOtherSpecialCharsInURL, Robots, NoOfImage_log, NoOfSelfRef_log",0.0,1.0,1.0,1,135.28646589823293,39966,38922,0.23529411764705882,0.0008495992736196107,27,27
"[-1623.165,1647.165], [-0.017359999999999987,0.60465], [-0.23598000000000005,0.23598000000000005], 1.0, 1.0, [-19.0,19.0], 1.0, [-0.9462141818868666,3.143438759223086], [1.3366648609668677,4.079435541237553], [-1.9352187666444407,8.735654709207758]","NoOfLettersInURL, LetterRatioInURL, DegitRatioInURL, IsHTTPS, HasTitle, URLTitleMatchScore, Robots, NoOfCSS_log, NoOfJS_log, NoOfExternalRef_log",1.0,1.0,1.0,1,152.81915665078904,39911,38927,0.29411764705882354,0.0009597046062489222,46,46
"[-693.7950000000001,898.5964547215442], [-0.09918,0.12654], [-173.65,175.65], [-0.07817500000000001,0.149927393695798], 1.0, 1.0, [2.92809976348058,10.188295842143958]","NoOfDegitsInURL, DegitRatioInURL, NoOfOtherSpecialCharsInURL, SpacialCharRatioInURL, IsHTTPS, HasSocialNet, LineOfCode_log",1.0,0.9796754753478134,0.9959016393442623,1,164.51828603904033,39997,38942,0.20588235294117646,0.0009664788500235559,486,488
"[0.024923875999999998,0.082358052], [-318.76,324.76], [-253.11591594563575,189.125], 0.0, 0.0, 0.0, [-2.71001516243399,4.550180916229388], [-1.865539078837415,1.865539078837415], [-3.20939441753318,3.20939441753318]","URLCharProb, NoOfDegitsInURL, NoOfOtherSpecialCharsInURL, HasFavicon, HasSocialNet, Pay, LineOfCode_log, NoOfImage_log, NoOfSelfRef_log",0.0,1.0,1.0,1,195.98531677714345,39993,38946,0.2647058823529412,0.0012166351201625101,307,307
"[-1051.155,1077.155], [-161.67000000000002,167.67000000000002], 1.0, 1.0, [-448.56000000000006,428.53000000000003], [5.478922497204102,16.733753030969247], [-0.6909504000509903,4.544070560803571]","NoOfLettersInURL, NoOfOtherSpecialCharsInURL, HasTitle, IsResponsive, NoOfiFrame, LineOfCode_log, NoOfJS_log",1.0,0.7572091411620255,0.9458955223880597,1,154.864565493165,39997,38953,0.20588235294117646,0.0008906971198533697,507,536
"[-16.74,44.739999999999995], [0.645,1.1752815479305077], 1.0, 1.0, [-535.6700000000001,514.64], 1.0, [1.2053739308986744,5.0759085180890615], [5.314761185516479,13.774232089941453], [0.40163520686549625,3.7572478764941755], [2.72406882856974,5.6552406554831105]","DomainLength, CharContinuationRate, IsHTTPS, HasFavicon, NoOfiFrame, HasSocialNet, URLLength_log, LargestLineLength_log, NoOfCSS_log, NoOfExternalRef_log",1.0,1.0,1.0,2,172.66757706082547,39982,38963,0.29411764705882354,0.00216870545142168,194,194
"[0.05857142900000001,0.798571429], [0.012960594673685797,0.089445659], [0.53528,0.94272], 1.0, 0.0, [-27.364896871389046,20.5], 0.0, 0.0, 0.0, 0.0, [-6.553118371851593,4.8615066617032685]","CharContinuationRate, URLCharProb, LetterRatioInURL, IsHTTPS, HasTitle, URLTitleMatchScore, Robots, HasSocialNet, HasSubmitButton, HasCopyrightInfo, LineOfCode_log",0.0,1.0,1.0,1,168.75229998936197,39949,38968,0.3235294117647059,0.0010597647779523618,30,30
"1.0, [66.0,133.5], 0.0, [-358.0746059299621,576.72], 0.0, [-2.71001516243399,4.550180916229388]","HasTitle, URLTitleMatchScore, HasFavicon, NoOfiFrame, HasCopyrightInfo, LineOfCode_log",0.0,1.0,1.0,1,171.75293329270642,39933,38987,0.17647058823529413,0.001078608761036656,70,70
"[-0.07108000000000003,0.31514000000000003], [-168.65,180.65], [-0.07717500000000001,0.18922], 0.0, 1.0, 0.0, 0.0, [-576.72,320.40000000000003], 0.0, 0.0, 0.0, [1.3209227566761232,5.94092630579458], [-3.20939441753318,3.20939441753318], [-2.888143090289487,2.888143090289487]","DegitRatioInURL, NoOfOtherSpecialCharsInURL, SpacialCharRatioInURL, IsHTTPS, HasTitle, IsResponsive, HasDescription, NoOfiFrame, HasSocialNet, HasHiddenFields, Pay, URLLength_log, NoOfSelfRef_log, NoOfEmptyRef_log",0.0,1.0,1.0,1,196.7470425732394,39933,38987,0.4117647058823529,0.0012355718167903903,78,78
"[0.0201486395,0.089445659], 1.0, [-16.5,35.0], 0.0, [-576.72,576.72], 0.0, [-2.5691409501844573,3.932358597221108], [-5.925585524048861,1.5792258245004538]","URLCharProb, IsHTTPS, DomainTitleMatchScore, HasDescription, NoOfiFrame, HasSocialNet, NoOfCSS_log, NoOfSelfRef_log",0.0,1.0,1.0,2,175.2568732600759,39993,38994,0.23529411764705882,0.002201227021934491,182,182
"[-16.74,51.03], 1.0, 1.0, 1.0, [79.0,131.0], 0.0, [1.4120726386451175,5.179601093363541], [-0.8548401418244607,4.073715966692661]","DomainLength, NoOfSubDomain, IsHTTPS, HasTitle, URLTitleMatchScore, HasFavicon, URLLength_log, NoOfCSS_log",1.0,0.9487290189458155,0.9895287958115183,1,160.0701924072161,39995,38996,0.23529411764705882,0.0009315613040083408,189,191
"[0.011350607000000002,0.070579601], 1.0, [-0.10796500000000003,0.30991083406463593], 1.0, [85.0,121.0], 0.0, 1.0, [2.768926422293755,12.049288346599742], [5.445730577466069,13.774232089941453], [-0.13309579395534765,2.330320371291567], [1.1973780132038065,5.240373636532595]","URLCharProb, NoOfSubDomain, SpacialCharRatioInURL, IsHTTPS, URLTitleMatchScore, Pay, HasCopyrightInfo, LineOfCode_log, LargestLineLength_log, NoOfEmptyRef_log, NoOfExternalRef_log",1.0,1.0,1.0,1,187.3623908794983,39980,38996,0.3235294117647059,0.0011458051295416317,151,151
"[0.41571114449999996,0.6301030555], [0.0201486395,0.067901117], [-1256.795,1286.795], [-16.5,35.0], [-27.364896871389046,32.636942675], [-576.72,576.72], 0.0, 0.0, [-4.288690978366612,1.5792258245004538]","TLDLegitimateProb, URLCharProb, NoOfLettersInURL, DomainTitleMatchScore, URLTitleMatchScore, NoOfiFrame, HasSocialNet, HasHiddenFields, NoOfSelfRef_log",0.0,1.0,1.0,2,190.49581158495135,39993,38998,0.2647058823529412,0.0023470849816435305,122,122
"1.0, [-291.59499999999997,291.59499999999997], [-86.325,88.325], 1.0, 1.0, [62.5,137.5], 1.0, 0.0, [-1.404110737957979,2.7904050990778697], [1.3366648609668677,4.079435541237553], [1.7315274776767642,8.990889313462043]","NoOfSubDomain, NoOfDegitsInURL, NoOfOtherSpecialCharsInURL, IsHTTPS, HasTitle, URLTitleMatchScore, HasFavicon, HasSocialNet, NoOfCSS_log, NoOfJS_log, NoOfSelfRef_log",1.0,1.0,1.0,1,142.7929974426272,39980,39000,0.3235294117647059,0.0008967403065764291,23,23
"[-15.5,37.5], 0.0, [-732.015,736.015], [45.232423431379615,89.83000000000001], [-0.025400000000000013,0.16908499999999999], [-33.5,21.5], 0.0, 0.0, 0.0, [4.155490177269684,11.722114319039278], [-2.1457260568569807,5.4957662135288565]","DomainLength, NoOfSubDomain, NoOfDegitsInURL, NoOfOtherSpecialCharsInURL, SpacialCharRatioInURL, DomainTitleMatchScore, HasFavicon, HasDescription, HasSocialNet, LargestLineLength_log, NoOfImage_log",0.0,0.1,1.0,1,149.71105163033593,39013,39013,0.3235294117647059,0.0009401857005684618,0,0
"[-0.14706,0.1738], [-162.67000000000002,166.67000000000002], [-21.5,35.0], 0.0, [-560.7,560.7], 1.0, 0.0, 0.0, [1.6855222845520996,4.906151447456558], [-3.932358597221108,3.932358597221108]","DegitRatioInURL, NoOfOtherSpecialCharsInURL, DomainTitleMatchScore, HasDescription, NoOfiFrame, HasSubmitButton, HasHiddenFields, HasCopyrightInfo, URLLength_log, NoOfCSS_log",0.0,0.004115226337448558,0.3333333333333333,1,109.33333333333333,39013,39013,0.29411764705882354,0.0006866135497418154,1,3
"[-17.799999999999997,45.8], [0.0476271055,0.0870019215], [0.29335,0.60465], [-0.08992,0.19591999999999998], 1.0, 1.0","DomainLength, URLCharProb, LetterRatioInURL, SpacialCharRatioInURL, HasFavicon, IsResponsive",1.0,0.8796667353512488,0.9746835443037974,1,144.84267031408223,39997,39021,0.17647058823529413,0.0009096122562661782,231,237
"[0.0241321075,0.0519517865], [-0.14314000000000004,0.34256000000000003], 0.0, [-2.71001516243399,4.550180916229388], [-2.1457260568569807,2.138544797691671], [-1.71038221337927,2.2119118389279717], [-1.9358252042263626,1.375454750371363]","URLCharProb, DegitRatioInURL, HasSocialNet, LineOfCode_log, NoOfImage_log, NoOfJS_log, NoOfSelfRef_log",0.0,1.0,1.0,1,189.014777742103,39949,39027,0.20588235294117646,0.0011870131783460272,100,100
"[0.274444444,0.614444444], [-0.08721912118904873,0.98854], 0.0, [-1.2386706297996644,4.4829709356190515], [-2.335998087734144,2.208580010221372]","CharContinuationRate, LetterRatioInURL, HasSocialNet, NoOfJS_log, NoOfEmptyRef_log",0.0,0.6680150630319404,0.9224806201550387,1,158.6067518803146,39993,39027,0.14705882352941177,0.0009960507157459953,119,129
"[0.4470855705,0.5987286294999999], [-156.175,168.175], [-21.5,33.5], 1.0, 0.0, 0.0, 0.0, [1.1119680461947792,4.912135797637768], [-2.1457260568569807,1.638034313125535]","TLDLegitimateProb, NoOfOtherSpecialCharsInURL, DomainTitleMatchScore, IsResponsive, HasSocialNet, Pay, HasCopyrightInfo, URLLength_log, NoOfImage_log",0.0,1.0,1.0,1,128.80248634112664,39993,39028,0.2647058823529412,0.0008088798691669451,30,30
"[0.037038199,0.08729310300000001], 1.0, [-0.23598000000000005,0.24624000000000001], [-80.33500000000001,84.33500000000001], 1.0, 0.0, [1.1657110792611585,7.33127940483756]","URLCharProb, NoOfSubDomain, DegitRatioInURL, NoOfOtherSpecialCharsInURL, IsHTTPS, Pay, NoOfExternalRef_log",1.0,0.6673515598433388,0.9222972972972973,1,170.88266486996912,39980,39033,0.20588235294117646,0.0010164392395929805,273,296
"[-16.74,44.739999999999995], [0.15737999999999996,0.84262], [-173.65,98.305], 1.0, 1.0, [-280.35,280.35], 0.0, 0.0, [5.478922497204102,10.657923183718385], [5.445730577466069,13.106304192595584]","DomainLength, LetterRatioInURL, NoOfOtherSpecialCharsInURL, IsHTTPS, HasTitle, NoOfiFrame, HasSubmitButton, Pay, LineOfCode_log, LargestLineLength_log",1.0,0.8280335219957866,0.9629629629629629,1,153.9959376971788,39980,39046,0.29411764705882354,0.0008838783895057342,104,108
"[-3.030000000000001,44.739999999999995], 1.0, [-1051.155,2054.804430107292], [-96.305,88.325], [78.5,117.0], [85.0,115.0], 1.0, 1.0, 1.0, [1.2053739308986744,5.3656509976038045], [1.9454846253305749,5.2215532515816445]","DomainLength, NoOfSubDomain, NoOfLettersInURL, NoOfOtherSpecialCharsInURL, DomainTitleMatchScore, URLTitleMatchScore, HasDescription, HasSocialNet, HasCopyrightInfo, URLLength_log, NoOfImage_log",1.0,1.0,1.0,1,192.2825483552005,39995,39046,0.3235294117647059,0.0011844283778992607,176,176
"[0.0201486395,0.067901117], [0.44453,1.0834700000000002], [0.03577999999999998,0.32158], 1.0, 1.0, 0.0, 0.0, 0.0, [1.0072437954464073,7.113642225646431], [-1.9358252042263626,1.5792258245004538], [-2.7182523202724584,3.1854519378192867]","URLCharProb, LetterRatioInURL, DegitRatioInURL, IsHTTPS, HasTitle, HasDescription, HasSocialNet, HasSubmitButton, LargestLineLength_log, NoOfSelfRef_log, NoOfEmptyRef_log",0.0,1.0,1.0,1,170.6529398871059,39872,39049,0.3235294117647059,0.0010717008002722173,31,31
"[-168.65,180.65], 0.0, 1.0, [68.5,131.5], 0.0, 0.0, [-358.0746059299621,320.40000000000003], 0.0, 0.0, [-2.71001516243399,4.550180916229388], [3.0760063299305775,7.58943125660016], [-3.6702013574063677,3.6702013574063677], [-2.888143090289487,2.888143090289487]","NoOfOtherSpecialCharsInURL, IsHTTPS, HasTitle, DomainTitleMatchScore, HasFavicon, Robots, NoOfiFrame, HasSocialNet, Pay, LineOfCode_log, LargestLineLength_log, NoOfCSS_log, NoOfEmptyRef_log",0.0,1.0,1.0,1,176.69296621653348,39933,39056,0.38235294117647056,0.0011096321775763238,47,47
"[-5.560000000000002,49.56], [0.32468673781725566,1.29], 1.0, [-918.38,950.38], [0.07078999999999996,0.85869], 1.0, 1.0, [75.0,115.0], 1.0, 0.0, 1.0, 1.0, [1.4120726386451175,5.179601093363541], [3.324328634138658,7.49001490878158], [5.309079826932648,13.145102511196534], [-0.8548401418244607,4.034773374593204], [-1.732634865159694,3.9298594424959132], [1.1919268423539144,7.236939336887557]","DomainLength, CharContinuationRate, NoOfSubDomain, NoOfLettersInURL, LetterRatioInURL, IsHTTPS, HasTitle, URLTitleMatchScore, HasFavicon, IsResponsive, HasDescription, HasCopyrightInfo, URLLength_log, LineOfCode_log, LargestLineLength_log, NoOfCSS_log, NoOfJS_log, NoOfExternalRef_log",1.0,1.0,1.0,1,147.2,39795,39058,0.5294117647058824,0.0009244162913597125,5,5
"[0.014863705500000001,0.0872056805], [-623.41,653.575], 1.0, 1.0, [67.5,132.5], 1.0, [-224.28000000000003,224.28000000000003], [-2.3888647860422094,3.334729146797918], [-0.5022580451900343,6.168684733302467]","URLCharProb, NoOfDegitsInURL, IsHTTPS, HasTitle, DomainTitleMatchScore, HasDescription, NoOfiFrame, NoOfJS_log, NoOfExternalRef_log",1.0,1.0,1.0,2,168.27487814199444,39995,39058,0.2647058823529412,0.0019919362146524787,226,226
"[0.0201486395,0.089445659], [0.44201999999999997,1.0834700000000002], 1.0, [-31.5,31.5], 1.0, 0.0, [-4.288690978366612,1.5792258245004538], [-1.4440715451447435,1.4440715451447435]","URLCharProb, LetterRatioInURL, HasTitle, DomainTitleMatchScore, IsResponsive, HasSocialNet, NoOfSelfRef_log, NoOfEmptyRef_log",0.0,1.0,1.0,2,126.79159391644689,39993,39074,0.23529411764705882,0.0015925029215194092,73,73
"[1.0799999999999983,68.92], [-0.0847776715,0.0877816715], 1.0, [0.44201999999999997,0.8679800000000001], [-0.023175000000000015,0.23219], [-34.0,33.5], [-30.5,32.636942675], 0.0, [-368.46000000000004,368.46000000000004], 0.0, 0.0, 0.0, [0.8890316598906236,10.682106423750714], [-3.056566111936362,2.037710741290908], [-0.5131347898135135,4.014241516283603]","DomainLength, TLDLegitimateProb, NoOfSubDomain, LetterRatioInURL, SpacialCharRatioInURL, DomainTitleMatchScore, URLTitleMatchScore, Robots, NoOfiFrame, HasSocialNet, HasHiddenFields, HasCopyrightInfo, LineOfCode_log, NoOfSelfRef_log, NoOfExternalRef_log",0.0,1.0,1.0,1,191.48093478600208,39885,39074,0.4411764705882353,0.0012025006494630912,69,69
"[-22.22,48.67], [0.32468673781725566,0.9304425107700468], [0.407867538,0.6379466619999999], [-0.23598000000000005,0.23598000000000005], 1.0, 1.0, [67.5,137.5], 1.0, [-2.420943472742658,3.793653733370718]","DomainLength, CharContinuationRate, TLDLegitimateProb, DegitRatioInURL, IsHTTPS, HasTitle, DomainTitleMatchScore, HasCopyrightInfo, NoOfEmptyRef_log",1.0,0.792470436383506,0.9545454545454546,1,172.60864731946444,39980,39075,0.2647058823529412,0.001029988206091914,21,22
"[0.32468673781725566,1.255], [0.014863705500000001,0.0731952905], [-673.6850000000001,653.575], 1.0, 1.0, 1.0, [5.478922497204102,13.496291150257541], [2.221134581289741,5.570884523123128], [1.2859169356868811,7.473278518347058]","CharContinuationRate, URLCharProb, NoOfDegitsInURL, IsHTTPS, HasDescription, HasSocialNet, LineOfCode_log, NoOfImage_log, NoOfSelfRef_log",1.0,1.0,1.0,1,175.4209638513807,39995,39075,0.2647058823529412,0.0010520648978256406,254,254
"[0.012960594673685797,0.089445659], [-0.07717500000000001,0.203385], [-30.5,24.5], 0.0, [-2.1457260568569807,6.044296134093182], [-1.8211113387168132,3.008200100942042]","URLCharProb, SpacialCharRatioInURL, URLTitleMatchScore, HasSocialNet, NoOfImage_log, NoOfJS_log",0.0,0.7657194978590397,0.9480122324159022,1,178.31484633070582,39993,39082,0.17647058823529413,0.0010779218834380086,310,327
"[0.032388308500000004,0.0781561675], 1.0, [-0.23598000000000005,0.24624000000000001], 1.0, 1.0, 1.0, 1.0, 1.0, 1.0, [5.478922497204102,10.657923183718385]","URLCharProb, NoOfSubDomain, DegitRatioInURL, IsHTTPS, HasTitle, Robots, IsResponsive, HasSocialNet, HasHiddenFields, LineOfCode_log",1.0,1.0,1.0,1,169.08215591322897,39982,39089,0.29411764705882354,0.0010618362738071454,98,98
"[-16.74,44.739999999999995], [-1051.155,1077.155], 1.0, 1.0, [-19.0,19.0], 0.0, 1.0, 1.0, [-1.4097025205733658,5.301522818683992], [1.062667672201437,4.544070560803571]","DomainLength, NoOfLettersInURL, IsHTTPS, HasTitle, URLTitleMatchScore, IsResponsive, HasSocialNet, HasCopyrightInfo, NoOfCSS_log, NoOfJS_log",1.0,1.0,1.0,1,113.377152,39745,39091,0.29411764705882354,0.0007120087389725978,10,10
"[-1051.155,1077.155], [0.29335,0.7233100000000001], [-173.65,88.325], [-0.07817500000000001,0.11946], 1.0, [-23.5,23.5], 1.0, 1.0, [1.2053739308986744,5.3656509976038045], [5.478922497204102,10.657923183718385], [5.445730577466069,13.106304192595584], [1.9454846253305749,5.2215532515816445], [0.0022286676066776145,5.778514848185651]","NoOfLettersInURL, LetterRatioInURL, NoOfOtherSpecialCharsInURL, SpacialCharRatioInURL, HasTitle, DomainTitleMatchScore, HasSocialNet, HasCopyrightInfo, URLLength_log, LineOfCode_log, LargestLineLength_log, NoOfImage_log, NoOfEmptyRef_log",1.0,1.0,1.0,2,138.65184166771851,39997,39091,0.38235294117647056,0.0017414676802264457,44,44
"[-0.07717500000000001,0.18922], 0.0, 0.0, 0.0, 0.0, [1.3209227566761232,5.94092630579458], [1.028031013236534,9.656637490693088], [-2.888143090289487,2.888143090289487]","SpacialCharRatioInURL, IsHTTPS, HasDescription, HasHiddenFields, Pay, URLLength_log, LargestLineLength_log, NoOfEmptyRef_log",0.0,1.0,1.0,1,193.28780489733506,39977,39092,0.23529411764705882,0.001195459645231878,194,194
"[-321.76,321.76], [-0.07108000000000003,0.31514000000000003], [-168.65,180.65], 0.0, 1.0, 0.0, [-576.72,320.40000000000003], 0.0, 0.0, 0.0, [-2.71001516243399,4.550180916229388], [-1.2386706297996644,1.6810529975852586], [-3.20939441753318,3.20939441753318]","NoOfDegitsInURL, DegitRatioInURL, NoOfOtherSpecialCharsInURL, IsHTTPS, HasTitle, IsResponsive, NoOfiFrame, HasSocialNet, HasHiddenFields, Pay, LineOfCode_log, NoOfJS_log, NoOfSelfRef_log",0.0,1.0,1.0,1,196.55061613968059,39933,39092,0.38235294117647056,0.001234338258398845,70,70
"1.0, [-1184.93,815.605], [-0.09918,0.23598000000000005], 1.0, [-33.5,33.5], [-535.6700000000001,603.75], 0.0, 1.0, [3.555313754143808,13.92352715541376], [-1.404110737957979,2.7904050990778697]","NoOfSubDomain, NoOfLettersInURL, DegitRatioInURL, IsHTTPS, DomainTitleMatchScore, NoOfiFrame, HasSocialNet, HasCopyrightInfo, LargestLineLength_log, NoOfCSS_log",1.0,0.014458261438686257,0.42857142857142855,1,108.36,39953,39102,0.29411764705882354,0.0006805010144819188,3,7
"[-0.20862,0.267], [-576.72,209.2566052125244], 0.0, [-2.1457260568569807,1.638034313125535]","DegitRatioInURL, NoOfiFrame, HasCopyrightInfo, NoOfImage_log",0.0,0.7980355158840382,0.9558823529411765,1,188.99247075325582,39993,39105,0.11764705882352941,0.001161741261573416,325,340
"[-16.74,44.739999999999995], [-1048.155,1080.155], [-361.97999999999996,693.7950000000001], 1.0, [87.5,112.5], 1.0, [-448.56000000000006,213.26000000000002], 1.0, [3.916779546517493,11.295995233027812], [3.8589328504135847,8.990889313462043], [1.8732927545424958,8.619495375896841]","DomainLength, NoOfLettersInURL, NoOfDegitsInURL, HasTitle, URLTitleMatchScore, HasDescription, NoOfiFrame, HasSocialNet, LineOfCode_log, NoOfSelfRef_log, NoOfExternalRef_log",1.0,1.0,1.0,1,192.931651717627,39967,39119,0.3235294117647059,0.0011895238409003089,149,149
"[0.73,1.27], 1.0, [0.15737999999999996,0.84262], [-593.245,593.245], [-0.10796500000000003,0.30991083406463593], 1.0, [85.1052907243329,117.0], [-263.8842454454971,514.64], 0.0, [3.365504908054497,8.602367653319885], [1.013682442763867,4.26443221646665], [-0.13309579395534765,2.330320371291567]","CharContinuationRate, NoOfSubDomain, LetterRatioInURL, NoOfDegitsInURL, SpacialCharRatioInURL, IsHTTPS, DomainTitleMatchScore, NoOfiFrame, Pay, LineOfCode_log, NoOfCSS_log, NoOfEmptyRef_log",1.0,1.0,1.0,1,164.24761908376345,39945,39130,0.35294117647058826,0.0010314753729488814,153,153
"[-528.0250000000001,704.85], 0.0, 0.0, 0.0, 0.0, [1.886407014911672,4.8615066617032685], [-4.288690978366612,2.4452528895490895], [-1.5290169301532577,1.5290169301532577], [-1.2416527940438218,4.014241516283603]","NoOfDegitsInURL, HasDescription, HasSocialNet, HasHiddenFields, HasCopyrightInfo, LineOfCode_log, NoOfSelfRef_log, NoOfEmptyRef_log, NoOfExternalRef_log",0.0,1.0,1.0,1,194.5949047050465,39993,39140,0.2647058823529412,0.0012220563867183136,168,168
"[-16.74,44.739999999999995], [0.23608999999999997,0.60465], [-168.66000000000003,170.66000000000003], 1.0, [-36.0,36.0], 1.0, [6.180300686521298,10.657923183718385], [-1.4391259481050904,4.658001772973291], [-1.9284252175874599,3.7572478764941755], [1.8732927545424958,8.619495375896841]","DomainLength, LetterRatioInURL, NoOfOtherSpecialCharsInURL, HasTitle, DomainTitleMatchScore, HasSocialNet, LineOfCode_log, NoOfImage_log, NoOfCSS_log, NoOfExternalRef_log",1.0,1.0,1.0,1,142.3264815474117,39852,39146,0.29411764705882354,0.0008938105858310794,61,61
"[-1051.155,213.45341249577575], [-0.19836,0.19836], [-131.235,133.235], 1.0, [53.13239889000099,125.0], 1.0, [2.8703923994263985,5.278112611873064], [2.5339244971307413,7.236939336887557]","NoOfLettersInURL, DegitRatioInURL, NoOfOtherSpecialCharsInURL, IsHTTPS, URLTitleMatchScore, Pay, NoOfImage_log, NoOfExternalRef_log",1.0,1.0,1.0,1,177.20294362081205,39967,39149,0.23529411764705882,0.0011128348366846149,85,85
"[0.39862,0.6393800000000001], 1.0, 1.0, [83.0,112.5], [75.0,110.33333333], 1.0, 1.0, [3.5110517270377537,13.237088941823018]","LetterRatioInURL, IsHTTPS, HasTitle, DomainTitleMatchScore, URLTitleMatchScore, HasSocialNet, HasHiddenFields, NoOfSelfRef_log",1.0,1.0,1.0,1,186.78500930215202,39945,39149,0.23529411764705882,0.001173010228129652,127,127
"[-0.08721912118904873,0.9982500000000001], [-0.14314000000000004,0.32158], 0.0, 1.0, 1.0, 0.0, [-1.9358252042263626,2.221430236528126], [-1.6564350076660292,2.7182523202724584]","LetterRatioInURL, DegitRatioInURL, HasSocialNet, HasHiddenFields, Pay, HasCopyrightInfo, NoOfSelfRef_log, NoOfEmptyRef_log",0.0,0.6903615309097401,0.9285714285714286,1,113.6364122112,39896,39153,0.23529411764705882,0.0007136368936120995,13,14
"[0.326666667,1.07], [0.03577999999999998,0.4444898127822796], 1.0, [-33.5,35.0], 1.0, 0.0, 1.0, 0.0, 0.0, [6.431960985197182,15.564791630868381], [-2.0217497564717366,4.794338478711517], [-1.8726705525965017,4.018335916053033], [-4.288690978366612,1.375454750371363], [-2.7182523202724584,2.208580010221372]","CharContinuationRate, DegitRatioInURL, HasTitle, DomainTitleMatchScore, HasFavicon, Robots, IsResponsive, HasSocialNet, HasCopyrightInfo, LargestLineLength_log, NoOfCSS_log, NoOfJS_log, NoOfSelfRef_log, NoOfEmptyRef_log",0.0,1.0,1.0,1,131.4752,39896,39153,0.4117647058823529,0.0008256645162348945,8,8
"[-1051.155,1077.155], [0.29335,0.7233100000000001], [-0.023444999999999994,0.13529500000000003], 1.0, [67.5,130.5], 1.0, 1.0, [1.9454846253305749,5.278112611873064], [-0.8682579012868781,3.6408466235266594], [-0.6909504000509903,4.544070560803571], [1.2859169356868811,8.455972923936761]","NoOfLettersInURL, LetterRatioInURL, SpacialCharRatioInURL, HasTitle, DomainTitleMatchScore, HasFavicon, HasSubmitButton, NoOfImage_log, NoOfCSS_log, NoOfJS_log, NoOfSelfRef_log",1.0,1.0,1.0,1,188.7038141998846,39967,39161,0.3235294117647059,0.0011850603266853911,104,104
"[66.5,145.58299556438723], [75.0,115.0], 1.0, [3.4157153794520694,8.997973224539482], [1.2859169356868811,7.610443003536902], [-1.9169488791341485,2.330320371291567], [-0.5870164357837792,7.236939336887557]","DomainTitleMatchScore, URLTitleMatchScore, HasCopyrightInfo, LargestLineLength_log, NoOfSelfRef_log, NoOfEmptyRef_log, NoOfExternalRef_log",1.0,1.0,1.0,1,174.49066250282948,39995,39171,0.20588235294117646,0.0010447620299377785,141,141
"[0.036053367499999996,0.0930480145], [-0.10796500000000003,0.151235], 1.0, 1.0, 1.0, [-301.38,307.38], 1.0, [2.768926422293755,12.049288346599742], [1.3667126673688355,13.237088941823018]","URLCharProb, SpacialCharRatioInURL, IsHTTPS, HasTitle, IsResponsive, NoOfiFrame, HasCopyrightInfo, LineOfCode_log, NoOfSelfRef_log",1.0,1.0,1.0,2,155.4849995922796,39997,39171,0.2647058823529412,0.0017911350581329723,316,316
"[-16.74,51.510000000000005], [0.32468673781725566,1.1752815479305077], [-1336.66,1362.66], [-693.7950000000001,291.59499999999997], [-131.235,133.235], 1.0, [-261.33,267.33], 1.0, [2.992102545918886,10.657923183718385], [3.8589328504135847,8.407891448799006]","DomainLength, CharContinuationRate, NoOfLettersInURL, NoOfDegitsInURL, NoOfOtherSpecialCharsInURL, IsHTTPS, NoOfiFrame, HasHiddenFields, LineOfCode_log, NoOfSelfRef_log",1.0,1.0,1.0,1,158.0930355351567,39982,39175,0.29411764705882354,0.0009928245760815815,208,208
"[0.32468673781725566,1.1752815479305077], [-173.65,88.325], [-0.07817500000000001,0.13529500000000003], 1.0, 1.0, 1.0, [5.478922497204102,10.657923183718385], [5.445730577466069,13.106304192595584], [1.9454846253305749,5.2215532515816445]","CharContinuationRate, NoOfOtherSpecialCharsInURL, SpacialCharRatioInURL, HasTitle, IsResponsive, HasSocialNet, LineOfCode_log, LargestLineLength_log, NoOfImage_log",1.0,0.9834987122941136,0.9966777408637874,1,166.43462036032037,39997,39179,0.2647058823529412,0.0009815220791869646,300,301
"[-1051.155,1077.155], [0.23608999999999997,0.7233100000000001], [-0.12654,0.23598000000000005], [-0.07817500000000001,0.11946], 1.0, [-23.5,23.5], 1.0, 1.0, [1.2053739308986744,5.3656509976038045], [0.0022286676066776145,5.778514848185651]","NoOfLettersInURL, LetterRatioInURL, DegitRatioInURL, SpacialCharRatioInURL, HasTitle, DomainTitleMatchScore, HasSocialNet, HasCopyrightInfo, URLLength_log, NoOfEmptyRef_log",1.0,1.0,1.0,1,136.2517690406167,39997,39179,0.29411764705882354,0.0008556613792644496,40,40
"[-15.159999999999997,80.16], 0.0, 0.0, [-2.71001516243399,4.550180916229388], [-2.1457260568569807,1.638034313125535], [-1.2386706297996644,2.2857237045880847], [-2.2510527027256297,2.208580010221372], [-3.082784162788201,3.8983752453311213]","DomainLength, HasDescription, HasHiddenFields, LineOfCode_log, NoOfImage_log, NoOfJS_log, NoOfEmptyRef_log, NoOfExternalRef_log",0.0,1.0,1.0,1,195.67309547158146,39993,39180,0.23529411764705882,0.0012141841821413561,247,247
"[-4.789999999999999,40.79], [0.023527761499999997,0.0692956205], [-352.52512190696683,185.63], 0.0, 0.0, 0.0, 0.0, 0.0, [2.583082653820143,4.527613469158684], [-2.888544574204401,4.550180916229388], [-3.056566111936362,1.5792258245004538]","DomainLength, URLCharProb, NoOfOtherSpecialCharsInURL, IsHTTPS, HasTitle, HasFavicon, HasSocialNet, HasHiddenFields, URLLength_log, LineOfCode_log, NoOfSelfRef_log",0.0,1.0,1.0,1,205.5439934029723,39977,39201,0.3235294117647059,0.0012916707553251754,70,70
"[-1051.155,1077.155], [-0.023444999999999994,0.13529500000000003], 1.0, 1.0, [-464.58,464.58], [1.2053739308986744,5.3656509976038045], [5.478922497204102,12.049288346599742], [1.9454846253305749,5.278112611873064], [-0.6909504000509903,4.544070560803571]","NoOfLettersInURL, SpacialCharRatioInURL, IsHTTPS, HasTitle, NoOfiFrame, URLLength_log, LineOfCode_log, NoOfImage_log, NoOfJS_log",1.0,0.8790855026018237,0.9745547073791349,1,162.90341680823073,39997,39202,0.2647058823529412,0.0009538021225662196,383,393
"1.0, [-1487.3899999999999,1523.3899999999999], [0.15737999999999996,0.84262], [-0.23598000000000005,0.23598000000000005], [-173.65,145.70999999999998], [-0.10796500000000003,0.09553500000000001], 1.0, 1.0, [67.5,117.0], [69.0,131.0], 0.0, 0.0, [2.5362545162627113,4.055419215745947], [0.6817034501591284,9.974048887420034], [-0.8548401418244607,4.26443221646665], [-2.293525395229887,2.293525395229887]","NoOfSubDomain, NoOfLettersInURL, LetterRatioInURL, DegitRatioInURL, NoOfOtherSpecialCharsInURL, SpacialCharRatioInURL, IsHTTPS, HasTitle, DomainTitleMatchScore, URLTitleMatchScore, HasSocialNet, Pay, URLLength_log, LargestLineLength_log, NoOfCSS_log, NoOfEmptyRef_log",1.0,0.8959286206856907,0.9782608695652174,1,128.07788161741288,39980,39204,0.47058823529411764,0.0008043293500677793,45,46
"[-12.159999999999997,64.16], [0.0201486395,0.04729245071741309], [-0.023175000000000015,0.203385], 1.0, [-33.5,35.0], [-27.364896871389046,30.5], 1.0, 0.0, [-536.6700000000001,536.6700000000001], 0.0, 0.0, [-6.553118371851593,10.682106423750714], [2.195573694016325,9.76219783578592], [-1.9358252042263626,1.5792258245004538], [-1.2416527940438218,4.014241516283603]","DomainLength, URLCharProb, SpacialCharRatioInURL, HasTitle, DomainTitleMatchScore, URLTitleMatchScore, IsResponsive, HasDescription, NoOfiFrame, HasSocialNet, HasCopyrightInfo, LineOfCode_log, LargestLineLength_log, NoOfSelfRef_log, NoOfExternalRef_log",0.0,1.0,1.0,1,133.7158046040064,39872,39209,0.4411764705882353,0.0008397355175829861,17,17
"[0.046469346999999994,0.0732076055], 1.0, 1.0, [73.0,127.0], [-535.6700000000001,600.75], [1.9768125311432616,5.3656509976038045], [3.555313754143808,8.997973224539482], [1.2859169356868811,8.455972923936761], [-1.7413803926745437,1.7413803926745437]","URLCharProb, NoOfSubDomain, HasTitle, DomainTitleMatchScore, NoOfiFrame, URLLength_log, LargestLineLength_log, NoOfSelfRef_log, NoOfEmptyRef_log",1.0,0.9664460272969307,0.9931972789115646,1,172.86848488258534,39995,39217,0.2647058823529412,0.0010320279316052986,146,147
"[10.68,57.32], [0.046469346999999994,0.0732076055], 1.0, [-1443.4800000000002,1463.4800000000002], [0.14793999999999996,0.72206], [-173.65,70.86000000000001], 1.0, [-420.53000000000003,514.64], 1.0, 1.0, [2.293188164345394,4.298485567663264], [2.221134581289741,5.795517030570231], [0.40163520686549625,4.034773374593204], [2.1712576019268566,8.990889313462043]","DomainLength, URLCharProb, NoOfSubDomain, NoOfLettersInURL, LetterRatioInURL, NoOfOtherSpecialCharsInURL, IsHTTPS, NoOfiFrame, HasSocialNet, HasCopyrightInfo, URLLength_log, NoOfImage_log, NoOfCSS_log, NoOfSelfRef_log",1.0,1.0,1.0,1,188.97970422490297,39995,39217,0.4117647058823529,0.0011585010433045866,201,201
"[-1623.165,1077.155], [-0.017359999999999987,0.60465], [-0.023444999999999994,0.13529500000000003], 1.0, [-19.0,19.0], 1.0, [1.2053739308986744,5.3656509976038045], [-0.6909504000509903,4.079435541237553]","NoOfLettersInURL, LetterRatioInURL, SpacialCharRatioInURL, IsHTTPS, URLTitleMatchScore, Robots, URLLength_log, NoOfJS_log",1.0,0.4204798977206755,0.8409090909090909,1,136.30240390508766,39911,39228,0.23529411764705882,0.0008559793663135512,37,44
"[-1051.155,1647.165], [-0.23598000000000005,0.23598000000000005], 1.0, 1.0, [-464.58,464.58], 0.0, [5.478922497204102,12.049288346599742], [1.9454846253305749,5.278112611873064], [1.3366648609668677,4.544070560803571], [-1.9352187666444407,8.735654709207758]","NoOfLettersInURL, DegitRatioInURL, IsHTTPS, HasTitle, NoOfiFrame, HasSocialNet, LineOfCode_log, NoOfImage_log, NoOfJS_log, NoOfExternalRef_log",1.0,0.46266436603796024,0.8571428571428571,1,95.19646661251757,39970,39228,0.29411764705882354,0.0005978339987533437,54,63
"[0.0386641413272556,0.089445659], 1.0, [-662.7850000000001,738.7850000000001], [-572.1350000000001,574.1350000000001], [-0.14314000000000004,0.267], [-27.364896871389046,30.5], 0.0, 0.0, [-2.71001516243399,4.550180916229388], [-0.6399827634384168,6.1851602079179795], [-1.2386706297996644,3.317867758391958], [-1.2416527940438218,4.014241516283603]","URLCharProb, NoOfSubDomain, NoOfLettersInURL, NoOfDegitsInURL, DegitRatioInURL, URLTitleMatchScore, HasSocialNet, Pay, LineOfCode_log, NoOfImage_log, NoOfJS_log, NoOfExternalRef_log",0.0,1.0,1.0,1,205.17344600679445,39993,39233,0.35294117647058826,0.0012884896470318828,91,91
"[-583.1899999999999,583.1899999999999], 1.0, [-33.5,33.5], [-19.0,19.0], 1.0, [-535.6700000000001,289.36], [2.916131067248354,7.319856557585156], [1.062667672201437,4.544070560803571], [2.1712576019268566,7.610443003536902]","NoOfDegitsInURL, IsHTTPS, DomainTitleMatchScore, URLTitleMatchScore, HasDescription, NoOfiFrame, LineOfCode_log, NoOfJS_log, NoOfSelfRef_log",1.0,1.0,1.0,1,126.54611750458332,39970,39234,0.2647058823529412,0.0007947098684073187,42,42
"[-1.9600000000000009,31.96], [0.83,1.17], 1.0, [-1184.93,1202.93], [0.23608999999999997,0.85869], [-0.14446905303960045,0.23598000000000005], 1.0, [-396.5,404.5], 1.0, [5.340275076089389,13.92352715541376], [2.2668617118816967,8.735654709207758]","DomainLength, CharContinuationRate, NoOfSubDomain, NoOfLettersInURL, LetterRatioInURL, DegitRatioInURL, IsHTTPS, NoOfiFrame, HasCopyrightInfo, LargestLineLength_log, NoOfExternalRef_log",1.0,1.0,1.0,1,172.38137264536368,39995,39234,0.3235294117647059,0.0010825553614152424,238,238
"[-0.034400000000000014,0.13340000000000002], 0.0, [1.07040186577556,9.964503927153855], [-3.0580338603065154,3.0580338603065154]","SpacialCharRatioInURL, HasSocialNet, LargestLineLength_log, NoOfEmptyRef_log",0.0,0.2829092575839586,0.7768361581920904,1,159.1285715570312,39993,39246,0.11764705882352941,0.0009273095789943206,275,354
"1.0, [66.5,145.58299556438723], 0.0, 0.0, [3.555313754143808,8.997973224539482], [1.2859169356868811,8.299671969071387]","HasTitle, DomainTitleMatchScore, HasDescription, HasSocialNet, LargestLineLength_log, NoOfSelfRef_log",1.0,0.534824985896467,0.8823529411764706,1,144.5602790506496,39717,39249,0.17647058823529413,0.0009078388385728712,15,17
"0.0, 0.0, 1.0, 0.0, [4.495101721256086,8.065689956664304], [-2.9770541768464223,3.932358597221108], [-1.2386706297996644,1.9907206550351746], [-6.004104213167788,3.2402856071735804]","NoOfSubDomain, HasFavicon, IsResponsive, HasSocialNet, LineOfCode_log, NoOfCSS_log, NoOfJS_log, NoOfSelfRef_log",0.0,1.0,1.0,1,116.0,39478,39256,0.23529411764705882,0.0007284802296041213,1,1
"[8.69,37.31], 0.0, [-0.07389,0.21988999999999997], 0.0, [-576.72,448.56000000000006], 1.0","DomainLength, NoOfSubDomain, SpacialCharRatioInURL, HasDescription, NoOfiFrame, HasSubmitButton",0.0,1.0,1.0,1,113.36,39966,39256,0.17647058823529413,0.0007119010243786482,6,6
"[-16.74,44.739999999999995], [-1051.155,1077.155], [-0.022950000000000026,0.5789500000000001], [-0.12654,0.24624000000000001], [-161.67000000000002,167.67000000000002], [75.0,115.0], 1.0","DomainLength, NoOfLettersInURL, LetterRatioInURL, DegitRatioInURL, NoOfOtherSpecialCharsInURL, URLTitleMatchScore, HasSocialNet",1.0,1.0,1.0,1,182.54976987617312,39995,39264,0.20588235294117646,0.001108026042758227,209,209
"[40.08,107.92], [0.0201486395,0.067901117], [-898.335,1022.335], [0.44453,1.0834700000000002], [0.03577999999999998,0.32158], 1.0, 1.0, 0.0, [-208.26000000000002,208.26000000000002], 0.0, 0.0, 1.0, [-5.925585524048861,1.5792258245004538]","DomainLength, URLCharProb, NoOfLettersInURL, LetterRatioInURL, DegitRatioInURL, IsHTTPS, HasTitle, HasDescription, NoOfiFrame, HasSocialNet, HasSubmitButton, Pay, NoOfSelfRef_log",0.0,0.1,1.0,1,105.4,39269,39269,0.38235294117647056,0.0006619122086230551,0,0
"[0.0201486395,0.067901117], [-898.335,1022.335], [0.44453,1.0834700000000002], [0.040614999999999984,0.224385], 1.0, [-16.0,16.0], 0.0, 0.0, [-0.234835399554703,6.226299946662685], [-2.5691409501844573,3.932358597221108], [-4.17507967446954,2.7182523202724584]","URLCharProb, NoOfLettersInURL, LetterRatioInURL, SpacialCharRatioInURL, IsHTTPS, URLTitleMatchScore, HasDescription, HasSocialNet, NoOfImage_log, NoOfCSS_log, NoOfEmptyRef_log",0.0,0.8810956933593749,0.975,1,173.0428421169077,39993,39269,0.3235294117647059,0.0010867093910058158,117,120
"[0.012960594673685797,0.089445659], [-0.1368,0.37007059654610075], [-34.0,-0.33450132232594143], [-27.364896871389046,32.636942675], 0.0, 0.0, 0.0, [-6.553118371851593,4.8615066617032685], [3.384077717408371,6.702772516430123], [-2.1457260568569807,6.044296134093182], [-1.2386706297996644,3.008200100942042]","URLCharProb, DegitRatioInURL, DomainTitleMatchScore, URLTitleMatchScore, HasSocialNet, HasHiddenFields, HasCopyrightInfo, LineOfCode_log, LargestLineLength_log, NoOfImage_log, NoOfJS_log",0.0,0.1,1.0,1,192.94723866955277,39271,39271,0.3235294117647059,0.001211709040754112,0,0
"[-70.85,78.85], [-0.007084999999999994,0.235085], [-16.5,35.0], [-30.5,32.636942675], 0.0, 0.0, 0.0, 0.0, [1.5316655808477422,5.422667445280858], [0.8890316598906236,7.159284658306236], [-1.865539078837415,6.044296134093182], [-2.1395962783554534,2.1395962783554534]","NoOfOtherSpecialCharsInURL, SpacialCharRatioInURL, DomainTitleMatchScore, URLTitleMatchScore, HasDescription, HasSocialNet, HasHiddenFields, HasCopyrightInfo, URLLength_log, LineOfCode_log, NoOfImage_log, NoOfSelfRef_log",0.0,1.0,1.0,1,202.9526353373592,39993,39271,0.35294117647058826,0.00127132858809862,209,209
"[0.014863705500000001,0.0731952905], [-673.6850000000001,653.575], [-157.68,161.68], 1.0, 1.0, 1.0, 1.0, 0.0, 1.0, [2.221134581289741,5.570884523123128], [1.2859169356868811,7.473278518347058], [-2.0386892402043437,3.793653733370718]","URLCharProb, NoOfDegitsInURL, NoOfOtherSpecialCharsInURL, IsHTTPS, IsResponsive, HasDescription, HasSocialNet, Pay, HasCopyrightInfo, NoOfImage_log, NoOfSelfRef_log, NoOfEmptyRef_log",1.0,1.0,1.0,1,176.91930359677946,39945,39277,0.35294117647058826,0.0010638268685341868,95,95
"[0.4100499999999999,1.0119500000000001], 0.0, [75.5,124.5], 1.0, 0.0, 1.0, 0.0, [3.8494259139880267,7.084297416992278], [-2.1457260568569807,5.4957662135288565], [-3.932358597221108,6.503483281034565], [-1.9358252042263626,2.037710741290908]","LetterRatioInURL, IsHTTPS, DomainTitleMatchScore, Robots, HasSocialNet, HasSubmitButton, Pay, LargestLineLength_log, NoOfImage_log, NoOfCSS_log, NoOfSelfRef_log",0.0,0.1,1.0,1,151.91376575734188,39278,39278,0.3235294117647059,0.0009540187496459923,0,0
"[-1.9600000000000009,31.96], 1.0, [0.29335,0.85869], [-0.10796500000000003,0.151235], 1.0, [79.0,121.0], 1.0, [1.5555629284665848,4.715425503391715], [2.768926422293755,7.319856557585156], [5.445730577466069,10.75173929732832], [1.7315274776767642,8.299671969071387]","DomainLength, NoOfSubDomain, LetterRatioInURL, SpacialCharRatioInURL, IsHTTPS, URLTitleMatchScore, HasCopyrightInfo, URLLength_log, LineOfCode_log, LargestLineLength_log, NoOfSelfRef_log",1.0,1.0,1.0,1,183.45338748323564,39995,39285,0.3235294117647059,0.0011151194432093827,111,111
"[-40.88387927227646,80.69], [-33.5,35.0], [-30.5,32.636942675], 0.0, 0.0, [-5.925585524048861,1.5792258245004538], [-3.1854519378192867,3.1854519378192867]","DomainLength, DomainTitleMatchScore, URLTitleMatchScore, HasSocialNet, HasHiddenFields, NoOfSelfRef_log, NoOfEmptyRef_log",0.0,1.0,1.0,1,194.8692981315084,39993,39287,0.20588235294117646,0.0012078743710330414,216,216
"[-253.11591594563575,79.345], 0.0, 0.0, 0.0, 0.0, [-2.71001516243399,4.8615066617032685], [-2.7870089170492442,2.7870089170492442], [-1.2416527940438218,4.014241516283603]","NoOfOtherSpecialCharsInURL, HasFavicon, Robots, HasDescription, HasSocialNet, LineOfCode_log, NoOfJS_log, NoOfExternalRef_log",0.0,1.0,1.0,1,195.93851588067966,39993,39287,0.23529411764705882,0.0012162677330094754,230,230
"[-3.030000000000001,40.03], 1.0, [0.15737999999999996,0.84262], [-143.70999999999998,151.7], [-0.042400000000000014,0.1164], 1.0, [78.5,117.0], 1.0, 0.0, 0.0, [-2.4142947248494133,4.611519302185633], [-2.2924245839522714,2.2924245839522714], [-1.104290005110686,1.104290005110686]","DomainLength, NoOfSubDomain, LetterRatioInURL, NoOfOtherSpecialCharsInURL, SpacialCharRatioInURL, IsHTTPS, DomainTitleMatchScore, HasDescription, HasSocialNet, Pay, NoOfCSS_log, NoOfSelfRef_log, NoOfEmptyRef_log",1.0,1.0,1.0,1,114.75,39847,39298,0.38235294117647056,0.000720630227129939,4,4
"[-919.38,1810.03], [-702.85,704.85], [-0.07134000000000001,0.2520217674008579], 0.0, [-576.72,209.2566052125244], 0.0, [-2.71001516243399,7.159284658306236], [-3.0580338603065154,3.0580338603065154]","NoOfLettersInURL, NoOfDegitsInURL, DegitRatioInURL, IsHTTPS, NoOfiFrame, HasCopyrightInfo, LineOfCode_log, NoOfEmptyRef_log",0.0,1.0,1.0,1,193.99862944347586,39977,39308,0.23529411764705882,0.0012010396196777927,141,141
"[0.32468673781725566,1.1752815479305077], [0.046469346999999994,0.0725358225], [-0.022950000000000026,0.5789500000000001], [-131.235,70.86000000000001], 1.0, [73.0,127.0], 1.0, [-261.33,600.75], 1.0, 1.0, [4.645162333090265,10.657923183718385], [3.555313754143808,8.997973224539482]","CharContinuationRate, URLCharProb, LetterRatioInURL, NoOfOtherSpecialCharsInURL, IsHTTPS, DomainTitleMatchScore, IsResponsive, NoOfiFrame, HasSocialNet, HasCopyrightInfo, LineOfCode_log, LargestLineLength_log",1.0,1.0,1.0,1,202.4020864584251,39995,39313,0.35294117647058826,0.0012638667770471562,80,80
"[-16.74,57.32], [0.0447161435,0.0732076055], [-1336.66,1362.66], [-173.65,133.235], 1.0, [-420.53000000000003,267.33], 1.0, [1.2053739308986744,5.3656509976038045], [2.992102545918886,12.049288346599742], [2.221134581289741,5.795517030570231], [1.2859169356868811,8.990889313462043]","DomainLength, URLCharProb, NoOfLettersInURL, NoOfOtherSpecialCharsInURL, IsHTTPS, NoOfiFrame, HasSocialNet, URLLength_log, LineOfCode_log, NoOfImage_log, NoOfSelfRef_log",1.0,1.0,1.0,1,165.95917729063714,39997,39313,0.3235294117647059,0.0009777898499136186,263,263
"[0.6799999999999999,1.32], [-1207.885,1177.9750000000001], [0.23608999999999997,0.7639100000000001], 1.0, [83.0,115.0], 1.0, 0.0, 0.0, 1.0, [4.810816696312609,8.997973224539482], [-0.6656183156471571,2.6086818469591155], [-0.14713490514514183,5.692312349624704], [1.3667126673688355,7.555342113236411]","CharContinuationRate, NoOfLettersInURL, LetterRatioInURL, IsHTTPS, DomainTitleMatchScore, IsResponsive, HasSocialNet, HasSubmitButton, HasCopyrightInfo, LargestLineLength_log, NoOfImage_log, NoOfJS_log, NoOfSelfRef_log",1.0,1.0,1.0,1,139.9712,39980,39323,0.38235294117647056,0.0008790194130514172,8,8
"[3.1599999999999984,32.84], 1.0, [-0.006324999999999997,0.112475], 1.0, [75.0,115.0], 0.0, 1.0, [-1314.4337642041348,537.6700000000001], 0.0, 1.0, [1.4120726386451175,5.3656509976038045], [4.645162333090265,12.049288346599742], [3.4157153794520694,13.145102511196534], [2.3127456020358204,7.610443003536902], [-0.5870164357837792,7.236939336887557]","DomainLength, NoOfSubDomain, SpacialCharRatioInURL, IsHTTPS, URLTitleMatchScore, Robots, IsResponsive, NoOfiFrame, HasHiddenFields, HasCopyrightInfo, URLLength_log, LineOfCode_log, LargestLineLength_log, NoOfSelfRef_log, NoOfExternalRef_log",1.0,1.0,1.0,1,168.42535366203722,39995,39323,0.4411764705882353,0.000997149340530879,34,34
"[-139.70999999999998,185.63], 0.0, 0.0, [2.2963134165947343,5.030809875664558]","NoOfOtherSpecialCharsInURL, IsHTTPS, HasFavicon, URLLength_log",0.0,1.0,1.0,1,193.31539683292425,39977,39329,0.11764705882352941,0.0011956762419945205,141,141
"[-1051.155,1077.155], [0.29335,0.7233100000000001], [-173.65,88.325], [1.9454846253305749,5.2215532515816445], [-0.14713490514514183,5.692312349624704]","NoOfLettersInURL, LetterRatioInURL, NoOfOtherSpecialCharsInURL, NoOfImage_log, NoOfJS_log",1.0,0.7963974377880763,0.9554896142433235,1,164.44556781442506,39997,39334,0.14705882352941177,0.0009659080117804078,322,337
"[-898.335,1022.335], [0.44453,1.0834700000000002], [0.040614999999999984,0.224385], 1.0, [-16.5,35.0], 0.0, 0.0, [-6.553118371851593,10.682106423750714], [-1.865539078837415,6.226299946662685], [-2.7607250127767156,2.7182523202724584], [-1.2416527940438218,3.8836229505565436]","NoOfLettersInURL, LetterRatioInURL, SpacialCharRatioInURL, IsHTTPS, DomainTitleMatchScore, HasDescription, HasSocialNet, LineOfCode_log, NoOfImage_log, NoOfEmptyRef_log, NoOfExternalRef_log",0.0,0.8829490702668255,0.9754098360655737,1,173.6290145207028,39993,39343,0.3235294117647059,0.001090390554861887,119,122
"[5.68,52.32], [0.046469346999999994,0.0732076055], [-0.11628000000000002,0.11628000000000002], [-168.66000000000003,170.66000000000003], 1.0, [-22.0,22.0], 1.0, [6.180300686521298,10.657923183718385], [5.147666997064714,14.041769058443009], [-1.4391259481050904,5.5187941567296654], [-1.9284252175874599,3.7572478764941755], [-3.1854519378192867,2.420943472742658], [1.8732927545424958,8.619495375896841]","DomainLength, URLCharProb, DegitRatioInURL, NoOfOtherSpecialCharsInURL, HasTitle, DomainTitleMatchScore, HasHiddenFields, LineOfCode_log, LargestLineLength_log, NoOfImage_log, NoOfCSS_log, NoOfEmptyRef_log, NoOfExternalRef_log",1.0,0.8719746985306883,0.972972972972973,1,133.12198009961608,39970,39347,0.38235294117647056,0.0008360062985200309,36,37
"[0.23608999999999997,0.60465], [-0.21888000000000002,0.2084842511342421], [-0.10796500000000003,0.30991083406463593], 1.0, [-34.5,34.5], 1.0, [-0.6909504000509903,6.443249586077761], [2.6792953126148973,6.550945721067622], [-2.420943472742658,2.84567039778523]","LetterRatioInURL, DegitRatioInURL, SpacialCharRatioInURL, IsHTTPS, DomainTitleMatchScore, HasFavicon, NoOfJS_log, NoOfSelfRef_log, NoOfEmptyRef_log",1.0,1.0,1.0,1,134.31716115120338,39997,39347,0.2647058823529412,0.0008435120378896758,35,35
"[0.023527761499999997,0.0692956205], [-0.07391999999999999,0.23219], 0.0, 0.0, 0.0, 0.0, [-2.4920058674963337,3.8783002286162245], [-1.6564350076660292,1.4015988526404863]","URLCharProb, SpacialCharRatioInURL, IsHTTPS, HasDescription, HasSocialNet, HasCopyrightInfo, NoOfJS_log, NoOfEmptyRef_log",0.0,1.0,1.0,1,194.02398233660512,39977,39348,0.23529411764705882,0.001201238639951585,120,120
"[0.74,1.26], [-0.0650421875,0.06568458749999999], [-1616.03,1810.03], [-702.85,704.85], [-0.07134000000000001,0.2520217674008579], [-125.74000000000001,133.74], 0.0, [77.0,123.0], 0.0, [-576.72,448.56000000000006], 0.0","CharContinuationRate, TLDLegitimateProb, NoOfLettersInURL, NoOfDegitsInURL, DegitRatioInURL, NoOfOtherSpecialCharsInURL, IsHTTPS, URLTitleMatchScore, Robots, NoOfiFrame, HasSocialNet",0.0,1.0,1.0,1,175.09235711999997,39708,39348,0.3235294117647059,0.0010995803492819343,12,12
"[-0.14446905303960045,0.23598000000000005], [-173.65,88.325], [-19.0,19.0], [1.9454846253305749,5.2215532515816445], [-0.14713490514514183,5.692312349624704], [2.1712576019268566,2.6455621485004954]","DegitRatioInURL, NoOfOtherSpecialCharsInURL, URLTitleMatchScore, NoOfImage_log, NoOfJS_log, NoOfSelfRef_log",1.0,1.0,1.0,1,88.5,39397,39351,0.17647058823529413,0.0005557801751721097,2,2
"1.0, 0.0, 0.0, [-2.1457260568569807,5.4957662135288565], [-3.932358597221108,4.794338478711517]","HasTitle, Robots, HasSocialNet, NoOfImage_log, NoOfCSS_log",0.0,0.3052448823619652,0.7887323943661971,1,154.41987745801296,39993,39353,0.14705882352941177,0.0009697571360866685,168,213
"[0.29335,0.60465], [-378.09000000000003,386.09000000000003], 1.0, 1.0, [-0.9462141818868666,3.143438759223086], [1.3366648609668677,4.079435541237553]","LetterRatioInURL, NoOfDegitsInURL, HasFavicon, HasSocialNet, NoOfCSS_log, NoOfJS_log",1.0,1.0,1.0,1,154.19498022720592,39997,39355,0.17647058823529413,0.0009683447810320509,122,122
"[-1487.3899999999999,1523.3899999999999], [0.15737999999999996,0.84262], [-0.23598000000000005,0.23598000000000005], [-173.65,145.70999999999998], [-0.10796500000000003,0.09553500000000001], 1.0, 1.0, [67.5,117.0], [69.0,131.0], 0.0, 0.0, [2.5362545162627113,4.055419215745947], [0.6817034501591284,9.974048887420034], [-0.8548401418244607,4.26443221646665], [-2.293525395229887,2.293525395229887]","NoOfLettersInURL, LetterRatioInURL, DegitRatioInURL, NoOfOtherSpecialCharsInURL, SpacialCharRatioInURL, IsHTTPS, HasTitle, DomainTitleMatchScore, URLTitleMatchScore, HasSocialNet, Pay, URLLength_log, LargestLineLength_log, NoOfCSS_log, NoOfEmptyRef_log",1.0,0.5643663080836301,0.8918918918918919,1,125.91906532833286,39980,39361,0.4411764705882353,0.0007907719794993127,33,37
"[-156.16500000000002,278.1951030901971], [-0.057205000000000006,0.203385], 0.0, 0.0, 0.0, [-3.0030629073968145,3.0030629073968145], [-1.2386706297996644,3.008200100942042]","NoOfOtherSpecialCharsInURL, SpacialCharRatioInURL, Robots, HasDescription, HasSocialNet, NoOfImage_log, NoOfJS_log",0.0,0.8231827238589929,0.9618320610687023,1,190.243391238102,39993,39365,0.20588235294117646,0.0011715609904744638,252,262
"[0.3615400000000001,0.8679800000000001], [-0.06464000000000002,0.22264], 1.0, [-33.5,33.5], [-30.5,32.636942675], 0.0, 0.0, 0.0, 0.0, [-1.520511990925495,1.520511990925495], [-1.858005944699496,1.858005944699496], [-3.056566111936362,1.5792258245004538], [-1.6564350076660292,3.1854519378192867]","LetterRatioInURL, DegitRatioInURL, HasTitle, DomainTitleMatchScore, URLTitleMatchScore, HasDescription, HasSocialNet, HasHiddenFields, HasCopyrightInfo, NoOfCSS_log, NoOfJS_log, NoOfSelfRef_log, NoOfEmptyRef_log",0.0,1.0,1.0,1,197.87968267849777,39993,39369,0.38235294117647056,0.0012426847988932994,71,71
"[-0.09918,0.12654], [-136.22500000000002,138.22500000000002], 1.0, 1.0, [1.1655186907312531,5.570884523123128], [-1.6138365298097712,2.678503370169185], [0.3707672826344359,2.8481085422337644], [1.2859169356868811,13.237088941823018], [-3.1854519378192867,2.330320371291567], [-0.5870164357837792,7.236939336887557]","DegitRatioInURL, NoOfOtherSpecialCharsInURL, IsHTTPS, HasCopyrightInfo, NoOfImage_log, NoOfCSS_log, NoOfJS_log, NoOfSelfRef_log, NoOfEmptyRef_log, NoOfExternalRef_log",1.0,1.0,1.0,3,163.3413331088172,39997,39371,0.29411764705882354,0.002871719299827924,125,125
"[0.6000000000000001,1.0], [0.039335087500000004,0.0994614905], 1.0, [-0.017359999999999987,0.84262], [-176.14499999999998,178.14499999999998], 1.0, [85.0,115.0], 1.0, 0.0, [1.4654821926312647,5.0507108834117], [0.9062392838145867,6.62772158459763], [-0.9462141818868666,3.143438759223086], [0.9926561133363743,8.299671969071387]","CharContinuationRate, URLCharProb, NoOfSubDomain, LetterRatioInURL, NoOfOtherSpecialCharsInURL, IsHTTPS, URLTitleMatchScore, HasDescription, Pay, URLLength_log, NoOfImage_log, NoOfCSS_log, NoOfSelfRef_log",1.0,1.0,1.0,1,174.0,39980,39380,0.38235294117647056,0.001092720344406182,3,3
"[-3.030000000000001,44.739999999999995], [0.32468673781725566,1.1752815479305077], [0.40002393149999993,0.6457902685], [0.15737999999999996,1.037085470601629], [-96.305,98.305], 1.0, 1.0, 1.0, 0.0, [1.3366648609668677,4.079435541237553]","DomainLength, CharContinuationRate, TLDLegitimateProb, LetterRatioInURL, NoOfOtherSpecialCharsInURL, IsHTTPS, HasTitle, IsResponsive, HasSubmitButton, NoOfJS_log",1.0,0.2084017036410597,0.7307692307692307,1,172.9645532964815,39980,39380,0.29411764705882354,0.0010327820688920744,38,52
"0.0, 0.0, [-1.9112711626915722,1.9112711626915722]","IsHTTPS, HasSocialNet, NoOfEmptyRef_log",0.0,1.0,1.0,1,189.69164780910054,39977,39381,0.08823529411764706,0.0011672298031916886,136,136
"[-139.70999999999998,185.63], 0.0, [85.5,114.5]","NoOfOtherSpecialCharsInURL, IsHTTPS, URLTitleMatchScore",0.0,1.0,1.0,1,175.94835659959298,39933,39383,0.08823529411764706,0.0011049560277080974,46,46
"[-0.14867182999999998,0.16507242999999996], [-1623.165,1647.165], [-281.54,281.54], [-161.67000000000002,167.67000000000002], 1.0, 1.0, 1.0, [5.478922497204102,12.049288346599742], [-0.9462141818868666,3.143438759223086], [1.3366648609668677,4.079435541237553], [3.36270222676931,8.735654709207758]","TLDLegitimateProb, NoOfLettersInURL, NoOfDegitsInURL, NoOfOtherSpecialCharsInURL, IsHTTPS, HasTitle, Robots, LineOfCode_log, NoOfCSS_log, NoOfJS_log, NoOfExternalRef_log",1.0,1.0,1.0,1,149.62271443781486,39982,39385,0.3235294117647059,0.0009396309428245797,41,41
"[-0.017359999999999987,0.7233100000000001], [-0.23598000000000005,0.23598000000000005], [-0.023444999999999994,0.13529500000000003], 1.0, [-19.0,19.0], 1.0, [0.5032892851220695,5.3656509976038045], [1.9454846253305749,5.278112611873064], [-1.9352187666444407,6.698173616015561]","LetterRatioInURL, DegitRatioInURL, SpacialCharRatioInURL, IsHTTPS, URLTitleMatchScore, HasDescription, URLLength_log, NoOfImage_log, NoOfExternalRef_log",1.0,0.9153050461492129,0.9824561403508771,1,122.19411136408604,39970,39385,0.2647058823529412,0.0007673792612308704,56,57
"[0.875,1.125], [-0.017359999999999987,1.037085470601629], 1.0, 0.0, 1.0, [1.4654821926312647,5.0507108834117], [1.8232874343984244,6.62772158459763], [1.3366648609668677,4.079435541237553], [0.9926561133363743,8.299671969071387], [2.5339244971307413,8.619495375896841]","CharContinuationRate, LetterRatioInURL, IsHTTPS, HasFavicon, IsResponsive, URLLength_log, NoOfImage_log, NoOfJS_log, NoOfSelfRef_log, NoOfExternalRef_log",1.0,1.0,1.0,1,174.2091861073641,39995,39391,0.29411764705882354,0.0010940340335744802,80,80
"[0.039335087500000004,0.0994614905], [-0.12654,0.23598000000000005], 1.0, 1.0, 0.0, [0.9062392838145867,3.293290922926462], [-0.9462141818868666,3.143438759223086]","URLCharProb, DegitRatioInURL, IsHTTPS, HasTitle, HasSubmitButton, NoOfImage_log, NoOfCSS_log",1.0,0.31296626091899915,0.7926829268292683,1,141.42956209384164,39982,39391,0.20588235294117646,0.000785232309928033,65,82
"[0.6511538459999999,1.041153846], 1.0, 0.0, 1.0, [0.40163520686549625,5.301522818683992], [-1.874797490865139,5.766617788975766]","CharContinuationRate, IsHTTPS, IsResponsive, HasCopyrightInfo, NoOfCSS_log, NoOfSelfRef_log",1.0,0.638865843993574,0.9142857142857143,1,111.02556725573214,39929,39397,0.17647058823529413,0.0006972407821239962,32,35
"[0.3686495055,0.6771646944999999], [0.0201486395,0.067901117], [-561.08,565.08], [0.03577999999999998,0.32158], 1.0, 1.0, [-22.0,35.0], [-30.5,30.5], 0.0, 0.0, [-384.8641946319832,208.26000000000002], [2.3450023258973975,6.7201966604091155], [-2.7182523202724584,2.5908342427596867], [-1.2416527940438218,1.9041516612559493]","TLDLegitimateProb, URLCharProb, NoOfDegitsInURL, DegitRatioInURL, IsHTTPS, HasTitle, DomainTitleMatchScore, URLTitleMatchScore, Robots, HasDescription, NoOfiFrame, URLLength_log, NoOfEmptyRef_log, NoOfExternalRef_log",0.0,1.0,1.0,1,157.76661963945097,39993,39401,0.4117647058823529,0.0009907746836104595,22,22
"[0.6799999999999997,47.32], 2.0, [0.29335,0.60465], 1.0, 0.0, [-1.8097432033809087,12.049288346599742], [1.6957102574214784,8.33884941620837], [-1.9284252175874599,4.504705907437867], [3.5343684292950943,8.455972923936761]","DomainLength, NoOfSubDomain, LetterRatioInURL, IsResponsive, HasCopyrightInfo, LineOfCode_log, NoOfImage_log, NoOfCSS_log, NoOfSelfRef_log",1.0,1.0,1.0,1,105.16,39776,39409,0.2647058823529412,0.000660405008148012,6,6
"[0.046469346999999994,0.0732076055], [-657.83,691.83], [-693.7950000000001,291.59499999999997], [-0.21888000000000002,0.09918], [-0.064025,0.194025], 1.0, 1.0, [-333.42,339.42], 0.0, [-0.6909504000509903,6.443249586077761], [3.8589328504135847,8.191108487814471]","URLCharProb, NoOfLettersInURL, NoOfDegitsInURL, DegitRatioInURL, SpacialCharRatioInURL, IsHTTPS, HasFavicon, NoOfiFrame, HasSocialNet, NoOfJS_log, NoOfSelfRef_log",1.0,1.0,1.0,1,137.7843029008384,39980,39409,0.3235294117647059,0.0008652856949400566,17,17
"[-17.799999999999997,64.69], [-746.6949999999999,758.6949999999999], [-0.10796500000000003,0.30991083406463593], 1.0, [67.5,132.5], 1.0, 1.0, [6.22470781923207,11.401871705706004], [2.120996458783553,6.034078429027886]","DomainLength, NoOfLettersInURL, SpacialCharRatioInURL, IsHTTPS, DomainTitleMatchScore, IsResponsive, HasCopyrightInfo, LargestLineLength_log, NoOfImage_log",1.0,1.0,1.0,2,179.33716021973368,39995,39410,0.2647058823529412,0.002252475442300391,146,146
"1.0, [-0.09918,0.23598000000000005], [-96.305,98.305], 1.0, 0.0, 0.0, [4.828605886608512,12.049288346599742], [0.40163520686549625,3.7572478764941755], [1.4973107796641787,13.237088941823018], [1.8543985209974485,8.619495375896841]","NoOfSubDomain, DegitRatioInURL, NoOfOtherSpecialCharsInURL, HasTitle, HasSocialNet, Pay, LineOfCode_log, NoOfCSS_log, NoOfSelfRef_log, NoOfExternalRef_log",1.0,1.0,1.0,1,131.0029212055566,39980,39410,0.29411764705882354,0.0008226986044709868,32,32
"[0.050593203,0.075720655], [-253.11591594563575,79.345], [-576.72,576.72], 0.0, 0.0, [-6.553118371851593,4.550180916229388]","URLCharProb, NoOfOtherSpecialCharsInURL, NoOfiFrame, HasSocialNet, Pay, LineOfCode_log",0.0,1.0,1.0,1,195.12779871593594,39993,39413,0.17647058823529413,0.001209903601260375,123,123
"[-17.799999999999997,45.8], [-0.04988106499999999,0.10699106499999998], [-1051.155,1077.155], [-0.14446905303960045,0.24624000000000001], [-161.67000000000002,167.67000000000002], 1.0, 1.0, 1.0, 0.0, [1.2053739308986744,5.3656509976038045], [5.628144225687774,9.345082400592137], [1.8232874343984244,5.278112611873064], [1.3667126673688355,8.455972923936761], [3.36270222676931,6.698173616015561]","DomainLength, TLDLegitimateProb, NoOfLettersInURL, DegitRatioInURL, NoOfOtherSpecialCharsInURL, IsHTTPS, HasTitle, IsResponsive, Pay, URLLength_log, LargestLineLength_log, NoOfImage_log, NoOfSelfRef_log, NoOfExternalRef_log",1.0,1.0,1.0,1,184.17995915316357,39911,39416,0.4117647058823529,0.0011566505080377093,28,28
"[0.29335,0.7233100000000001], [-281.54,281.54], [-0.023444999999999994,0.13529500000000003], 1.0, [-448.56000000000006,428.53000000000003], [5.478922497204102,12.049288346599742], [1.9454846253305749,5.570884523123128]","LetterRatioInURL, NoOfDegitsInURL, SpacialCharRatioInURL, HasDescription, NoOfiFrame, LineOfCode_log, NoOfImage_log",1.0,0.9765268686425543,0.995260663507109,1,170.7247023415962,39995,39416,0.20588235294117646,0.001015199233354425,210,211
"[0.428783822,0.6170303779999999], 0.0, [-0.0998,0.1738], 0.0, 0.0, 0.0, [-224.28000000000003,224.28000000000003], 1.0, [2.868530516392989,5.414402379450967], [-4.288690978366612,3.2402856071735804]","TLDLegitimateProb, NoOfSubDomain, DegitRatioInURL, HasFavicon, Robots, HasDescription, NoOfiFrame, HasSubmitButton, URLLength_log, NoOfSelfRef_log",0.0,1.0,1.0,1,130.0,39966,39423,0.29411764705882354,0.0008164002573149635,1,1
"[0.0201486395,0.089445659], 0.0, [-1616.03,1810.03], [-173.64,187.63], [-0.073085,0.16908499999999999], 0.0, 0.0, [-2.3529563388931676,6.99478027054553]","URLCharProb, NoOfSubDomain, NoOfLettersInURL, NoOfOtherSpecialCharsInURL, SpacialCharRatioInURL, HasDescription, HasSocialNet, LineOfCode_log",0.0,1.0,1.0,1,162.36431109189962,39966,39423,0.23529411764705882,0.0010196481950322587,30,30
"[-16.159999999999997,48.67], [0.046382011,0.069714645], 1.0, 1.0, 1.0, 1.0, [-257.33,271.33], 1.0, 0.0, [1.4654821926312647,5.428651795462068], [-0.9462141818868666,3.143438759223086], [0.9926561133363743,10.959644330393125]","DomainLength, URLCharProb, NoOfSubDomain, IsHTTPS, HasTitle, IsResponsive, NoOfiFrame, HasSocialNet, HasSubmitButton, URLLength_log, NoOfCSS_log, NoOfSelfRef_log",1.0,1.0,1.0,1,183.91447281482183,39982,39438,0.35294117647058826,0.0011187389642031433,38,38
"0.0, [-33.5,33.5], 0.0, 0.0, [-280.35,280.35], 0.0, [-2.71001516243399,4.8615066617032685], [1.028031013236534,9.656637490693088]","IsHTTPS, DomainTitleMatchScore, HasFavicon, HasDescription, NoOfiFrame, Pay, LineOfCode_log, LargestLineLength_log",0.0,1.0,1.0,1,203.63506158447518,39977,39441,0.23529411764705882,0.0012766856358269276,73,73
"[-0.07717500000000001,0.18922], [-30.5,32.636942675], 0.0, [-576.72,209.2566052125244], 0.0, 0.0, 0.0, [1.3209227566761232,5.94092630579458], [-2.888143090289487,2.888143090289487]","SpacialCharRatioInURL, URLTitleMatchScore, IsResponsive, NoOfiFrame, HasSocialNet, HasHiddenFields, HasCopyrightInfo, URLLength_log, NoOfEmptyRef_log",0.0,1.0,1.0,1,189.30738096643256,39977,39441,0.2647058823529412,0.0011642133075259987,126,126
"[-22.22,44.739999999999995], 1.0, [-1487.3899999999999,1523.3899999999999], [-0.09918,0.23598000000000005], [-0.10796500000000003,0.09553500000000001], 1.0, [-535.6700000000001,514.64], 0.0, 0.0, [4.645162333090265,12.049288346599742], [-0.8548401418244607,5.5028890596539295], [1.4973107796641787,13.237088941823018], [1.8543985209974485,8.619495375896841]","DomainLength, NoOfSubDomain, NoOfLettersInURL, DegitRatioInURL, SpacialCharRatioInURL, IsHTTPS, NoOfiFrame, HasSocialNet, Pay, LineOfCode_log, NoOfCSS_log, NoOfSelfRef_log, NoOfExternalRef_log",1.0,1.0,1.0,1,130.16296661497327,39980,39452,0.38235294117647056,0.0008174236879795629,30,30
"[-0.20862,0.267], [-253.11591594563575,79.345], 0.0, 0.0, 0.0, 0.0, 0.0, 0.0, [-2.71001516243399,4.8615066617032685], [-2.1457260568569807,2.8210590948273104], [-2.037710741290908,1.375454750371363]","DegitRatioInURL, NoOfOtherSpecialCharsInURL, HasTitle, HasFavicon, HasSocialNet, HasSubmitButton, Pay, HasCopyrightInfo, LineOfCode_log, NoOfImage_log, NoOfSelfRef_log",0.0,1.0,1.0,1,199.8729961784243,39977,39454,0.3235294117647059,0.0012471534130813924,71,71
"[12.09,61.91], [0.012960594673685797,0.089445659], 0.0, 0.0, [-1.162760260423762,4.550180916229388], [-1.2386706297996644,2.2119118389279717], [-1.9358252042263626,1.375454750371363]","DomainLength, URLCharProb, HasDescription, HasSocialNet, LineOfCode_log, NoOfJS_log, NoOfSelfRef_log",0.0,1.0,1.0,1,194.60562327630822,39993,39457,0.20588235294117646,0.0012058045227673403,154,154
"[0.32468673781725566,1.1752815479305077], [-0.07817500000000001,0.13529500000000003], 1.0, [72.5,127.5], 1.0, 1.0, [1.2053739308986744,7.900695201639832], [4.645162333090265,12.049288346599742], [3.8589328504135847,8.990889313462043]","CharContinuationRate, SpacialCharRatioInURL, IsHTTPS, URLTitleMatchScore, HasSocialNet, HasHiddenFields, URLLength_log, LineOfCode_log, NoOfSelfRef_log",1.0,1.0,1.0,1,184.32911081918564,39945,39461,0.2647058823529412,0.0011575871807955507,99,99
"[0.392180325,0.6536338749999999], 1.0, [-673.6850000000001,291.59499999999997], [-0.23598000000000005,0.23598000000000005], 1.0, 1.0, 0.0, [5.314761185516479,13.774232089941453], [-0.04893299209051527,6.137977867537361], [-0.6291840035146032,5.488037030813333], [1.8732927545424958,5.555852103006037]","TLDLegitimateProb, NoOfSubDomain, NoOfDegitsInURL, DegitRatioInURL, IsHTTPS, HasDescription, Pay, LargestLineLength_log, NoOfCSS_log, NoOfEmptyRef_log, NoOfExternalRef_log",1.0,1.0,1.0,1,186.40894632633936,39980,39461,0.3235294117647059,0.0011383205874403383,57,57
"[0.028062795499999998,0.056590232254901625], 1.0, [0.05971999999999997,0.4444898127822796], [-136.72000000000003,142.72000000000003], 1.0, 1.0, 0.0, 1.0, 0.0, 0.0, 0.0, [2.3327628505051305,8.878841282086865], [6.431960985197182,15.564791630868381], [-2.5691409501844573,4.794338478711517], [-1.8726705525965017,4.018335916053033], [-2.7182523202724584,2.208580010221372]","URLCharProb, NoOfSubDomain, DegitRatioInURL, NoOfOtherSpecialCharsInURL, HasTitle, HasFavicon, Robots, IsResponsive, HasDescription, HasSocialNet, HasCopyrightInfo, LineOfCode_log, LargestLineLength_log, NoOfCSS_log, NoOfJS_log, NoOfEmptyRef_log",0.0,1.0,1.0,1,126.4,39896,39469,0.47058823529411764,0.0007937922501893184,5,5
"[0.326666667,1.07], [-782.605,826.605], [-748.125,760.125], [0.03577999999999998,0.4444898127822796], 1.0, [-33.5,35.0], [-37.0,37.0], 0.0, 1.0, 0.0, [1.5316655808477422,5.422667445280858], [-4.288690978366612,1.375454750371363], [-0.3615224539386841,3.580398278806885]","CharContinuationRate, NoOfLettersInURL, NoOfDegitsInURL, DegitRatioInURL, HasTitle, DomainTitleMatchScore, URLTitleMatchScore, Robots, IsResponsive, HasCopyrightInfo, URLLength_log, NoOfSelfRef_log, NoOfExternalRef_log",0.0,1.0,1.0,1,161.67332630626848,39993,39469,0.38235294117647056,0.0010153088092107973,24,24
"[-281.54,281.54], [-0.14446905303960045,0.23598000000000005], [-0.023444999999999994,0.13529500000000003], 1.0, [5.478922497204102,12.049288346599742], [1.9454846253305749,5.570884523123128], [1.062667672201437,4.544070560803571], [2.1712576019268566,7.610443003536902], [2.2668617118816967,8.735654709207758]","NoOfDegitsInURL, DegitRatioInURL, SpacialCharRatioInURL, HasDescription, LineOfCode_log, NoOfImage_log, NoOfJS_log, NoOfSelfRef_log, NoOfExternalRef_log",1.0,1.0,1.0,1,178.27316152591564,39995,39475,0.2647058823529412,0.001074454656627597,166,166
"[-3.789999999999999,41.79], [0.012960594673685797,0.089445659], [-0.07717500000000001,0.16416000000000003], [-33.5,35.0], 0.0, 0.0, [-2.71001516243399,4.550180916229388], [-2.1457260568569807,1.638034313125535], [-2.037710741290908,1.375454750371363], [-3.082784162788201,3.8983752453311213]","DomainLength, URLCharProb, SpacialCharRatioInURL, DomainTitleMatchScore, HasDescription, HasSocialNet, LineOfCode_log, NoOfImage_log, NoOfSelfRef_log, NoOfExternalRef_log",0.0,1.0,1.0,2,199.578960440951,39993,39477,0.29411764705882354,0.002489690463629458,111,111
"[0.3615400000000001,1.072706952383665], [-114.75999999999999,124.75999999999999], [-0.0457318556478929,0.141175], 0.0, 0.0, [-0.5322093359065256,2.8210590948273104], [-3.932358597221108,3.932358597221108]","LetterRatioInURL, NoOfOtherSpecialCharsInURL, SpacialCharRatioInURL, HasFavicon, IsResponsive, NoOfImage_log, NoOfCSS_log",0.0,0.7418589312431997,0.9420289855072463,1,185.32023175995153,39977,39477,0.20588235294117646,0.0011329141763901883,130,138
"[0.012960594673685797,0.089445659], [-125.245,129.245], [-33.5,35.0], 0.0, 0.0, [-2.71001516243399,4.550180916229388], [-0.6718814137113339,1.638034313125535], [-2.037710741290908,1.375454750371363], [-3.082784162788201,3.8983752453311213]","URLCharProb, NoOfOtherSpecialCharsInURL, DomainTitleMatchScore, HasDescription, HasSocialNet, LineOfCode_log, NoOfImage_log, NoOfSelfRef_log, NoOfExternalRef_log",0.0,1.0,1.0,1,199.36411945494996,39993,39478,0.2647058823529412,0.0012431587295430651,125,125
"[-3.789999999999999,41.79], 0.0, [-0.2565,0.2565], [-0.07717500000000001,0.21988999999999997], [82.0,118.0], 0.0, 0.0, [-576.72,576.72], 0.0, [-2.1457260568569807,2.0581757748312244], [-3.932358597221108,3.932358597221108]","DomainLength, NoOfSubDomain, DegitRatioInURL, SpacialCharRatioInURL, URLTitleMatchScore, HasFavicon, HasDescription, NoOfiFrame, HasSocialNet, NoOfImage_log, NoOfCSS_log",0.0,1.0,1.0,1,156.528,39966,39478,0.3235294117647059,0.0009829961498230508,8,8
"[10.68,57.32], 1.0, [-301.38,600.75], 0.0, 1.0, [2.768926422293755,12.049288346599742], [1.2859169356868811,13.237088941823018]","DomainLength, IsHTTPS, NoOfiFrame, HasSubmitButton, HasCopyrightInfo, LineOfCode_log, NoOfSelfRef_log",1.0,1.0,1.0,1,156.11318654567987,39980,39485,0.20588235294117646,0.0009004987982049275,63,63
"[0.036053367499999996,0.0930480145], [-173.65,70.86000000000001], [-0.10796500000000003,0.151235], 1.0, 1.0, [73.0,127.0], 1.0, [-420.53000000000003,307.38], 1.0, 1.0, [3.555313754143808,8.997973224539482], [2.221134581289741,5.795517030570231]","URLCharProb, NoOfOtherSpecialCharsInURL, SpacialCharRatioInURL, IsHTTPS, HasTitle, DomainTitleMatchScore, IsResponsive, NoOfiFrame, HasSocialNet, HasCopyrightInfo, LargestLineLength_log, NoOfImage_log",1.0,1.0,1.0,1,202.59519983456704,39995,39485,0.35294117647058826,0.0012653827175276681,69,69
"[-1051.155,1077.155], [0.25479999999999997,0.7233100000000001], [-0.11628000000000002,0.11628000000000002], 1.0, 1.0, 1.0, 1.0, [2.1712576019268566,8.299671969071387]","NoOfLettersInURL, LetterRatioInURL, DegitRatioInURL, IsHTTPS, HasTitle, HasSocialNet, HasCopyrightInfo, NoOfSelfRef_log",1.0,1.0,1.0,1,169.12510750257064,39997,39491,0.23529411764705882,0.0010026424099103851,174,174
"1.0, 1.0, 1.0, [85.0,115.0], 1.0, [-0.6909504000509903,6.443249586077761], [3.8589328504135847,8.990889313462043], [1.8732927545424958,8.619495375896841]","NoOfSubDomain, IsHTTPS, HasTitle, URLTitleMatchScore, HasSocialNet, NoOfJS_log, NoOfSelfRef_log, NoOfExternalRef_log",1.0,1.0,1.0,1,182.04106471437936,39967,39504,0.23529411764705882,0.0011040327059795166,123,123
"[-1256.795,1286.795], [-352.52512190696683,189.125], [-0.023175000000000015,0.23219], 0.0, 0.0, 0.0, [0.8890316598906236,10.682106423750714], [-2.0865407593881695,4.018335916053033], [-4.288690978366612,1.5792258245004538]","NoOfLettersInURL, NoOfOtherSpecialCharsInURL, SpacialCharRatioInURL, Robots, HasDescription, HasSocialNet, LineOfCode_log, NoOfJS_log, NoOfSelfRef_log",0.0,1.0,1.0,1,191.87328234492483,39993,39507,0.2647058823529412,0.001184355639695671,199,199
"[0.0201486395,0.067901117], [0.5468707019068413,1.0834700000000002], 1.0, [-27.364896871389046,30.5], 0.0, [-208.26000000000002,208.26000000000002], 0.0, [0.8890316598906236,10.682106423750714], [-4.288690978366612,1.5792258245004538], [-1.718273139914735,4.014241516283603]","URLCharProb, LetterRatioInURL, IsHTTPS, URLTitleMatchScore, HasDescription, NoOfiFrame, HasSocialNet, LineOfCode_log, NoOfSelfRef_log, NoOfExternalRef_log",0.0,1.0,1.0,1,179.26492318657552,39993,39507,0.29411764705882354,0.00112578407243898,70,70
"[-0.092596543,0.11401011615230505], [-0.017359999999999987,0.60465], [-0.026475000000000012,0.147175], 1.0, [-33.0,33.0], [4.803415297737883,11.401871705706004], [-1.6138365298097712,2.678503370169185], [1.3366648609668677,4.079435541237553], [5.7861512477656705,8.455972923936761], [-0.8828668448252408,1.3166534676319719]","TLDLegitimateProb, LetterRatioInURL, SpacialCharRatioInURL, HasTitle, URLTitleMatchScore, LargestLineLength_log, NoOfCSS_log, NoOfJS_log, NoOfSelfRef_log, NoOfEmptyRef_log",1.0,1.0,1.0,1,137.5,39508,39508,0.29411764705882354,0.0008635002721600575,2,2
"[0.3615400000000001,0.8679800000000001], [-30.5,20.5], 0.0, 0.0, 0.0, [-2.3529563388931676,4.550180916229388], [-4.050230870053159,3.932358597221108], [-1.8211113387168132,3.008200100942042], [-3.056566111936362,1.5792258245004538], [-3.1854519378192867,3.1854519378192867]","LetterRatioInURL, URLTitleMatchScore, HasFavicon, HasSocialNet, HasHiddenFields, LineOfCode_log, NoOfCSS_log, NoOfJS_log, NoOfSelfRef_log, NoOfEmptyRef_log",0.0,1.0,1.0,1,203.58388886185728,39993,39512,0.29411764705882354,0.0012762839298277665,98,98
"[0.5325,0.8425], [0.43662742849999997,0.6091867715], [0.012960594673685797,0.089445659], [-1616.03,1518.3899999999999], [-0.22914000000000004,0.22914000000000004], 1.0, [-576.72,576.72], 0.0, 0.0, [-6.553118371851593,4.8615066617032685], [-2.1457260568569807,1.638034313125535], [-2.2045689329976206,4.401793510333841]","CharContinuationRate, TLDLegitimateProb, URLCharProb, NoOfLettersInURL, DegitRatioInURL, Robots, NoOfiFrame, HasSocialNet, HasCopyrightInfo, LineOfCode_log, NoOfImage_log, NoOfCSS_log",0.0,0.1,1.0,1,165.48640789395216,39512,39512,0.35294117647058826,0.001039254969128858,0,0
"[0.32468673781725566,1.1752815479305077], [0.014863705500000001,0.0731952905], 1.0, [-623.41,653.575], [-0.006324999999999997,0.112475], 1.0, 1.0, [-1314.4337642041348,537.6700000000001], 1.0, [4.645162333090265,12.049288346599742], [2.221134581289741,5.570884523123128], [-1.5114436812668968,3.708668258603116], [1.2859169356868811,7.610443003536902], [-2.420943472742658,3.793653733370718]","CharContinuationRate, URLCharProb, NoOfSubDomain, NoOfDegitsInURL, SpacialCharRatioInURL, IsHTTPS, IsResponsive, NoOfiFrame, HasCopyrightInfo, LineOfCode_log, NoOfImage_log, NoOfJS_log, NoOfSelfRef_log, NoOfEmptyRef_log",1.0,1.0,1.0,1,180.27079667024236,39995,39515,0.4117647058823529,0.0010901360974530754,120,120
"[3.1599999999999984,32.84], [-0.23598000000000005,0.23598000000000005], 1.0, 1.0, [75.0,115.0], 0.0, 1.0, [1.4120726386451175,5.3656509976038045], [3.4157153794520694,13.145102511196534], [-0.5870164357837792,7.236939336887557]","DomainLength, DegitRatioInURL, IsHTTPS, HasTitle, URLTitleMatchScore, Robots, HasCopyrightInfo, URLLength_log, LargestLineLength_log, NoOfExternalRef_log",1.0,0.8980486590667307,0.9787234042553191,1,169.2310927431035,39995,39515,0.29411764705882354,0.0010034743943107948,92,94
"[0.875,1.125], [-0.017359999999999987,0.84262], 1.0, [73.0,117.0], [75.0,125.0], 0.0, 1.0, [1.8232874343984244,6.62772158459763], [2.0050574068184206,4.659351613531987], [0.9926561133363743,16.36355680326171], [2.5339244971307413,8.619495375896841]","CharContinuationRate, LetterRatioInURL, IsHTTPS, DomainTitleMatchScore, URLTitleMatchScore, HasFavicon, IsResponsive, NoOfImage_log, NoOfJS_log, NoOfSelfRef_log, NoOfExternalRef_log",1.0,1.0,1.0,1,174.31841158793551,39995,39520,0.3235294117647059,0.0010947199698086636,46,46
"[0.15737999999999996,1.037085470601629], [-623.41,898.5964547215442], [-96.305,98.305], 1.0, 0.0, 1.0, [1.4654821926312647,5.0507108834117], [4.310294372871142,12.049288346599742], [1.3366648609668677,4.079435541237553]","LetterRatioInURL, NoOfDegitsInURL, NoOfOtherSpecialCharsInURL, IsHTTPS, HasFavicon, Robots, URLLength_log, LineOfCode_log, NoOfJS_log",1.0,0.9039207967999999,0.98,1,141.18558979241857,39945,39520,0.2647058823529412,0.0008866457833515031,49,50
"[0.274444444,0.614444444], [-0.08721912118904873,0.98854], [-0.14314000000000004,0.34256000000000003], [-0.07717500000000001,0.203385], 0.0, 0.0, [2.3467560948994017,6.843483605369778], [-2.71001516243399,4.550180916229388], [-2.1457260568569807,1.638034313125535]","CharContinuationRate, LetterRatioInURL, DegitRatioInURL, SpacialCharRatioInURL, HasSocialNet, Pay, URLLength_log, LineOfCode_log, NoOfImage_log",0.0,1.0,1.0,1,202.11555142375795,39993,39532,0.2647058823529412,0.0012692860629977825,44,44
"[0.34511868599999995,0.700695514], [0.0241321075,0.0519517865], 0.0, 0.0, 0.0, 0.0, [-2.71001516243399,4.851464508326278], [-1.71038221337927,4.4829709356190515], [-3.4641082601945437,3.4641082601945437]","TLDLegitimateProb, URLCharProb, Robots, HasDescription, HasSocialNet, HasHiddenFields, LineOfCode_log, NoOfJS_log, NoOfSelfRef_log",0.0,1.0,1.0,1,167.04159517081604,39867,39532,0.2647058823529412,0.0010490215483058168,17,17
"1.0, [6.180300686521298,12.049288346599742], [5.340275076089389,13.106304192595584], [-1.4391259481050904,4.658001772973291], [-1.9284252175874599,3.7572478764941755], [-0.6909504000509903,6.443249586077761], [-2.420943472742658,2.420943472742658], [1.8732927545424958,8.619495375896841]","IsHTTPS, LineOfCode_log, LargestLineLength_log, NoOfImage_log, NoOfCSS_log, NoOfJS_log, NoOfEmptyRef_log, NoOfExternalRef_log",1.0,0.9698817374354842,0.9939024390243902,1,174.9543359445017,39995,39542,0.23529411764705882,0.001048401867602118,163,164
"[-1265.795,1277.795], [0.23608999999999997,0.60465], [-168.66000000000003,170.66000000000003], [5.478922497204102,10.657923183718385], [-1.4391259481050904,4.658001772973291], [-1.9284252175874599,3.7572478764941755]","NoOfLettersInURL, LetterRatioInURL, NoOfOtherSpecialCharsInURL, LineOfCode_log, NoOfImage_log, NoOfCSS_log",1.0,0.8368287006031249,0.965,1,158.20608506828535,39997,39542,0.17647058823529413,0.0009169280567855931,193,200
"[-1447.4350000000002,1511.4350000000002], [-208.26000000000002,209.2566052125244], 0.0, 0.0","NoOfLettersInURL, NoOfiFrame, HasSocialNet, Pay",0.0,0.44012513773850453,0.8486238532110092,1,171.69809906120827,39993,39546,0.11764705882352941,0.0010259804010014136,185,218
"[-3.030000000000001,44.739999999999995], 1.0, [-96.305,98.305], [-0.07817500000000001,0.13529500000000003], 1.0, 1.0, 1.0, 0.0, [1.2053739308986744,7.900695201639832], [1.8732927545424958,5.555852103006037]","DomainLength, NoOfSubDomain, NoOfOtherSpecialCharsInURL, SpacialCharRatioInURL, IsHTTPS, HasDescription, HasSocialNet, Pay, URLLength_log, NoOfExternalRef_log",1.0,1.0,1.0,1,186.1630659692402,39929,39550,0.29411764705882354,0.001136390426028757,67,67
"[-1304.6750897110342,1518.3899999999999], [0.46573,0.73427], 0.0, 1.0, 0.0, 1.0, [-408.51,408.51], 1.0","NoOfLettersInURL, LetterRatioInURL, IsHTTPS, HasTitle, HasFavicon, HasDescription, NoOfiFrame, HasSocialNet",0.0,0.1,1.0,1,40.5,39554,39554,0.23529411764705882,0.00025434008016350787,0,0
"[12.75,42.019999999999996], [0.41832568,0.62748852], 1.0, [-173.65,175.65], [-0.07817500000000001,0.149927393695798], 1.0, 1.0, 1.0, 0.0, [1.2053739308986744,5.3656509976038045], [7.613411533741764,12.049288346599742], [1.2859169356868811,8.455972923936761], [2.102643794097591,8.735654709207758]","DomainLength, TLDLegitimateProb, NoOfSubDomain, NoOfOtherSpecialCharsInURL, SpacialCharRatioInURL, IsHTTPS, HasTitle, IsResponsive, HasSocialNet, URLLength_log, LineOfCode_log, NoOfSelfRef_log, NoOfExternalRef_log",1.0,0.1,1.0,1,187.54409584279136,39559,39559,0.38235294117647056,0.0011777772931073618,0,0
"[0.37785714299999995,0.907857143], [-0.07108000000000003,0.31514000000000003], [-0.07717500000000001,0.203385], 1.0, 0.0, [-576.72,448.56000000000006], [1.3209227566761232,5.94092630579458], [-2.1457260568569807,6.044296134093182], [-1.2386706297996644,3.008200100942042]","CharContinuationRate, DegitRatioInURL, SpacialCharRatioInURL, HasTitle, HasDescription, NoOfiFrame, URLLength_log, NoOfImage_log, NoOfJS_log",0.0,0.3504270747052985,0.8108108108108109,1,155.15710620386582,39993,39560,0.2647058823529412,0.0009743869340698553,60,74
"[0.012960594673685797,0.06166550999999999], 1.0, [-23.0,23.0], 0.0, 1.0, [-2.3529563388931676,4.550180916229388], [2.279898015130974,11.0412522845484], [-2.593554329115431,3.878213900526264]","URLCharProb, HasTitle, URLTitleMatchScore, HasSocialNet, HasHiddenFields, LineOfCode_log, LargestLineLength_log, NoOfImage_log",0.0,0.1,1.0,1,166.8838245992315,39566,39566,0.23529411764705882,0.0010480307488039834,0,0
"[-1616.03,1810.03], [-0.07134000000000001,0.31514000000000003], [-156.16500000000002,178.16500000000002], [-0.07717500000000001,0.18922], 0.0, 0.0, [1.3209227566761232,5.94092630579458], [-1.2386706297996644,3.008200100942042], [-1.6564350076660292,1.4015988526404863]","NoOfLettersInURL, DegitRatioInURL, NoOfOtherSpecialCharsInURL, SpacialCharRatioInURL, IsHTTPS, Pay, URLLength_log, NoOfJS_log, NoOfEmptyRef_log",0.0,1.0,1.0,1,193.29111688544927,39977,39574,0.2647058823529412,0.001195485644346769,81,81
"[0.875,1.125], [-0.017359999999999987,0.84262], [-80.33500000000001,84.33500000000001], 1.0, [73.0,117.0], [75.0,125.0], 0.0, 1.0, [2.5339244971307413,8.619495375896841]","CharContinuationRate, LetterRatioInURL, NoOfOtherSpecialCharsInURL, IsHTTPS, DomainTitleMatchScore, URLTitleMatchScore, HasFavicon, IsResponsive, NoOfExternalRef_log",1.0,1.0,1.0,1,173.1736502840046,39995,39592,0.2647058823529412,0.0010875308665540988,52,52
"[0.037038199,0.08729310300000001], 1.0, [-2.395281261287323,6.62772158459763], [2.0050574068184206,4.659351613531987], [0.9926561133363743,16.36355680326171]","URLCharProb, IsHTTPS, NoOfImage_log, NoOfJS_log, NoOfSelfRef_log",1.0,0.9728277142170974,0.9945054945054945,1,155.79244878148532,39997,39592,0.14705882352941177,0.0008979810059624364,181,182
"[-1117.02,1286.795], 0.0, 0.0, 0.0, 0.0, [-1.5729434388884431,1.5729434388884431]","NoOfLettersInURL, HasDescription, HasSocialNet, HasSubmitButton, HasHiddenFields, NoOfCSS_log",0.0,0.8973516328204021,0.9785714285714285,1,197.24474424974983,39993,39598,0.17647058823529413,0.0012265216289385234,137,140
"1.0, [62.5,137.5], [1.3366648609668677,4.079435541237553], [1.7315274776767642,8.990889313462043], [0.09851581523889585,3.411814408767584]","NoOfSubDomain, URLTitleMatchScore, NoOfJS_log, NoOfSelfRef_log, NoOfExternalRef_log",1.0,1.0,1.0,1,162.15719680492606,39995,39601,0.14705882352941177,0.001018347516900114,57,57
"1.0, [-1204.1734215505207,291.59499999999997], [-86.325,88.325], 1.0, 1.0, 1.0, [-448.56000000000006,514.64], 0.0, 1.0, [-1.404110737957979,2.7904050990778697]","NoOfSubDomain, NoOfDegitsInURL, NoOfOtherSpecialCharsInURL, IsHTTPS, HasTitle, HasFavicon, NoOfiFrame, HasSocialNet, HasSubmitButton, NoOfCSS_log",1.0,0.5549289573066435,0.8888888888888888,1,129.65856,39970,39601,0.29411764705882354,0.0008142560134391356,8,9
"[-1265.795,1277.795], [0.23608999999999997,0.7233100000000001], [-168.66000000000003,170.66000000000003], [-0.07817500000000001,0.11946], 1.0, [-23.5,23.5], 0.0, 1.0, [-1.4391259481050904,4.658001772973291], [-1.9284252175874599,3.7572478764941755]","NoOfLettersInURL, LetterRatioInURL, NoOfOtherSpecialCharsInURL, SpacialCharRatioInURL, HasTitle, DomainTitleMatchScore, IsResponsive, HasSocialNet, NoOfImage_log, NoOfCSS_log",1.0,1.0,1.0,1,112.6,39904,39604,0.29411764705882354,0.0007071282228743453,5,5
"[0.23608999999999997,0.60465], [-0.12654,0.23598000000000005], [-19.5,19.5], 1.0, 1.0, [1.2053739308986744,5.3656509976038045], [5.478922497204102,10.657923183718385], [0.0022286676066776145,5.778514848185651]","LetterRatioInURL, DegitRatioInURL, DomainTitleMatchScore, Pay, HasCopyrightInfo, URLLength_log, LineOfCode_log, NoOfEmptyRef_log",1.0,1.0,1.0,1,150.3057536,39901,39604,0.23529411764705882,0.0009439204301150731,11,11
"[-1616.03,1810.03], [-0.08721912118904873,0.9982500000000001], 0.0, 0.0, 0.0, 0.0, [-0.1639378322055447,8.0664252693684]","NoOfLettersInURL, LetterRatioInURL, IsHTTPS, HasFavicon, HasSocialNet, HasHiddenFields, LargestLineLength_log",0.0,1.0,1.0,1,193.3161833743246,39977,39611,0.20588235294117646,0.0011956824163464593,69,69
"[0.015399972499999998,0.0701419215], [-0.08721912118904873,0.9982500000000001], 0.0, 0.0, 0.0, [-1.2386706297996644,1.2386706297996644], [-1.6564350076660292,1.4015988526404863]","URLCharProb, LetterRatioInURL, IsHTTPS, HasFavicon, HasSocialNet, NoOfJS_log, NoOfEmptyRef_log",0.0,1.0,1.0,1,190.31547219303715,39977,39611,0.20588235294117646,0.0011721268261490462,66,66
"1.0, 1.0, [67.5,130.5], 0.0, [4.988545889051416,10.657923183718385], [-1.9284252175874599,3.7572478764941755], [-0.6909504000509903,6.443249586077761], [-2.420943472742658,2.420943472742658], [1.8732927545424958,8.619495375896841]","NoOfSubDomain, HasTitle, DomainTitleMatchScore, HasSocialNet, LineOfCode_log, NoOfCSS_log, NoOfJS_log, NoOfEmptyRef_log, NoOfExternalRef_log",1.0,1.0,1.0,1,133.13472450935916,39980,39612,0.2647058823529412,0.0008360863334384431,28,28
"[-1616.03,1810.03], [-576.72,448.56000000000006], 0.0, 0.0, [-3.932358597221108,3.932358597221108], [-1.2386706297996644,1.2386706297996644]","NoOfLettersInURL, NoOfiFrame, HasSocialNet, HasHiddenFields, NoOfCSS_log, NoOfJS_log",0.0,0.9275678005742024,0.9850746268656716,1,189.97631150322854,39977,39619,0.17647058823529413,0.0011694644138949032,132,134
"[-15.159999999999997,80.16], [-0.08721912118904873,0.9982500000000001], 0.0, 0.0, 0.0, 0.0, [-2.71001516243399,4.550180916229388], [-0.1639378322055447,8.0664252693684], [-1.9358252042263626,1.375454750371363], [-2.335998087734144,2.208580010221372]","DomainLength, LetterRatioInURL, IsHTTPS, HasFavicon, Robots, HasSocialNet, LineOfCode_log, LargestLineLength_log, NoOfSelfRef_log, NoOfEmptyRef_log",0.0,1.0,1.0,1,193.7035738155525,39977,39619,0.29411764705882354,0.0011987234322685728,66,66
"[-156.175,79.345], 1.0, 0.0, 0.0, [5.352259797623745,12.653388355471598], [-2.1457260568569807,1.638034313125535], [-3.932358597221108,3.932358597221108]","NoOfOtherSpecialCharsInURL, HasFavicon, HasSocialNet, HasHiddenFields, LargestLineLength_log, NoOfImage_log, NoOfCSS_log",0.0,0.16806999999999994,0.7,1,136.67136,39924,39620,0.20588235294117646,0.0008582964113198924,7,10
"1.0, [-1051.155,917.4250000000001], [-0.18468000000000004,0.18468000000000004], 1.0, 1.0, [67.5,132.5], [4.645162333090265,12.049288346599742], [1.9454846253305749,5.570884523123128], [0.40163520686549625,3.7572478764941755], [1.2859169356868811,8.455972923936761], [0.5175786941003402,3.0659402443557697]","NoOfSubDomain, NoOfLettersInURL, DegitRatioInURL, IsHTTPS, HasTitle, DomainTitleMatchScore, LineOfCode_log, NoOfImage_log, NoOfCSS_log, NoOfSelfRef_log, NoOfEmptyRef_log",1.0,1.0,1.0,1,188.03721741345623,39945,39621,0.3235294117647059,0.0011511025195028452,63,63
"[0.41832568,0.62748852], [-138.72000000000003,98.305], [-0.07817500000000001,0.149927393695798], 1.0, 1.0, [-535.6700000000001,377.47], [2.663643250695316,9.388088696955313], [-0.28995751949659043,6.178835477829471]","TLDLegitimateProb, NoOfOtherSpecialCharsInURL, SpacialCharRatioInURL, IsHTTPS, HasTitle, NoOfiFrame, NoOfSelfRef_log, NoOfExternalRef_log",1.0,1.0,1.0,1,166.90952071836878,39995,39621,0.23529411764705882,0.0009852500481726347,101,101
"[-0.13885892999999996,0.17488532999999998], 1.0, 1.0, 1.0, [75.0,115.0], 1.0, [-535.6700000000001,603.75], [1.9454846253305749,5.570884523123128], [-1.404110737957979,2.7904050990778697], [0.04643501728751476,4.5587351687005775]","TLDLegitimateProb, NoOfSubDomain, IsHTTPS, HasTitle, URLTitleMatchScore, HasFavicon, NoOfiFrame, NoOfImage_log, NoOfCSS_log, NoOfJS_log",1.0,1.0,1.0,1,180.233144262656,39795,39632,0.29411764705882354,0.00113186450271321,16,16
"1.0, [-0.017359999999999987,0.85869], [-0.23598000000000005,0.18468000000000004], 1.0, [-448.56000000000006,162.8696806890419], 0.0, [1.7315274776767642,8.299671969071387]","NoOfSubDomain, LetterRatioInURL, DegitRatioInURL, HasTitle, NoOfiFrame, HasHiddenFields, NoOfSelfRef_log",1.0,1.0,1.0,2,161.35291761788108,39995,39632,0.20588235294117646,0.001883261400171514,65,65
"[-40.88387927227646,80.69], [-1879.715,1909.715], [-33.5,35.0], [-30.5,32.636942675], 0.0, [1.821662385857449,11.512251199000964], [-5.925585524048861,1.5792258245004538], [-3.1854519378192867,3.1854519378192867]","DomainLength, NoOfLettersInURL, DomainTitleMatchScore, URLTitleMatchScore, HasSocialNet, LargestLineLength_log, NoOfSelfRef_log, NoOfEmptyRef_log",0.0,1.0,1.0,1,189.2166247434498,39993,39633,0.23529411764705882,0.0011635008709510368,118,118
"[0.32468673781725566,1.255], [0.014863705500000001,0.0731952905], [-683.74,683.74], [-0.12654,0.26258000000000004], 1.0, 1.0, 1.0, 1.0, [2.5362545162627113,4.055419215745947], [-1.9284252175874599,3.7572478764941755], [1.2859169356868811,7.473278518347058], [-0.609922186580196,3.3825109088199774], [2.5339244971307413,8.619495375896841]","CharContinuationRate, URLCharProb, NoOfDegitsInURL, DegitRatioInURL, IsHTTPS, HasTitle, HasDescription, HasSocialNet, URLLength_log, NoOfCSS_log, NoOfSelfRef_log, NoOfEmptyRef_log, NoOfExternalRef_log",1.0,1.0,1.0,1,176.00419398676004,39995,39645,0.38235294117647056,0.0010566432558313861,114,114
"1.0, 1.0, [-36.0,36.0], [-448.56000000000006,213.26000000000002], 1.0, 1.0, [5.478922497204102,13.496291150257541], [2.221134581289741,5.570884523123128], [3.4537786065878815,8.038627774492424], [1.9748827059141054,9.555499499655584]","NoOfSubDomain, IsHTTPS, DomainTitleMatchScore, NoOfiFrame, HasSocialNet, HasHiddenFields, LineOfCode_log, NoOfImage_log, NoOfSelfRef_log, NoOfExternalRef_log",1.0,1.0,1.0,1,156.2341504,39901,39645,0.29411764705882354,0.0009811507737534208,12,12
"[-0.10046488449999999,0.1034688845], [-253.11591594563575,79.345], 0.0, 0.0, [-392.49,392.49], 0.0, 0.0, 0.0, [-1.2386706297996644,2.7870089170492442]","TLDLegitimateProb, NoOfOtherSpecialCharsInURL, HasTitle, HasFavicon, NoOfiFrame, HasSocialNet, HasSubmitButton, HasCopyrightInfo, NoOfJS_log",0.0,1.0,1.0,1,196.23100582048562,39949,39647,0.2647058823529412,0.0012323311049616812,19,19
"[0.044275614000000005,0.069403066], [-0.20862,0.267], 0.0, 0.0, 0.0, [-2.71001516243399,4.8615066617032685], [-2.8210590948273104,2.8210590948273104], [-3.7750642533322636,3.7750642533322636], [-2.037710741290908,1.375454750371363], [-3.082784162788201,2.1587330940166307]","URLCharProb, DegitRatioInURL, HasFavicon, HasSubmitButton, HasCopyrightInfo, LineOfCode_log, NoOfImage_log, NoOfCSS_log, NoOfSelfRef_log, NoOfExternalRef_log",0.0,1.0,1.0,1,196.80974846315777,39993,39647,0.29411764705882354,0.0012231069109375169,76,76
"[0.0201486395,0.067901117], [0.44453,1.0834700000000002], [0.03577999999999998,0.30178000000000005], [-21.0,21.0], 0.0, [-576.72,209.2566052125244], 0.0, [-6.553118371851593,10.682106423750714], [-1.1309344153083127,3.328158992644532], [-2.4452528895490895,2.4452528895490895], [-2.7607250127767156,2.7182523202724584]","URLCharProb, LetterRatioInURL, DegitRatioInURL, URLTitleMatchScore, HasDescription, NoOfiFrame, HasSocialNet, LineOfCode_log, NoOfImage_log, NoOfSelfRef_log, NoOfEmptyRef_log",0.0,1.0,1.0,1,182.1810906378965,39993,39649,0.3235294117647059,0.0011440976098053798,46,46
"[-1117.02,1286.795], [-298.65,304.65], [-352.52512190696683,189.125], [-0.023175000000000015,0.224385], [-16.5,35.0], [-27.364896871389046,30.5], 0.0, 0.0, [-2.411550516545927,6.226299946662685]","NoOfLettersInURL, NoOfDegitsInURL, NoOfOtherSpecialCharsInURL, SpacialCharRatioInURL, DomainTitleMatchScore, URLTitleMatchScore, HasDescription, HasSocialNet, NoOfImage_log",0.0,0.8068437695361067,0.957983193277311,1,187.03362640348436,39993,39649,0.2647058823529412,0.001146364328581172,114,119
"[0.0201486395,0.067901117], 1.0, [-0.08721912118904873,1.05606], 0.0, 0.0, [-208.26000000000002,576.72], 0.0, 0.0, [1.886407014911672,6.562591763534959], [-1.718273139914735,4.014241516283603]","URLCharProb, NoOfSubDomain, LetterRatioInURL, Robots, HasDescription, NoOfiFrame, HasSocialNet, HasSubmitButton, LineOfCode_log, NoOfExternalRef_log",0.0,0.8250334036957209,0.9622641509433962,1,184.98834501345658,39993,39653,0.29411764705882354,0.0011617271728404247,51,53
"[0.47500000000000003,0.885], [-283.957214011989,185.63], [0.075435,0.190565], 0.0, [-576.72,208.26000000000002], 0.0, 1.0, 0.0, [-4.288690978366612,2.4452528895490895], [-1.2416527940438218,1.718273139914735]","CharContinuationRate, NoOfOtherSpecialCharsInURL, SpacialCharRatioInURL, HasDescription, NoOfiFrame, HasSocialNet, HasHiddenFields, HasCopyrightInfo, NoOfSelfRef_log, NoOfExternalRef_log",0.0,1.0,1.0,1,115.0784,39935,39653,0.29411764705882354,0.0007226925797799562,8,8
"[-4.32,42.32], [-1265.795,1277.795], 1.0, 1.0, 1.0, [5.445730577466069,13.106304192595584], [3.8589328504135847,8.990889313462043], [1.8732927545424958,8.619495375896841]","DomainLength, NoOfLettersInURL, IsHTTPS, Robots, HasSocialNet, LargestLineLength_log, NoOfSelfRef_log, NoOfExternalRef_log",1.0,1.0,1.0,1,162.87816232094718,39982,39658,0.23529411764705882,0.0010228751817677668,55,55
"[-4.789999999999999,40.79], [-0.07391999999999999,0.23219], 0.0, [2.6077134802448567,4.912135797637768]","DomainLength, SpacialCharRatioInURL, IsHTTPS, URLLength_log",0.0,1.0,1.0,1,192.93815759224796,39977,39665,0.11764705882352941,0.001192714913021853,56,56
"[0.015399972499999998,0.0701419215], 1.0, [0.2561599999999999,0.88584], [-139.70999999999998,185.63], 0.0, 0.0, [-296.37,272.34000000000003], 0.0, [-2.71001516243399,4.995421933929881], [1.028031013236534,9.656637490693088], [-3.082784162788201,2.1587330940166307]","URLCharProb, NoOfSubDomain, LetterRatioInURL, NoOfOtherSpecialCharsInURL, IsHTTPS, HasFavicon, NoOfiFrame, HasSocialNet, LineOfCode_log, LargestLineLength_log, NoOfExternalRef_log",0.0,1.0,1.0,1,191.44780728151613,39977,39680,0.3235294117647059,0.0012022926086693486,39,39
"[-13.04,59.04], [0.38283,0.92917], 0.0, [-3.0940648136815665,3.0940648136815665], [-1.718273139914735,2.1587330940166307]","DomainLength, LetterRatioInURL, IsHTTPS, NoOfImage_log, NoOfExternalRef_log",0.0,1.0,1.0,1,190.482283767836,39977,39680,0.14705882352941177,0.0011734362974239396,57,57
"[-16.159999999999997,48.67], 1.0, [-673.6850000000001,392.14500000000004], 1.0, [66.5,133.5], [-257.33,271.33], 1.0, [1.9768125311432616,5.428651795462068], [3.4157153794520694,8.997973224539482], [0.8695278584728809,4.408586800757636]","DomainLength, NoOfSubDomain, NoOfDegitsInURL, IsHTTPS, URLTitleMatchScore, NoOfiFrame, HasSocialNet, URLLength_log, LargestLineLength_log, NoOfJS_log",1.0,1.0,1.0,1,193.35308254551546,39995,39688,0.29411764705882354,0.0011928320739419298,59,59
"[-1256.795,1286.795], [-125.245,189.125], 0.0, 0.0, 0.0, [-2.71001516243399,10.682106423750714], [-2.0865407593881695,4.018335916053033], [-4.288690978366612,1.5792258245004538]","NoOfLettersInURL, NoOfOtherSpecialCharsInURL, Robots, HasDescription, HasSocialNet, LineOfCode_log, NoOfJS_log, NoOfSelfRef_log",0.0,1.0,1.0,1,191.87328234409642,39993,39700,0.23529411764705882,0.001184355639689168,109,109
"[0.012960594673685797,0.089445659], [-352.52512190696683,129.245], [-0.023175000000000015,0.23219], 1.0, [-33.5,35.0], 0.0, 0.0, [0.8890316598906236,4.550180916229388], [-0.6718814137113339,1.638034313125535], [-3.082784162788201,3.8983752453311213]","URLCharProb, NoOfOtherSpecialCharsInURL, SpacialCharRatioInURL, IsHTTPS, DomainTitleMatchScore, HasDescription, HasSocialNet, LineOfCode_log, NoOfImage_log, NoOfExternalRef_log",0.0,1.0,1.0,1,190.52210102904957,39993,39700,0.29411764705882354,0.0011964791715715656,29,29
"[-16.74,40.019999999999996], 1.0, [-123.75,125.75], [67.5,130.5], 1.0, [1.2859169356868811,8.455972923936761]","DomainLength, NoOfSubDomain, NoOfOtherSpecialCharsInURL, DomainTitleMatchScore, HasSubmitButton, NoOfSelfRef_log",1.0,1.0,1.0,1,161.95012074354028,39995,39702,0.17647058823529413,0.001017047078824736,89,89
"[-919.38,1810.03], [-572.1350000000001,704.85], [-0.07134000000000001,0.2520217674008579], 0.0, 0.0, [-2.71001516243399,3.3599848377599812], [-5.450714030605015,6.044296134093182], [-1.4015988526404863,1.4015988526404863]","NoOfLettersInURL, NoOfDegitsInURL, DegitRatioInURL, Pay, HasCopyrightInfo, LineOfCode_log, NoOfImage_log, NoOfEmptyRef_log",0.0,1.0,1.0,1,192.66918657352454,39977,39708,0.23529411764705882,0.0011906034898593906,65,65
"[-702.85,593.245], [-0.07717500000000001,0.203385], 0.0, 0.0, [-576.72,209.2566052125244], 0.0, 0.0, [0.8890316598906236,7.159284658306236], [-3.7750642533322636,3.7750642533322636], [-3.0580338603065154,3.1854519378192867]","NoOfDegitsInURL, SpacialCharRatioInURL, IsHTTPS, Robots, NoOfiFrame, HasSocialNet, HasHiddenFields, LineOfCode_log, NoOfCSS_log, NoOfEmptyRef_log",0.0,1.0,1.0,1,193.2874919597054,39977,39708,0.29411764705882354,0.0011954571886707108,55,55
"[-40.88387927227646,80.69], [-362.03499999999997,382.03499999999997], [-33.5,35.0], [-30.5,32.636942675], 1.0, 0.0, 0.0, [-2.5691409501844573,3.932358597221108], [-2.7870089170492442,3.008200100942042], [-5.925585524048861,1.5792258245004538]","DomainLength, NoOfDegitsInURL, DomainTitleMatchScore, URLTitleMatchScore, IsResponsive, HasDescription, HasSocialNet, NoOfCSS_log, NoOfJS_log, NoOfSelfRef_log",0.0,1.0,1.0,1,144.5140291995292,39993,39709,0.29411764705882354,0.0009075483894162907,31,31
"[-16.74,31.96], 1.0, [0.29335,0.85869], [-0.10796500000000003,0.151235], 1.0, [1.4120726386451175,4.715425503391715], [3.6241146365316257,9.199521898888168], [-0.8548401418244607,4.073715966692661], [1.7315274776767642,8.299671969071387]","DomainLength, NoOfSubDomain, LetterRatioInURL, SpacialCharRatioInURL, IsHTTPS, URLLength_log, LargestLineLength_log, NoOfCSS_log, NoOfSelfRef_log",1.0,1.0,1.0,1,169.9902023796688,39995,39717,0.2647058823529412,0.0010094334068360081,98,98
"[-1.9600000000000009,51.03], [0.011350607000000002,0.070579601], 1.0, [-0.10796500000000003,0.30991083406463593], 1.0, 1.0, [79.0,131.0], 0.0, 0.0, 1.0, [1.5555629284665848,5.179601093363541], [2.768926422293755,12.049288346599742], [5.445730577466069,10.75173929732832], [1.1973780132038065,5.240373636532595]","DomainLength, URLCharProb, NoOfSubDomain, SpacialCharRatioInURL, IsHTTPS, HasTitle, URLTitleMatchScore, HasFavicon, Pay, HasCopyrightInfo, URLLength_log, LineOfCode_log, LargestLineLength_log, NoOfExternalRef_log",0,0.0,0.0,1,181.0065429454848,39717,39717,0.4117647058823529,0.001095911707534099,0,17
"[-352.52512190696683,189.125], [-0.023175000000000015,0.23219], 1.0, [-34.0,35.0], 0.0, 0.0, 0.0, [0.8890316598906236,10.682106423750714]","NoOfOtherSpecialCharsInURL, SpacialCharRatioInURL, IsHTTPS, DomainTitleMatchScore, Robots, HasDescription, HasSocialNet, LineOfCode_log",0.0,0.5969504417518705,0.9019607843137255,1,174.64182929766935,39993,39718,0.23529411764705882,0.0010967510336659476,46,51
"[-16.74,40.019999999999996], [0.32468673781725566,1.1752815479305077], [0.428783822,0.6170303779999999], [-123.75,125.75], 1.0, 0.0, [1.766709251910584,8.735654709207758]","DomainLength, CharContinuationRate, TLDLegitimateProb, NoOfOtherSpecialCharsInURL, Robots, HasDescription, NoOfExternalRef_log",1.0,1.0,1.0,1,176.33333333333334,39719,39719,0.20588235294117646,0.001107373682357989,3,3
"[0.40555555599999993,0.705555556], 1.0, 1.0, 1.0, [67.5,130.5], 1.0, [-587.74,597.74], 1.0, [2.03635568096057,4.8316187280097225], [5.314761185516479,13.774232089941453], [1.2859169356868811,8.455972923936761]","CharContinuationRate, NoOfSubDomain, IsHTTPS, HasTitle, DomainTitleMatchScore, Robots, NoOfiFrame, HasSubmitButton, URLLength_log, LargestLineLength_log, NoOfSelfRef_log",1.0,1.0,1.0,1,163.75,39840,39719,0.3235294117647059,0.0010283503241178868,4,4
"[-40.88387927227646,80.69], [-858.47,906.47], [-352.52512190696683,189.125], [-0.023175000000000015,0.23219], [-30.5,30.5], 1.0, 0.0, 0.0, 0.0, [0.8890316598906236,10.682106423750714], [-2.0865407593881695,4.018335916053033], [-3.1854519378192867,3.1854519378192867], [-0.5131347898135135,4.014241516283603]","DomainLength, NoOfLettersInURL, NoOfOtherSpecialCharsInURL, SpacialCharRatioInURL, URLTitleMatchScore, IsResponsive, HasDescription, HasSocialNet, HasSubmitButton, LineOfCode_log, NoOfJS_log, NoOfEmptyRef_log, NoOfExternalRef_log",0.0,0.512908935546875,0.875,1,140.97414012702072,39993,39738,0.38235294117647056,0.0008853178790342726,21,24
"1.0, 1.0, 0.0, 1.0, [0.9784584464262229,5.110586429020623], [1.062667672201437,4.544070560803571], [1.2859169356868811,8.455972923936761]","IsHTTPS, HasTitle, HasFavicon, HasCopyrightInfo, URLLength_log, NoOfJS_log, NoOfSelfRef_log",1.0,1.0,1.0,1,166.896738805023,39995,39745,0.20588235294117646,0.0009851497101212457,55,55
"[-16.74,44.739999999999995], 1.0, [-1134.02,1150.02], [-136.22500000000002,138.22500000000002], 1.0, [-19.0,19.0], 0.0, [-448.56000000000006,514.64], 1.0, 1.0, [5.478922497204102,12.049288346599742], [-1.4097025205733658,5.301522818683992]","DomainLength, NoOfSubDomain, NoOfLettersInURL, NoOfOtherSpecialCharsInURL, IsHTTPS, URLTitleMatchScore, IsResponsive, NoOfiFrame, HasSocialNet, HasCopyrightInfo, LineOfCode_log, NoOfCSS_log",1.0,1.0,1.0,1,158.0,39745,39745,0.35294117647058826,0.000992240312736648,2,2
"[0.71,1.1752815479305077], [0.15737999999999996,0.84262], [-96.305,98.305], 1.0, [69.0,131.0], 0.0, 0.0, 1.0, 0.0, [1.4120726386451175,5.179601093363541]","CharContinuationRate, LetterRatioInURL, NoOfOtherSpecialCharsInURL, IsHTTPS, URLTitleMatchScore, Robots, IsResponsive, HasDescription, Pay, URLLength_log",1.0,1.0,1.0,1,127.0,39929,39749,0.29411764705882354,0.0007975602513769259,2,2
"[0.32468673781725566,1.29], 1.0, [67.5,132.5], 1.0, [-535.6700000000001,428.53000000000003], 0.0, [-0.9900412211550711,3.187265798491291], [1.1919268423539144,7.236939336887557]","CharContinuationRate, IsHTTPS, DomainTitleMatchScore, HasDescription, NoOfiFrame, HasSocialNet, NoOfSelfRef_log, NoOfExternalRef_log",1.0,1.0,1.0,1,97.75,39847,39749,0.23529411764705882,0.0006138701934810591,4,4
"[0.195,0.8049999999999999], [0.0363355405,0.0587707655], [-58.375,278.1951030901971], 0.0, [-30.5,30.5], 0.0, [-2.9361610859250944,2.9361610859250944], [-1.2386706297996644,1.2386706297996644], [-1.9112711626915722,1.9112711626915722]","CharContinuationRate, URLCharProb, NoOfOtherSpecialCharsInURL, IsHTTPS, URLTitleMatchScore, HasSocialNet, NoOfCSS_log, NoOfJS_log, NoOfEmptyRef_log",0.0,1.0,1.0,1,190.8432512,39928,39755,0.2647058823529412,0.001176269892659526,11,11
"[-1328.66,1810.03], 0.0, 0.0, 0.0, 0.0","NoOfLettersInURL, IsHTTPS, HasFavicon, HasDescription, HasCopyrightInfo",0.0,1.0,1.0,1,193.32179003741706,39977,39755,0.14705882352941177,0.001195726428665607,42,42
"[0.0201486395,0.067901117], [-561.08,565.08], [0.03577999999999998,0.32158], 1.0, 1.0, 0.0, [-480.59999999999997,480.59999999999997], 1.0, [-1.0399325090235612,3.2371570863597805], [-2.7182523202724584,2.7182523202724584]","URLCharProb, NoOfDegitsInURL, DegitRatioInURL, IsHTTPS, HasTitle, Robots, NoOfiFrame, Pay, NoOfImage_log, NoOfEmptyRef_log",0.0,1.0,1.0,1,89.5,39962,39757,0.29411764705882354,0.0005620601771514557,2,2
"[-16.74,44.739999999999995], [-173.65,133.235], 1.0, 1.0, [87.5,112.5], 1.0, [-448.56000000000006,267.33], 1.0, [1.2053739308986744,5.3656509976038045], [3.916779546517493,12.049288346599742], [1.8732927545424958,6.400520621387535]","DomainLength, NoOfOtherSpecialCharsInURL, IsHTTPS, HasTitle, URLTitleMatchScore, HasDescription, NoOfiFrame, HasSocialNet, URLLength_log, LineOfCode_log, NoOfExternalRef_log",1.0,1.0,1.0,1,187.47671968337016,39995,39769,0.3235294117647059,0.001146702610934896,61,61
"[-16.74,57.32], [0.0447161435,0.0732076055], [-1336.66,1362.66], [-361.97999999999996,693.7950000000001], [-420.53000000000003,213.26000000000002], 1.0, [2.992102545918886,11.295995233027812], [2.221134581289741,5.795517030570231], [0.14786814440776874,6.783603661191684]","DomainLength, URLCharProb, NoOfLettersInURL, NoOfDegitsInURL, NoOfiFrame, HasSocialNet, LineOfCode_log, NoOfImage_log, NoOfJS_log",1.0,1.0,1.0,1,165.2360902134407,39997,39769,0.2647058823529412,0.0009721136145685769,96,96
"[-156.185,185.63], [-0.079025,0.17504000000000003], 0.0, 0.0, 0.0, 0.0, [2.868530516392989,4.509228391834883], [-2.3529563388931676,4.550180916229388], [4.030911494847924,11.863031220539257], [-1.9358252042263626,1.375454750371363]","NoOfOtherSpecialCharsInURL, SpacialCharRatioInURL, IsHTTPS, IsResponsive, HasSocialNet, HasHiddenFields, URLLength_log, LineOfCode_log, LargestLineLength_log, NoOfSelfRef_log",0.0,1.0,1.0,1,212.80007757824,39885,39770,0.29411764705882354,0.0013363849083963025,15,15
"[-0.21888000000000002,0.2084842511342421], [-80.33500000000001,84.33500000000001], [-34.5,34.5], [-18.0,18.0], [2.6792953126148973,13.237088941823018]","DegitRatioInURL, NoOfOtherSpecialCharsInURL, DomainTitleMatchScore, URLTitleMatchScore, NoOfSelfRef_log",1.0,1.0,1.0,1,125.41696540393475,39997,39776,0.14705882352941177,0.0007876187909802632,35,35
"[0.037038199,0.08729310300000001], [0.23608999999999997,0.60465], [-0.10796500000000003,0.30991083406463593], 1.0, 1.0, [-2.395281261287323,5.278112611873064], [-0.6909504000509903,6.443249586077761], [3.8589328504135847,6.550945721067622], [-2.420943472742658,2.84567039778523]","URLCharProb, LetterRatioInURL, SpacialCharRatioInURL, IsHTTPS, HasFavicon, NoOfImage_log, NoOfJS_log, NoOfSelfRef_log, NoOfEmptyRef_log",1.0,1.0,1.0,1,165.68390749782006,39997,39776,0.2647058823529412,0.0010404952670320686,45,45
"[-22.22,44.739999999999995], 1.0, [-1487.3899999999999,1523.3899999999999], [-0.09918,0.23598000000000005], [-0.10796500000000003,0.09553500000000001], 1.0, [-535.6700000000001,514.64], 0.0, 0.0, [-0.8548401418244607,5.5028890596539295], [1.4973107796641787,13.237088941823018], [1.8543985209974485,8.619495375896841]","DomainLength, NoOfSubDomain, NoOfLettersInURL, DegitRatioInURL, SpacialCharRatioInURL, IsHTTPS, NoOfiFrame, HasSocialNet, Pay, NoOfCSS_log, NoOfSelfRef_log, NoOfExternalRef_log",1.0,1.0,1.0,1,129.11200000000002,39980,39785,0.35294117647058826,0.0008108236155573045,7,7
"[-40.88387927227646,80.69], [-0.023175000000000015,0.23219], [-34.0,19.5], [-27.364896871389046,32.636942675], 0.0, 0.0, [0.8890316598906236,4.8615066617032685], [-2.0791971285922934,2.0791971285922934], [-0.5131347898135135,4.014241516283603]","DomainLength, SpacialCharRatioInURL, DomainTitleMatchScore, URLTitleMatchScore, HasDescription, HasSocialNet, LineOfCode_log, NoOfJS_log, NoOfExternalRef_log",0.0,1.0,1.0,1,201.75443987217287,39993,39786,0.2647058823529412,0.0012619227507323534,57,57
"[-15.159999999999997,80.16], [-602.875,694.875], 0.0, [-346.7788445923874,448.56000000000006], 0.0, [-7.836267357787879,4.550180916229388], [-3.932358597221108,3.932358597221108], [-1.2386706297996644,1.2386706297996644], [-1.9358252042263626,1.375454750371363], [-2.335998087734144,2.208580010221372], [-1.8193480304979546,1.8193480304979546]","DomainLength, NoOfLettersInURL, Robots, NoOfiFrame, HasSocialNet, LineOfCode_log, NoOfCSS_log, NoOfJS_log, NoOfSelfRef_log, NoOfEmptyRef_log, NoOfExternalRef_log",0.0,1.0,1.0,1,190.11432069028427,39977,39792,0.3235294117647059,0.0011705477863547507,57,57
"1.0, [-291.59499999999997,291.59499999999997], [-86.325,130.74], 1.0, 1.0, 1.0, [-360.45,603.75], 0.0, [2.795051276004961,9.299693082087593], [1.3366648609668677,4.079435541237553]","NoOfSubDomain, NoOfDegitsInURL, NoOfOtherSpecialCharsInURL, HasTitle, HasFavicon, HasDescription, NoOfiFrame, HasSocialNet, LargestLineLength_log, NoOfJS_log",1.0,1.0,1.0,1,122.16,39980,39795,0.29411764705882354,0.0007671650417968918,6,6
"1.0, [-291.59499999999997,291.59499999999997], [-86.325,130.74], 1.0, 1.0, [-360.45,603.75], 0.0, [2.795051276004961,9.299693082087593], [1.3366648609668677,4.079435541237553]","NoOfSubDomain, NoOfDegitsInURL, NoOfOtherSpecialCharsInURL, IsHTTPS, HasFavicon, NoOfiFrame, HasSocialNet, LargestLineLength_log, NoOfJS_log",1.0,0.46266436603796024,0.8571428571428571,1,116.752,39980,39795,0.2647058823529412,0.0007332027910925893,6,7
"[-22.22,50.33], [0.0479292245,0.0775437215], [-341.87,693.7950000000001], [-0.19836,0.14022], [-0.028444999999999998,0.140175], 1.0, [67.5,104.84606320692943], 1.0, [-535.6700000000001,514.64], [2.992102545918886,15.805434802679061], [3.5110517270377537,8.299671969071387]","DomainLength, URLCharProb, NoOfDegitsInURL, DegitRatioInURL, SpacialCharRatioInURL, IsHTTPS, DomainTitleMatchScore, HasFavicon, NoOfiFrame, LineOfCode_log, NoOfSelfRef_log",1.0,1.0,1.0,1,183.44223176451518,39980,39802,0.3235294117647059,0.0011520175785767798,35,35
"[-0.14022,0.19836], [-284.2362163584446,145.70999999999998], [-535.6700000000001,944.2395961749585], 1.0, [6.180300686521298,10.657923183718385], [2.2668617118816967,8.619495375896841]","DegitRatioInURL, NoOfOtherSpecialCharsInURL, NoOfiFrame, HasSocialNet, LineOfCode_log, NoOfExternalRef_log",1.0,0.9450685860704917,0.9887640449438202,1,173.2612444281475,39995,39802,0.17647058823529413,0.0010351110950097204,88,89
"[-40.88387927227646,80.16], [-33.5,35.0], 0.0, 0.0, 0.0, [-2.71001516243399,4.550180916229388], [-0.1639378322055447,8.0664252693684], [-2.7870089170492442,2.7870089170492442], [-1.9358252042263626,1.5792258245004538], [-2.335998087734144,3.1854519378192867]","DomainLength, DomainTitleMatchScore, HasFavicon, HasDescription, HasSocialNet, LineOfCode_log, LargestLineLength_log, NoOfJS_log, NoOfSelfRef_log, NoOfEmptyRef_log",0.0,1.0,1.0,1,202.63739277886503,39993,39805,0.29411764705882354,0.0012688539332344733,37,37
"[-15.159999999999997,80.69], [-0.08721912118904873,0.9982500000000001], 0.0, [-30.5,32.636942675], 0.0, 0.0, 0.0, 0.0, [-2.71001516243399,4.8615066617032685], [-5.925585524048861,1.375454750371363], [-3.1854519378192867,2.208580010221372]","DomainLength, LetterRatioInURL, IsHTTPS, URLTitleMatchScore, HasFavicon, Robots, HasSocialNet, HasHiddenFields, LineOfCode_log, NoOfSelfRef_log, NoOfEmptyRef_log",0.0,1.0,1.0,1,203.58807435385017,39977,39805,0.3235294117647059,0.0012763167859502665,23,23
"[0.645,1.255], [0.014863705500000001,0.0731952905], [-452.475,452.475], 1.0, 1.0, 1.0, [1.9768125311432616,5.0759085180890615], [0.40163520686549625,3.7572478764941755]","CharContinuationRate, URLCharProb, NoOfDegitsInURL, IsHTTPS, HasDescription, HasSocialNet, URLLength_log, NoOfCSS_log",1.0,1.0,1.0,1,176.84623364689094,39995,39814,0.23529411764705882,0.0011105946973423379,69,69
"[0.32468673781725566,1.355], 1.0, [-673.6850000000001,653.575], 1.0, [-36.5,36.5], [-535.6700000000001,514.64], 1.0, 0.0, [5.478922497204102,13.496291150257541], [2.221134581289741,5.570884523123128], [1.2859169356868811,7.473278518347058], [2.72406882856974,5.6552406554831105]","CharContinuationRate, NoOfSubDomain, NoOfDegitsInURL, IsHTTPS, URLTitleMatchScore, NoOfiFrame, HasSocialNet, Pay, LineOfCode_log, NoOfImage_log, NoOfSelfRef_log, NoOfExternalRef_log",1.0,1.0,1.0,1,164.66666666666666,39814,39814,0.35294117647058826,0.0010341069925989537,3,3
"[-40.88387927227646,80.69], [0.0201486395,0.04729245071741309], [-1879.715,1909.715], [-0.023175000000000015,0.203385], 1.0, [-33.5,35.0], [-30.5,32.636942675], 0.0, 0.0, 1.0, 0.0, [1.821662385857449,11.512251199000964], [-1.865539078837415,1.865539078837415], [-2.184329382632502,1.5792258245004538], [-3.1854519378192867,3.1854519378192867]","DomainLength, URLCharProb, NoOfLettersInURL, SpacialCharRatioInURL, HasTitle, DomainTitleMatchScore, URLTitleMatchScore, HasDescription, HasSocialNet, HasSubmitButton, HasCopyrightInfo, LargestLineLength_log, NoOfImage_log, NoOfSelfRef_log, NoOfEmptyRef_log",0.0,1.0,1.0,1,89.0,39816,39816,0.4411764705882353,0.0005589201761617827,1,1
"[-16.5,35.0], [-536.6700000000001,536.6700000000001], 0.0, 0.0, [0.8890316598906236,10.682106423750714], [-1.2416527940438218,4.014241516283603]","DomainTitleMatchScore, NoOfiFrame, HasSocialNet, HasCopyrightInfo, LineOfCode_log, NoOfExternalRef_log",0.0,0.9138466254033613,0.9821428571428571,1,181.664434685711,39993,39816,0.17647058823529413,0.0011042161603122917,55,56
"[-15.159999999999997,80.16], 0.0, 0.0, [-346.7788445923874,208.26000000000002], 0.0, [-7.836267357787879,4.550180916229388], [-1.2386706297996644,1.2386706297996644], [-2.335998087734144,3.0580338603065154], [-3.082784162788201,2.1587330940166307]","DomainLength, HasFavicon, Robots, NoOfiFrame, HasSocialNet, LineOfCode_log, NoOfJS_log, NoOfEmptyRef_log, NoOfExternalRef_log",0.0,1.0,1.0,1,190.45613846875037,39977,39822,0.2647058823529412,0.001173231056761429,46,46
"[-1447.4350000000002,1511.4350000000002], 0.0, [-208.26000000000002,448.56000000000006], 0.0, [-3.932358597221108,3.932358597221108], [-1.9358252042263626,1.375454750371363], [-3.0580338603065154,2.208580010221372]","NoOfLettersInURL, IsHTTPS, NoOfiFrame, HasSocialNet, NoOfCSS_log, NoOfSelfRef_log, NoOfEmptyRef_log",0.0,1.0,1.0,1,189.99713164459678,39977,39822,0.20588235294117646,0.0011696278520561567,31,31
"[-22.22,48.67], [0.32468673781725566,1.255], [0.014863705500000001,0.0731952905], [-673.6850000000001,452.475], 1.0, [67.5,137.5], 1.0, [5.478922497204102,13.496291150257541], [0.40163520686549625,3.7572478764941755]","DomainLength, CharContinuationRate, URLCharProb, NoOfDegitsInURL, IsHTTPS, DomainTitleMatchScore, HasSocialNet, LineOfCode_log, NoOfCSS_log",1.0,1.0,1.0,1,186.48964134188276,39995,39828,0.2647058823529412,0.0011389540435120082,56,56
"[0.645,1.255], [0.407867538,0.6379466619999999], [-452.475,291.59499999999997], [-0.12996000000000002,0.12996000000000002], 1.0, 1.0, 1.0, [1.9768125311432616,5.0759085180890615]","CharContinuationRate, TLDLegitimateProb, NoOfDegitsInURL, DegitRatioInURL, IsHTTPS, HasDescription, HasSocialNet, URLLength_log",1.0,1.0,1.0,1,183.77286758610632,39995,39828,0.23529411764705882,0.0011540939721908147,32,32
"[-0.07717500000000001,0.23219], 1.0, 0.0, 0.0, 0.0","SpacialCharRatioInURL, HasTitle, HasDescription, HasSocialNet, Pay",0.0,0.638865843993574,0.9142857142857143,1,182.00265614491377,39993,39834,0.14705882352941177,0.0011429770408362648,32,35
"[0.012960594673685797,0.089445659], 1.0, [-310.39,314.39], 0.0, [-2.3529563388931676,4.550180916229388], [-2.593554329115431,2.593554329115431], [-1.2386706297996644,1.9907206550351746], [-2.6916961082026294,4.8889206855388485]","URLCharProb, IsHTTPS, NoOfiFrame, HasSocialNet, LineOfCode_log, NoOfImage_log, NoOfJS_log, NoOfExternalRef_log",0.0,1.0,1.0,1,180.9453237046149,39993,39834,0.23529411764705882,0.0011363369910183613,19,19
"[0.014599412500000006,0.14532618749999998], [-96.305,170.66000000000003], 1.0, 1.0, [1.4654821926312647,5.0507108834117], [4.310294372871142,12.049288346599742], [-2.420943472742658,2.420943472742658]","TLDLegitimateProb, NoOfOtherSpecialCharsInURL, IsHTTPS, Robots, URLLength_log, LineOfCode_log, NoOfEmptyRef_log",1.0,1.0,1.0,1,149.6592,39911,39840,0.20588235294117646,0.0009398600722273199,8,8
"[0.71,1.29], 1.0, 1.0, [68.95687480398136,69.0], 1.0, 0.0, 0.0, [1.4120726386451175,5.179601093363541], [-0.8548401418244607,4.034773374593204], [-2.3888647860422094,3.334729146797918]","CharContinuationRate, NoOfSubDomain, IsHTTPS, URLTitleMatchScore, HasDescription, HasSocialNet, HasHiddenFields, URLLength_log, NoOfCSS_log, NoOfJS_log",1.0,0.1,1.0,1,110.7282501394432,39847,39847,0.29411764705882354,0.0006953736300452083,0,0
"[0.07078999999999996,0.85869], 1.0, 1.0, [67.5,132.5], [75.0,131.0], 0.0, 1.0, [-535.6700000000001,428.53000000000003], [1.4120726386451175,5.179601093363541], [3.324328634138658,7.49001490878158], [-2.452739697216941,3.8390340583368316], [-0.9900412211550711,3.187265798491291], [1.1919268423539144,7.236939336887557]","LetterRatioInURL, IsHTTPS, HasTitle, DomainTitleMatchScore, URLTitleMatchScore, Robots, HasDescription, NoOfiFrame, URLLength_log, LineOfCode_log, NoOfCSS_log, NoOfSelfRef_log, NoOfExternalRef_log",1.0,1.0,1.0,1,133.6,39995,39847,0.38235294117647056,0.0008390082644406087,5,5
"[0.024204805499999996,0.0609985745], [-1447.4350000000002,1820.94], [0.018419999999999985,0.12958], 0.0, 0.0, [-472.59,472.59], 0.0, 0.0, [-2.71001516243399,4.8615066617032685], [-2.7870089170492442,1.2386706297996644], [-1.2416527940438218,5.492674614629612]","URLCharProb, NoOfLettersInURL, SpacialCharRatioInURL, IsHTTPS, Robots, NoOfiFrame, HasSocialNet, HasHiddenFields, LineOfCode_log, NoOfJS_log, NoOfExternalRef_log",0.0,1.0,1.0,1,202.890869248,39908,39848,0.3235294117647059,0.0012708437241443298,13,13
"[-40.88387927227646,80.69], [-1708.94,1511.4350000000002], [-538.97,578.0250000000001], [-58.375,278.1951030901971], 0.0, 0.0, 0.0, [2.5422388664439213,4.122170153906486], [-1.2386706297996644,2.7870089170492442], [-5.925585524048861,1.5792258245004538], [-3.0580338603065154,3.0580338603065154], [-3.082784162788201,4.014241516283603]","DomainLength, NoOfLettersInURL, NoOfDegitsInURL, NoOfOtherSpecialCharsInURL, IsResponsive, HasDescription, Pay, URLLength_log, NoOfJS_log, NoOfSelfRef_log, NoOfEmptyRef_log, NoOfExternalRef_log",0.0,1.0,1.0,1,188.8851083471631,39977,39848,0.35294117647058826,0.001160898466419954,33,33
"[0.036929166,0.085389252], [-1336.66,1077.155], [-375.47,213.26000000000002], [2.992102545918886,12.049288346599742], [1.9454846253305749,5.795517030570231]","URLCharProb, NoOfLettersInURL, NoOfiFrame, LineOfCode_log, NoOfImage_log",1.0,0.8810956933593749,0.975,1,162.41391539099945,39997,39852,0.14705882352941177,0.0009499595352298382,78,80
"[-16.74,57.32], [0.011984877000000005,0.147940723], [-1051.155,1362.66], [-361.97999999999996,693.7950000000001], [-0.15048,0.15048], 1.0, 1.0, [-420.53000000000003,256.32], 1.0, 1.0, [1.2053739308986744,5.3656509976038045], [-0.6909504000509903,6.783603661191684]","DomainLength, TLDLegitimateProb, NoOfLettersInURL, NoOfDegitsInURL, DegitRatioInURL, HasTitle, HasFavicon, NoOfiFrame, HasSocialNet, HasHiddenFields, URLLength_log, NoOfJS_log",1.0,1.0,1.0,1,158.16,39852,39852,0.35294117647058826,0.0009932451130533432,7,7
"[0.32468673781725566,1.225], [-1131.02,1153.02], [0.29335,0.60465], [-0.09918,0.23598000000000005], 1.0, 1.0, [1.2053739308986744,5.3656509976038045], [4.645162333090265,13.496291150257541], [-1.6138365298097712,2.678503370169185], [-3.1854519378192867,4.114173456470368]","CharContinuationRate, NoOfLettersInURL, LetterRatioInURL, DegitRatioInURL, IsHTTPS, HasSocialNet, URLLength_log, LineOfCode_log, NoOfCSS_log, NoOfEmptyRef_log",1.0,1.0,1.0,1,169.69108352068167,39997,39866,0.29411764705882354,0.0010070853230528846,41,41
"1.0, [-0.12654,0.12654], 1.0, 1.0, 1.0, [1.1655186907312531,5.570884523123128], [1.3366648609668677,4.079435541237553], [-0.4230125668842648,7.6864046360555545]","NoOfSubDomain, DegitRatioInURL, IsHTTPS, HasTitle, HasSocialNet, NoOfImage_log, NoOfJS_log, NoOfExternalRef_log",1.0,1.0,1.0,1,178.3029545128131,39995,39866,0.23529411764705882,0.0010746885316484554,46,46
"[0.0365191345,0.06972326749999999], [-0.007084999999999994,0.235085], [-33.5,35.0], [-30.5,32.636942675], 0.0, 0.0, [-2.9789699912150867,7.159284658306236], [-2.5691409501844573,3.932358597221108], [-2.1395962783554534,1.5792258245004538]","URLCharProb, SpacialCharRatioInURL, DomainTitleMatchScore, URLTitleMatchScore, HasDescription, HasSocialNet, LineOfCode_log, NoOfCSS_log, NoOfSelfRef_log",0.0,1.0,1.0,1,191.00507845392744,39993,39869,0.2647058823529412,0.0011775402370032466,31,31
"[-40.88387927227646,80.69], [0.410652174,0.980652174], [-362.03499999999997,382.03499999999997], [-70.85,78.85], [-16.5,35.0], [-30.5,32.636942675], 1.0, 1.0, 0.0, 0.0, 0.0, 0.0, [1.5316655808477422,5.422667445280858], [-1.865539078837415,6.044296134093182], [-2.7870089170492442,3.008200100942042]","DomainLength, CharContinuationRate, NoOfDegitsInURL, NoOfOtherSpecialCharsInURL, DomainTitleMatchScore, URLTitleMatchScore, Robots, IsResponsive, HasDescription, HasSocialNet, Pay, HasCopyrightInfo, URLLength_log, NoOfImage_log, NoOfJS_log",0.0,1.0,1.0,1,93.0,39935,39869,0.4411764705882353,0.0005840401840791662,2,2
"[0.01403999999999997,0.27396], [-54.375,70.375], [-0.023175000000000015,0.203385], 1.0, 0.0, 1.0, 0.0, [-2.491919539406373,3.878213900526264]","DegitRatioInURL, NoOfOtherSpecialCharsInURL, SpacialCharRatioInURL, HasFavicon, HasSocialNet, HasHiddenFields, HasCopyrightInfo, NoOfImage_log",0.0,1.0,1.0,1,132.0,39896,39872,0.23529411764705882,0.0008289602612736553,1,1
"[0.016795059999999997,0.06166550999999999], [-137.72000000000003,141.72000000000003], 1.0, [-16.5,35.0], 0.0, 0.0, [1.5316655808477422,6.997284150113907], [2.279898015130974,11.0412522845484], [-3.932358597221108,4.663950750148581], [-1.9358252042263626,1.5792258245004538], [-6.021979850499218,2.5908342427596867]","URLCharProb, NoOfOtherSpecialCharsInURL, HasTitle, DomainTitleMatchScore, HasDescription, HasSocialNet, URLLength_log, LargestLineLength_log, NoOfCSS_log, NoOfSelfRef_log, NoOfEmptyRef_log",0.0,1.0,1.0,1,187.00813507379198,39993,39872,0.3235294117647059,0.001174411458417194,16,16
"[-0.017359999999999987,0.85869], [-361.97999999999996,693.7950000000001], [-0.23598000000000005,0.18468000000000004], 0.0, [-420.53000000000003,162.8696806890419], [2.992102545918886,11.295995233027812], [2.221134581289741,5.795517030570231], [0.14786814440776874,6.783603661191684], [1.7315274776767642,8.299671969071387]","LetterRatioInURL, NoOfDegitsInURL, DegitRatioInURL, Robots, NoOfiFrame, LineOfCode_log, NoOfImage_log, NoOfJS_log, NoOfSelfRef_log",1.0,1.0,1.0,1,168.65742746718658,39997,39880,0.2647058823529412,0.0009989711204754946,30,30
"[-16.74,57.32], [0.0447161435,0.0732076055], 1.0, [-1336.66,1362.66], 1.0, [-448.56000000000006,213.26000000000002], 1.0, 0.0","DomainLength, URLCharProb, NoOfSubDomain, NoOfLettersInURL, HasTitle, NoOfiFrame, HasSocialNet, HasHiddenFields",1.0,1.0,1.0,1,177.6347714120935,39995,39880,0.23529411764705882,0.0010694432926545998,23,23
"[5.68,52.32], [0.38069000000000003,0.7233100000000001], [-0.21888000000000002,0.23598000000000005], [-0.10796500000000003,0.13529500000000003], 1.0, 1.0, 1.0, 1.0, [5.478922497204102,12.049288346599742], [4.214825124432083,12.577936017966898], [-1.1243450020572263,5.570884523123128], [-1.5229601094792955,3.7201846868155153], [-3.1854519378192867,2.84567039778523]","DomainLength, LetterRatioInURL, DegitRatioInURL, SpacialCharRatioInURL, IsHTTPS, HasTitle, HasDescription, HasHiddenFields, LineOfCode_log, LargestLineLength_log, NoOfImage_log, NoOfCSS_log, NoOfEmptyRef_log",1.0,0.8219271067593519,0.9615384615384616,1,158.74771926210354,39980,39881,0.38235294117647056,0.0009969359911826533,25,26
"[0.046469346999999994,0.0732076055], [0.29335,0.60465], [-281.54,281.54], [-0.023444999999999994,0.30991083406463593], [-34.5,34.5], [-448.56000000000006,428.53000000000003], [5.147666997064714,14.041769058443009], [1.9454846253305749,5.5187941567296654], [-0.3316758961427979,3.915194834598908], [2.5339244971307413,8.619495375896841]","URLCharProb, LetterRatioInURL, NoOfDegitsInURL, SpacialCharRatioInURL, DomainTitleMatchScore, NoOfiFrame, LargestLineLength_log, NoOfImage_log, NoOfJS_log, NoOfExternalRef_log",1.0,1.0,1.0,1,136.3712256,39911,39881,0.29411764705882354,0.0008564115666938226,11,11
"[-318.76,324.76], [-0.07108000000000003,0.31514000000000003], [-0.017220000000000013,0.18922], [-27.364896871389046,30.5], 0.0, [-208.26000000000002,576.72], 0.0, 0.0, 0.0, [3.1456632587454276,5.94092630579458], [-1.0005961286716847,5.6057663146597765], [-4.288690978366612,1.5792258245004538], [-1.718273139914735,4.014241516283603]","NoOfDegitsInURL, DegitRatioInURL, SpacialCharRatioInURL, URLTitleMatchScore, HasDescription, NoOfiFrame, HasSocialNet, HasSubmitButton, Pay, URLLength_log, NoOfCSS_log, NoOfSelfRef_log, NoOfExternalRef_log",0.0,1.0,1.0,1,195.80024207317086,39993,39885,0.38235294117647056,0.0012151822832784165,25,25
"1.0, [-156.16500000000002,178.16500000000002], [-0.019995,0.24599500000000002], [-37.0,37.0], 0.0, 0.0, [-576.72,208.26000000000002], [-2.71001516243399,10.682106423750714]","NoOfSubDomain, NoOfOtherSpecialCharsInURL, SpacialCharRatioInURL, URLTitleMatchScore, Robots, HasDescription, NoOfiFrame, LineOfCode_log",0.0,0.7631229607539922,0.9473684210526315,1,194.3154064836854,39993,39885,0.23529411764705882,0.0012203011373349423,18,19
"[0.875,1.125], [0.44447103499999996,0.601343165], [0.07078999999999996,0.84262], [-432.365,432.365], 1.0, [73.0,132.5], [75.0,125.0], [1.4120726386451175,5.179601093363541], [4.830603110889394,11.229952500188748], [-0.3652902017250179,16.36355680326171], [-1.7838530851788006,1.7838530851788006], [2.5339244971307413,4.224173559850506]","CharContinuationRate, TLDLegitimateProb, LetterRatioInURL, NoOfDegitsInURL, IsHTTPS, DomainTitleMatchScore, URLTitleMatchScore, URLLength_log, LineOfCode_log, NoOfSelfRef_log, NoOfEmptyRef_log, NoOfExternalRef_log",1.0,1.0,1.0,1,168.45778881249282,39995,39893,0.35294117647058826,0.001057915247178684,18,18
"1.0, [-0.017359999999999987,0.85869], [-0.09918,0.18468000000000004], 1.0, 1.0, [67.5,117.0], 0.0, 1.0, 0.0, 1.0, [1.8232874343984244,6.62772158459763], [-0.8548401418244607,4.034773374593204], [-2.3888647860422094,4.659351613531987], [1.1919268423539144,8.619495375896841]","NoOfSubDomain, LetterRatioInURL, DegitRatioInURL, IsHTTPS, HasTitle, DomainTitleMatchScore, HasFavicon, IsResponsive, HasSocialNet, HasHiddenFields, NoOfImage_log, NoOfCSS_log, NoOfJS_log, NoOfExternalRef_log",1.0,0.1,1.0,1,110.36397628205096,39893,39893,0.4117647058823529,0.000693085989499761,0,0
"[0.0201486395,0.065575495], [-137.72000000000003,178.16500000000002], [-0.023175000000000015,0.203385], 1.0, 1.0, 1.0, 0.0, 0.0, 0.0, [1.5316655808477422,5.422667445280858], [-3.528181753644198,9.295409909551157], [-3.932358597221108,3.932358597221108], [-1.9358252042263626,2.221430236528126]","URLCharProb, NoOfOtherSpecialCharsInURL, SpacialCharRatioInURL, HasTitle, HasFavicon, IsResponsive, HasDescription, HasSocialNet, HasCopyrightInfo, URLLength_log, LineOfCode_log, NoOfCSS_log, NoOfSelfRef_log",0.0,0.1,1.0,1,120.776145042154,39896,39896,0.38235294117647056,0.0007584744299224914,0,0
"[8.04,41.96], [0.0201486395,0.04729245071741309], [-0.023175000000000015,0.203385], [-16.5,35.0], [-30.5,30.5], 0.0, [-536.6700000000001,-154.66214302767173], 0.0, 0.0, [0.8890316598906236,10.682106423750714], [-1.865539078837415,4.78346958012491], [0.1349114908446336,4.470258695143459], [-1.9358252042263626,1.5792258245004538], [-1.2416527940438218,4.014241516283603]","DomainLength, URLCharProb, SpacialCharRatioInURL, DomainTitleMatchScore, URLTitleMatchScore, HasDescription, NoOfiFrame, HasSocialNet, HasCopyrightInfo, LineOfCode_log, NoOfImage_log, NoOfJS_log, NoOfSelfRef_log, NoOfExternalRef_log",0.0,0.1,1.0,1,152.19934832217646,39896,39896,0.4117647058823529,0.0009558122087184202,0,0
"[0.645,1.255], [0.014863705500000001,0.0731952905], [-1625.165,1645.165], [-452.475,452.475], 1.0, [-36.5,36.5], 1.0, [1.9768125311432616,5.0759085180890615], [0.40163520686549625,3.7572478764941755], [3.238869564263126,6.601092287393124], [1.326249297808688,4.762795577638158]","CharContinuationRate, URLCharProb, NoOfLettersInURL, NoOfDegitsInURL, IsHTTPS, URLTitleMatchScore, HasDescription, URLLength_log, NoOfCSS_log, NoOfSelfRef_log, NoOfExternalRef_log",1.0,1.0,1.0,1,141.0688,39970,39901,0.3235294117647059,0.0008859123432239472,8,8
"[0.23608999999999997,0.7639100000000001], [-0.14446905303960045,0.23598000000000005], 1.0, [1.8232874343984244,5.570884523123128], [-1.086336568441278,8.735654709207758]","LetterRatioInURL, DegitRatioInURL, IsHTTPS, NoOfImage_log, NoOfExternalRef_log",1.0,1.0,1.0,1,163.58513359703488,39997,39904,0.14705882352941177,0.0009591536010450238,52,52
"[0.0455439655,0.07156882649999999], 2.0, [-0.23598000000000005,0.23598000000000005], [0.029434999999999996,0.144565], 1.0, 1.0, [-19.0,19.0], 0.0, 0.0, [1.062667672201437,4.544070560803571], [1.2859169356868811,7.610443003536902], [2.2668617118816967,4.978156866551904]","URLCharProb, NoOfSubDomain, DegitRatioInURL, SpacialCharRatioInURL, IsHTTPS, HasTitle, URLTitleMatchScore, HasFavicon, Pay, NoOfJS_log, NoOfSelfRef_log, NoOfExternalRef_log",1.0,1.0,1.0,1,140.0,39904,39904,0.35294117647058826,0.0008792002771084223,3,3
"[0.512142857,1.2021428570000001], 0.0, [-30.5,33.5], 0.0, 0.0, [-1.162760260423762,4.550180916229388], [-1.4865442376490008,1.4865442376490008]","CharContinuationRate, IsHTTPS, URLTitleMatchScore, HasFavicon, HasSocialNet, LineOfCode_log, NoOfEmptyRef_log",0.0,1.0,1.0,1,198.5872,39977,39908,0.20588235294117646,0.0012370599098994674,8,8
"2.0, [-666.83,682.83], [0.2561599999999999,0.88584], [-33.5,30.5], 0.0, 0.0, 0.0, 0.0, [1.028031013236534,9.656637490693088], [-0.29631545452839037,1.375454750371363], [-1.718273139914735,2.1587330940166307]","NoOfSubDomain, NoOfLettersInURL, LetterRatioInURL, URLTitleMatchScore, HasDescription, HasSocialNet, HasHiddenFields, HasCopyrightInfo, LargestLineLength_log, NoOfSelfRef_log, NoOfExternalRef_log",0.0,1.0,1.0,1,193.5,39949,39908,0.3235294117647059,0.001142960360240949,2,2
"[-17.799999999999997,45.8], [-0.14446905303960045,0.23598000000000005], 1.0, [-24.5,24.5], 1.0, 1.0, [-448.56000000000006,428.53000000000003], 0.0, [1.8232874343984244,5.570884523123128], [1.3667126673688355,8.455972923936761]","DomainLength, DegitRatioInURL, HasTitle, DomainTitleMatchScore, IsResponsive, HasDescription, NoOfiFrame, Pay, NoOfImage_log, NoOfSelfRef_log",1.0,1.0,1.0,1,124.70016,39970,39911,0.29411764705882354,0.000783117251624747,9,9
"[-15.27,47.269999999999996], [0.665,1.335], 1.0, [0.26283,0.8091700000000001], [-0.17442000000000002,0.17442000000000002], 1.0, 1.0, [66.5,112.5], 1.0, 1.0, [2.5362545162627113,5.36190085730153], [5.478922497204102,12.049288346599742], [6.7847538108758005,14.218630160684524], [1.4973107796641787,8.299671969071387]","DomainLength, CharContinuationRate, NoOfSubDomain, LetterRatioInURL, DegitRatioInURL, IsHTTPS, HasTitle, DomainTitleMatchScore, IsResponsive, HasSocialNet, URLLength_log, LineOfCode_log, LargestLineLength_log, NoOfSelfRef_log",1.0,1.0,1.0,1,178.45693197744617,39995,39920,0.4117647058823529,0.0011207098860463538,26,26
"[0.45492917699999996,0.590885023], 1.0, [-0.07817500000000001,0.13529500000000003], 1.0, [76.0,124.0], [75.0,125.0], [-448.56000000000006,428.53000000000003], 1.0, 1.0, [-0.6909504000509903,6.443249586077761], [1.4973107796641787,8.455972923936761], [2.71111974351091,3.3825109088199774]","TLDLegitimateProb, NoOfSubDomain, SpacialCharRatioInURL, IsHTTPS, DomainTitleMatchScore, URLTitleMatchScore, NoOfiFrame, HasHiddenFields, HasCopyrightInfo, NoOfJS_log, NoOfSelfRef_log, NoOfEmptyRef_log",1.0,0.1,1.0,1,185.54021259301567,39920,39920,0.35294117647058826,0.0011651929023323924,0,0
"[0.0201486395,0.089445659], 0.0, 0.0, 0.0, 0.0, [0.8890316598906236,3.3599848377599812], [-1.865539078837415,6.044296134093182], [-3.7750642533322636,3.7750642533322636], [-3.273629521613398,5.9938196939898996]","URLCharProb, Robots, HasDescription, HasSocialNet, Pay, LineOfCode_log, NoOfImage_log, NoOfCSS_log, NoOfJS_log",0.0,1.0,1.0,1,191.30517923839997,39977,39924,0.2647058823529412,0.0011798960289038601,14,14
"[0.04799912049999999,0.0847928895], 0.0, [-572.1350000000001,593.245], [-0.05186000000000002,0.1738], [-181.63,187.63], [-0.07717500000000001,0.203385], 1.0, 0.0, [-4.288690978366612,3.2402856071735804], [-2.208580010221372,0.9643087777688555]","URLCharProb, NoOfSubDomain, NoOfDegitsInURL, DegitRatioInURL, NoOfOtherSpecialCharsInURL, SpacialCharRatioInURL, HasTitle, HasDescription, NoOfSelfRef_log, NoOfEmptyRef_log",0.0,1.0,1.0,1,169.0,39966,39924,0.29411764705882354,0.0010613203345094526,2,2
"[-0.146413988,0.146413988], [0.028062795499999998,0.067901117], 0.0, 1.0, 1.0, [4.4262559091233395,7.464585308089811], [8.565732795430044,13.211905514060497], [-1.2386706297996644,1.2386706297996644]","TLDLegitimateProb, URLCharProb, IsHTTPS, IsResponsive, HasCopyrightInfo, URLLength_log, LargestLineLength_log, NoOfJS_log",0.0,0.1,1.0,1,179.86102296889734,39928,39928,0.23529411764705882,0.001129527580251849,0,0
"[-4.789999999999999,40.79], [-0.10458142,0.10458142], [-1328.66,1810.03], [-403.695,581.6949999999999], [-58.375,278.1951030901971], 0.0, [-576.72,576.72], 0.0, [-1.9112711626915722,1.9112711626915722]","DomainLength, TLDLegitimateProb, NoOfLettersInURL, NoOfDegitsInURL, NoOfOtherSpecialCharsInURL, IsHTTPS, NoOfiFrame, Pay, NoOfEmptyRef_log",0.0,1.0,1.0,1,197.5,39928,39928,0.2647058823529412,0.00124030039092081,2,2
"[-22.22,48.67], [0.32468673781725566,1.335], [0.014863705500000001,0.0731952905], 1.0, [66.5,137.5], 1.0, [5.478922497204102,13.496291150257541], [2.047357452017451e-06,7.051906516476539], [0.40163520686549625,3.7572478764941755], [-0.8828668448252408,1.1467626976149434]","DomainLength, CharContinuationRate, URLCharProb, IsHTTPS, DomainTitleMatchScore, HasSocialNet, LineOfCode_log, NoOfImage_log, NoOfCSS_log, NoOfEmptyRef_log",1.0,1.0,1.0,1,181.14923237378622,39995,39929,0.29411764705882354,0.001137617537864363,20,20
"1.0, [-673.6850000000001,452.475], 1.0, 1.0, [67.5,112.5], [75.0,125.0], [-0.11585332192971776,4.079435541237553]","NoOfSubDomain, NoOfDegitsInURL, IsHTTPS, HasTitle, DomainTitleMatchScore, URLTitleMatchScore, NoOfJS_log",1.0,1.0,1.0,1,162.65183016634793,39995,39929,0.20588235294117646,0.0009518271668049684,34,34
"[-168.65,180.65], 0.0, 1.0, [68.5,131.5], 0.0, 0.0, [-2.71001516243399,4.550180916229388], [3.0760063299305775,7.58943125660016], [-3.6702013574063677,3.6702013574063677], [-2.888143090289487,2.888143090289487]","NoOfOtherSpecialCharsInURL, IsHTTPS, HasTitle, DomainTitleMatchScore, HasSubmitButton, Pay, LineOfCode_log, LargestLineLength_log, NoOfCSS_log, NoOfEmptyRef_log",0.0,1.0,1.0,1,180.33333333333334,39933,39933,0.29411764705882354,0.0011324936902753725,3,3
"[0.012960594673685797,0.089445659], [-1908.67,1932.67], 0.0, 1.0, 0.0, 0.0, [-576.72,320.40000000000003], 0.0","URLCharProb, NoOfLettersInURL, IsHTTPS, HasTitle, HasFavicon, Robots, NoOfiFrame, HasSocialNet",0.0,1.0,1.0,1,180.33333333333334,39933,39933,0.23529411764705882,0.0011324936902753725,3,3
"[1.0799999999999983,68.92], [0.0201486395,0.089445659], [-1117.02,1286.795], [0.44201999999999997,1.0834700000000002], [-561.08,565.08], [-0.10260000000000001,0.10260000000000001], [-0.023175000000000015,0.23219], 1.0, [-21.5,21.5], [-30.5,30.5], 0.0, 0.0, 0.0, [0.8890316598906236,10.682106423750714], [4.155490177269684,11.722114319039278], [-3.932358597221108,3.955435311304348], [-4.288690978366612,1.5792258245004538], [-0.5131347898135135,4.014241516283603]","DomainLength, URLCharProb, NoOfLettersInURL, LetterRatioInURL, NoOfDegitsInURL, DegitRatioInURL, SpacialCharRatioInURL, IsHTTPS, DomainTitleMatchScore, URLTitleMatchScore, HasDescription, HasSocialNet, HasCopyrightInfo, LineOfCode_log, LargestLineLength_log, NoOfCSS_log, NoOfSelfRef_log, NoOfExternalRef_log",0.0,1.0,1.0,1,210.0,39993,39935,0.5294117647058824,0.0013188004156626334,4,4
"[0.4575437125,0.5882704875], 0.0, [-2.411550516545927,6.226299946662685], [-4.288690978366612,2.037710741290908]","TLDLegitimateProb, Pay, NoOfImage_log, NoOfSelfRef_log",0.0,1.0,1.0,1,181.5919744,39993,39935,0.11764705882352941,0.0011036473468901803,11,11
"[-1435.4800000000002,1471.4800000000002], [0.15737999999999996,0.84262], [-593.245,593.245], [-173.65,145.70999999999998], 1.0, 1.0, [83.0,117.0], 1.0, 0.0, [1.6551306448147742,7.323041110608129], [-1.541173576065767,8.735654709207758]","NoOfLettersInURL, LetterRatioInURL, NoOfDegitsInURL, NoOfOtherSpecialCharsInURL, IsHTTPS, HasTitle, DomainTitleMatchScore, HasHiddenFields, Pay, NoOfSelfRef_log, NoOfExternalRef_log",1.0,1.0,1.0,1,191.0,39980,39945,0.3235294117647059,0.0011994803780550618,5,5
"[0.73,1.27], 1.0, 1.0, [78.5,121.5], [-263.8842454454971,514.64], [1.013682442763867,4.26443221646665], [-0.39755872405891,3.1701474462986914]","CharContinuationRate, NoOfSubDomain, IsHTTPS, DomainTitleMatchScore, NoOfiFrame, NoOfCSS_log, NoOfEmptyRef_log",1.0,1.0,1.0,1,154.4060966647434,39995,39945,0.20588235294117646,0.0009696705926776586,22,22
"[-1711.9850000000001,1765.9850000000001], [-156.16500000000002,278.1951030901971], [-0.057205000000000006,0.203385], [-16.5,35.0], [-30.5,30.5], 0.0, 0.0, 0.0, [-536.6700000000001,536.6700000000001], 0.0, 0.0, [-2.547138426613635,2.547138426613635]","NoOfLettersInURL, NoOfOtherSpecialCharsInURL, SpacialCharRatioInURL, DomainTitleMatchScore, URLTitleMatchScore, Robots, IsResponsive, HasDescription, NoOfiFrame, HasSocialNet, HasHiddenFields, NoOfSelfRef_log",0.0,1.0,1.0,1,199.4,39977,39949,0.35294117647058826,0.001243440391910483,6,6
"[-1328.66,1810.03], [-0.08721912118904873,1.3531554531539318], [-0.04642000000000002,0.30242], 0.0, 0.0, 0.0, [-1.162760260423762,4.550180916229388], [-1.2386706297996644,3.008200100942042]","NoOfLettersInURL, LetterRatioInURL, DegitRatioInURL, HasDescription, HasSocialNet, HasHiddenFields, LineOfCode_log, NoOfJS_log",0.0,1.0,1.0,1,194.4370304,39993,39949,0.23529411764705882,0.001204481068271191,11,11
"[0.0201486395,0.067901117], [-16.5,35.0], [-536.6700000000001,536.6700000000001], 0.0, [-2.3529563388931676,10.682106423750714], [-4.050230870053159,3.932358597221108], [-3.1854519378192867,3.1854519378192867]","URLCharProb, DomainTitleMatchScore, NoOfiFrame, HasCopyrightInfo, LineOfCode_log, NoOfCSS_log, NoOfEmptyRef_log",0.0,0.512908935546875,0.875,1,181.704,39993,39963,0.20588235294117646,0.0011045267481273522,7,8
"0.0, 1.0, [-28.000000000000004,28.000000000000004], 0.0, [2.3450023258973975,6.7201966604091155], [0.8890316598906236,4.550180916229388]","NoOfSubDomain, IsHTTPS, DomainTitleMatchScore, HasSocialNet, URLLength_log, LineOfCode_log",0.0,1.0,1.0,1,169.5,39966,39963,0.17647058823529413,0.0010644603354991256,2,2
"[-15.159999999999997,80.16], [-1908.67,1932.67], [-72.345,82.345], 1.0, 0.0, [-346.7788445923874,209.2566052125244], 1.0, [-2.335998087734144,3.0580338603065154]","DomainLength, NoOfLettersInURL, NoOfOtherSpecialCharsInURL, HasTitle, HasFavicon, NoOfiFrame, HasCopyrightInfo, NoOfEmptyRef_log",0.0,0.0,0.0,1,160.0944,39966,39966,0.23529411764705882,0.0009317513336715885,0,8
"[0.675,1.325], [0.012960594673685797,0.089445659], [-576.72,208.26000000000002], 0.0, 1.0, [-7.836267357787879,4.550180916229388], [-1.2386706297996644,1.2386706297996644], [-3.082784162788201,2.1587330940166307]","CharContinuationRate, URLCharProb, NoOfiFrame, HasSocialNet, HasSubmitButton, LineOfCode_log, NoOfJS_log, NoOfExternalRef_log",0.0,0.1,1.0,1,145.9984092108064,39966,39966,0.23529411764705882,0.0009168702988252128,0,0
"[0.037038199,0.08729310300000001], [0.23608999999999997,0.60465], 1.0, 1.0, [-2.395281261287323,4.277545900711594], [-0.6909504000509903,6.443249586077761], [3.8589328504135847,6.550945721067622], [-2.420943472742658,2.84567039778523]","URLCharProb, LetterRatioInURL, IsHTTPS, HasFavicon, NoOfImage_log, NoOfJS_log, NoOfSelfRef_log, NoOfEmptyRef_log",1.0,1.0,1.0,1,158.64000000000001,39997,39967,0.23529411764705882,0.0009962595140034294,6,6
"1.0, [-1487.3899999999999,1523.3899999999999], [-0.09918,0.23598000000000005], [-96.305,98.305], [-0.10796500000000003,0.09553500000000001], 1.0, 1.0, 0.0, 0.0, [4.645162333090265,12.049288346599742], [1.4973107796641787,13.237088941823018], [1.8543985209974485,8.619495375896841]","NoOfSubDomain, NoOfLettersInURL, DegitRatioInURL, NoOfOtherSpecialCharsInURL, SpacialCharRatioInURL, IsHTTPS, HasTitle, HasSocialNet, Pay, LineOfCode_log, NoOfSelfRef_log, NoOfExternalRef_log",1.0,1.0,1.0,1,151.0,39980,39970,0.35294117647058826,0.0009482802988812269,1,1
"[-22.22,44.739999999999995], 1.0, [-0.09918,0.23598000000000005], [-535.6700000000001,514.64], 0.0, 0.0, [-0.8548401418244607,5.5028890596539295], [1.4973107796641787,13.237088941823018], [1.8543985209974485,8.619495375896841]","DomainLength, NoOfSubDomain, DegitRatioInURL, NoOfiFrame, HasSocialNet, Pay, NoOfCSS_log, NoOfSelfRef_log, NoOfExternalRef_log",1.0,1.0,1.0,1,151.0,39980,39970,0.2647058823529412,0.0009482802988812269,1,1
"[1.0799999999999983,41.79], [0.012960594673685797,0.089445659], [-0.023175000000000015,0.16416000000000003], [-33.5,19.5], 0.0, 0.0, 0.0, [0.8890316598906236,4.550180916229388], [1.0705263733400652,5.9821946758922575], [-2.1457260568569807,1.638034313125535], [-4.288690978366612,1.375454750371363], [-3.082784162788201,4.014241516283603]","DomainLength, URLCharProb, SpacialCharRatioInURL, DomainTitleMatchScore, Robots, HasDescription, HasSocialNet, LineOfCode_log, LargestLineLength_log, NoOfImage_log, NoOfSelfRef_log, NoOfExternalRef_log",0.0,1.0,1.0,1,205.0,39977,39977,0.35294117647058826,0.0012090864304095518,1,1
"[-3.789999999999999,68.92], [0.44201999999999997,1.0834700000000002], [-0.07717500000000001,0.23219], [-34.0,0.6244666034304558], [-27.364896871389046,20.5], 0.0, 0.0, [-2.71001516243399,10.682106423750714], [-2.037710741290908,2.037710741290908], [-0.5131347898135135,3.8983752453311213]","DomainLength, LetterRatioInURL, SpacialCharRatioInURL, DomainTitleMatchScore, URLTitleMatchScore, HasDescription, HasSocialNet, LineOfCode_log, NoOfSelfRef_log, NoOfExternalRef_log",0.0,1.0,1.0,1,213.0,39993,39977,0.29411764705882354,0.0013878804374354379,2,2
"1.0, [0.15737999999999996,0.60465], 1.0, [78.5,117.0], 0.0, [6.180300686521298,10.657923183718385], [-1.4391259481050904,4.658001772973291], [-5.384375237532768,2.420943472742658], [1.8732927545424958,8.619495375896841]","NoOfSubDomain, LetterRatioInURL, IsHTTPS, DomainTitleMatchScore, Pay, LineOfCode_log, NoOfImage_log, NoOfEmptyRef_log, NoOfExternalRef_log",1.0,1.0,1.0,1,207.0,39980,39980,0.2647058823529412,0.001116979359683623,1,1
"[-3.030000000000001,44.739999999999995], [-1856.76,1880.76], [0.23608999999999997,0.63858], [-168.66000000000003,170.66000000000003], 1.0, [-253.32,259.32], 0.0, [3.801838172299711,11.102966730147566], [-1.9284252175874599,3.7572478764941755]","DomainLength, NoOfLettersInURL, LetterRatioInURL, NoOfOtherSpecialCharsInURL, HasDescription, NoOfiFrame, HasSocialNet, LargestLineLength_log, NoOfCSS_log",1.0,1.0,1.0,1,91.66666666666667,39980,39980,0.2647058823529412,0.000575666848106705,3,3
"[-0.092596543,0.08732282949999999], [0.039335087500000004,0.0994614905], [-0.017359999999999987,1.037085470601629], [-693.7950000000001,291.59499999999997], [-0.15048,0.15048], 1.0, 1.0, [33.66666667,99.66666667], 1.0, 1.0, 0.0, [1.4654821926312647,4.055419215745947], [3.748658053121733,8.509442366999357], [-1.6138365298097712,3.143438759223086], [1.3366648609668677,4.079435541237553], [1.3667126673688355,8.299671969071387], [2.5339244971307413,8.619495375896841]","TLDLegitimateProb, URLCharProb, LetterRatioInURL, NoOfDegitsInURL, DegitRatioInURL, IsHTTPS, HasTitle, URLTitleMatchScore, IsResponsive, HasSocialNet, HasSubmitButton, URLLength_log, LineOfCode_log, NoOfCSS_log, NoOfJS_log, NoOfSelfRef_log, NoOfExternalRef_log",1.0,0.1,1.0,1,161.6532878136051,39982,39982,0.5,0.0010151829674372081,0,0
"[-723.9599999999999,723.9599999999999], 1.0, 1.0, 1.0, 1.0, 0.0, 1.0, [2.5362545162627113,5.0507108834117], [0.9062392838145867,6.62772158459763], [-0.9462141818868666,2.678503370169185], [0.9926561133363743,13.237088941823018]","NoOfDegitsInURL, IsHTTPS, HasTitle, HasFavicon, IsResponsive, HasSubmitButton, HasHiddenFields, URLLength_log, NoOfImage_log, NoOfCSS_log, NoOfSelfRef_log",1.0,1.0,1.0,1,132.0,39982,39982,0.3235294117647059,0.0008289602612736553,1,1
"[-33.5,35.0], [-30.5,20.5], 0.0, 0.0, [-6.553118371851593,4.8615066617032685], [-2.1457260568569807,1.638034313125535], [-5.925585524048861,1.5792258245004538], [-3.1854519378192867,3.1854519378192867]","DomainTitleMatchScore, URLTitleMatchScore, HasFavicon, HasSocialNet, LineOfCode_log, NoOfImage_log, NoOfSelfRef_log, NoOfEmptyRef_log",0.0,1.0,1.0,1,205.0,39993,39993,0.23529411764705882,0.0012746980140973033,1,1
"[-40.88387927227646,80.69], [0.012960594673685797,0.089445659], 1.0, [-30.5,32.636942675], 0.0, [-576.72,576.72], 0.0, [3.01070477241035,4.7729358238109025], [-2.71001516243399,4.550180916229388], [-2.7870089170492442,3.008200100942042], [-1.2416527940438218,4.014241516283603]","DomainLength, URLCharProb, NoOfSubDomain, URLTitleMatchScore, HasDescription, NoOfiFrame, HasSocialNet, URLLength_log, LineOfCode_log, NoOfJS_log, NoOfExternalRef_log",0.0,0.1,1.0,1,202.90790914804205,39993,39993,0.3235294117647059,0.0012742620710746366,0,0
"[-0.017359999999999987,0.60465], [-0.23598000000000005,0.23598000000000005], [-0.03740000000000001,0.12140000000000001], 1.0, 1.0, [-0.9462141818868666,3.143438759223086], [1.3366648609668677,4.079435541237553]","LetterRatioInURL, DegitRatioInURL, SpacialCharRatioInURL, HasTitle, HasSocialNet, NoOfCSS_log, NoOfJS_log",1.0,1.0,1.0,1,162.5,39997,39995,0.20588235294117646,0.0007410402335628131,2,2
"[-21.75,57.75], [-0.017359999999999987,0.7639100000000001], [-0.23598000000000005,0.14310035095410506], [-0.03740000000000001,0.12140000000000001], 1.0, [1.8232874343984244,5.570884523123128], [-1.086336568441278,8.735654709207758]","DomainLength, LetterRatioInURL, DegitRatioInURL, SpacialCharRatioInURL, HasSocialNet, NoOfImage_log, NoOfExternalRef_log",1.0,1.0,1.0,1,207.0,39997,39997,0.20588235294117646,0.0009591536010450238,1,1
"[0.23608999999999997,0.60465], [-0.14446905303960045,0.23598000000000005], 1.0, 1.0, [-0.9462141818868666,3.143438759223086], [1.3366648609668677,4.079435541237553]","LetterRatioInURL, DegitRatioInURL, IsHTTPS, HasTitle, NoOfCSS_log, NoOfJS_log",1.0,1.0,1.0,1,207.0,39997,39997,0.17647058823529413,0.0007410402335628131,1,1
